#Gjølja, 134.1.0, Vannstand, dogn
Tidspunkt;Vannstand (m);Korrigert;Kontrollert
1950-07-10 11:00:00Z;-0,1;0;3
1950-07-11 11:00:00Z;-0,14;2;3
1950-07-12 11:00:00Z;-0,18;2;3
1950-07-13 11:00:00Z;-0,22;2;3
1950-07-14 11:00:00Z;-0,26;1;3
1950-07-15 11:00:00Z;-0,31;2;3
1950-07-16 11:00:00Z;-0,36;2;3
1950-07-17 11:00:00Z;-0,41;2;3
1950-07-18 11:00:00Z;-0,46;2;3
1950-07-19 11:00:00Z;-0,51;2;3
1950-07-20 11:00:00Z;-0,56;1;3
1950-07-21 11:00:00Z;-0,59;2;3
1950-07-22 11:00:00Z;-0,63;2;3
1950-07-23 11:00:00Z;-0,66;2;3
1950-07-24 11:00:00Z;-0,69;2;3
1950-07-25 11:00:00Z;-0,72;2;3
1950-07-26 11:00:00Z;-0,76;2;3
1950-07-27 11:00:00Z;-0,79;2;3
1950-07-28 11:00:00Z;-0,82;2;3
1950-07-29 11:00:00Z;-0,85;2;3
1950-07-30 11:00:00Z;-0,89;2;3
1950-07-31 11:00:00Z;-0,92;1;3
1950-08-01 11:00:00Z;-0,97;2;3
1950-08-02 11:00:00Z;-1,03;2;3
1950-08-03 11:00:00Z;-1,08;2;3
1950-08-04 11:00:00Z;-1,13;2;3
1950-08-05 11:00:00Z;-1,19;2;3
1950-08-06 11:00:00Z;-1,24;2;3
1950-08-07 11:00:00Z;-1,29;2;3
1950-08-08 11:00:00Z;-1,34;2;3
1950-08-09 11:00:00Z;-1,4;2;3
1950-08-10 11:00:00Z;-1,45;0;3
1950-08-11 11:00:00Z;-1,46;2;3
1950-08-12 11:00:00Z;-1,48;2;3
1950-08-13 11:00:00Z;-1,49;2;3
1950-08-14 11:00:00Z;-1,51;2;3
1950-08-15 11:00:00Z;-1,52;2;3
1950-08-16 11:00:00Z;-1,54;2;3
1950-08-17 11:00:00Z;-1,55;0;3
1950-08-18 11:00:00Z;-1,57;2;3
1950-08-19 11:00:00Z;-1,6;2;3
1950-08-20 11:00:00Z;-1,62;0;3
1950-08-21 11:00:00Z;-1,68;2;3
1950-08-22 11:00:00Z;-1,74;2;3
1950-08-23 11:00:00Z;-1,8;2;3
1950-08-24 11:00:00Z;-1,86;2;3
1950-08-25 11:00:00Z;-1,92;0;3
1950-08-26 11:00:00Z;-1,97;2;3
1950-08-27 11:00:00Z;-2,02;2;3
1950-08-28 11:00:00Z;-2,08;2;3
1950-08-29 11:00:00Z;-2,13;2;3
1950-08-30 11:00:00Z;-2,18;2;3
1950-08-31 11:00:00Z;-2,23;0;3
1950-09-01 11:00:00Z;-2,26;2;3
1950-09-02 11:00:00Z;-2,3;2;3
1950-09-03 11:00:00Z;-2,33;2;3
1950-09-04 11:00:00Z;-2,36;2;3
1950-09-05 11:00:00Z;-2,39;2;3
1950-09-06 11:00:00Z;-2,43;2;3
1950-09-07 11:00:00Z;-2,46;2;3
1950-09-08 11:00:00Z;-2,49;2;3
1950-09-09 11:00:00Z;-2,53;2;3
1950-09-10 11:00:00Z;-2,56;0;3
1950-09-11 11:00:00Z;-2,54;2;3
1950-09-12 11:00:00Z;-2,53;2;3
1950-09-13 11:00:00Z;-2,51;2;3
1950-09-14 11:00:00Z;-2,5;2;3
1950-09-15 11:00:00Z;-2,48;0;3
1950-09-16 11:00:00Z;-2,46;2;3
1950-09-17 11:00:00Z;-2,45;2;3
1950-09-18 11:00:00Z;-2,43;2;3
1950-09-19 11:00:00Z;-2,42;2;3
1950-09-20 11:00:00Z;-2,4;0;3
1950-09-21 11:00:00Z;-2,41;2;3
1950-09-22 11:00:00Z;-2,42;2;3
1950-09-23 11:00:00Z;-2,44;2;3
1950-09-24 11:00:00Z;-2,45;2;3
1950-09-25 11:00:00Z;-2,46;0;3
1950-09-26 11:00:00Z;-2,27;2;3
1950-09-27 11:00:00Z;-2,08;2;3
1950-09-28 11:00:00Z;-1,89;2;3
1950-09-29 11:00:00Z;-1,7;2;3
1950-09-30 11:00:00Z;-1,51;0;3
1950-10-01 11:00:00Z;-1,5;2;3
1950-10-02 11:00:00Z;-1,49;2;3
1950-10-03 11:00:00Z;-1,47;2;3
1950-10-04 11:00:00Z;-1,46;2;3
1950-10-05 11:00:00Z;-1,45;2;3
1950-10-06 11:00:00Z;-1,44;2;3
1950-10-07 11:00:00Z;-1,43;2;3
1950-10-08 11:00:00Z;-1,41;2;3
1950-10-09 11:00:00Z;-1,4;2;3
1950-10-10 11:00:00Z;-1,39;0;3
1950-10-11 11:00:00Z;-1,36;2;3
1950-10-12 11:00:00Z;-1,34;2;3
1950-10-13 11:00:00Z;-1,31;2;3
1950-10-14 11:00:00Z;-1,28;2;3
1950-10-15 11:00:00Z;-1,26;2;3
1950-10-16 11:00:00Z;-1,23;0;3
1950-10-17 11:00:00Z;-1,2;2;3
1950-10-18 11:00:00Z;-1,16;2;3
1950-10-19 11:00:00Z;-1,13;2;3
1950-10-20 11:00:00Z;-1,1;0;3
1950-10-21 11:00:00Z;-1,06;2;3
1950-10-22 11:00:00Z;-1,02;2;3
1950-10-23 11:00:00Z;-0,98;2;3
1950-10-24 11:00:00Z;-0,94;2;3
1950-10-25 11:00:00Z;-0,9;0;3
1950-10-26 11:00:00Z;-0,95;2;3
1950-10-27 11:00:00Z;-0,99;2;3
1950-10-28 11:00:00Z;-1,04;2;3
1950-10-29 11:00:00Z;-1,09;2;3
1950-10-30 11:00:00Z;-1,13;2;3
1950-10-31 11:00:00Z;-1,18;0;3
1950-11-01 11:00:00Z;-1,25;2;3
1950-11-02 11:00:00Z;-1,32;2;3
1950-11-03 11:00:00Z;-1,39;2;3
1950-11-04 11:00:00Z;-1,46;0;3
1950-11-05 11:00:00Z;-1,55;2;3
1950-11-06 11:00:00Z;-1,63;2;3
1950-11-07 11:00:00Z;-1,72;2;3
1950-11-08 11:00:00Z;-1,8;2;3
1950-11-09 11:00:00Z;-1,88;2;3
1950-11-10 11:00:00Z;-1,97;0;3
1950-11-11 11:00:00Z;-2,01;2;3
1950-11-12 11:00:00Z;-2,04;2;3
1950-11-13 11:00:00Z;-2,08;2;3
1950-11-14 11:00:00Z;-2,11;2;3
1950-11-15 11:00:00Z;-2,14;2;3
1950-11-16 11:00:00Z;-2,18;2;3
1950-11-17 11:00:00Z;-2,21;2;3
1950-11-18 11:00:00Z;-2,25;2;3
1950-11-19 11:00:00Z;-2,28;2;3
1950-11-20 11:00:00Z;-2,32;0;3
1950-11-21 11:00:00Z;-2,31;2;3
1950-11-22 11:00:00Z;-2,31;2;3
1950-11-23 11:00:00Z;-2,3;2;3
1950-11-24 11:00:00Z;-2,3;2;3
1950-11-25 11:00:00Z;-2,29;2;3
1950-11-26 11:00:00Z;-2,28;2;3
1950-11-27 11:00:00Z;-2,28;2;3
1950-11-28 11:00:00Z;-2,27;2;3
1950-11-29 11:00:00Z;-2,27;2;3
1950-11-30 11:00:00Z;-2,26;0;3
1950-12-01 11:00:00Z;-2,31;2;3
1950-12-02 11:00:00Z;-2,36;0;3
1950-12-03 11:00:00Z;-2,42;2;3
1950-12-04 11:00:00Z;-2,49;2;3
1950-12-05 11:00:00Z;-2,55;2;3
1950-12-06 11:00:00Z;-2,61;2;3
1950-12-07 11:00:00Z;-2,68;2;3
1950-12-08 11:00:00Z;-2,74;2;3
1950-12-09 11:00:00Z;-2,81;2;3
1950-12-10 11:00:00Z;-2,87;0;3
1950-12-11 11:00:00Z;-2,9;2;3
1950-12-12 11:00:00Z;-2,93;2;3
1950-12-13 11:00:00Z;-2,96;2;3
1950-12-14 11:00:00Z;-2,99;2;3
1950-12-15 11:00:00Z;-3,03;2;3
1950-12-16 11:00:00Z;-3,06;2;3
1950-12-17 11:00:00Z;-3,09;2;3
1950-12-18 11:00:00Z;-3,12;2;3
1950-12-19 11:00:00Z;-3,15;2;3
1950-12-20 11:00:00Z;-3,18;0;3
1950-12-21 11:00:00Z;-3,2;2;3
1950-12-22 11:00:00Z;-3,22;2;3
1950-12-23 11:00:00Z;-3,23;2;3
1950-12-24 11:00:00Z;-3,25;2;3
1950-12-25 11:00:00Z;-3,27;2;3
1950-12-26 11:00:00Z;-3,29;2;3
1950-12-27 11:00:00Z;-3,31;2;3
1950-12-28 11:00:00Z;-3,33;2;3
1950-12-29 11:00:00Z;-3,34;2;3
1950-12-30 11:00:00Z;-3,36;2;3
1950-12-31 11:00:00Z;-3,38;0;3
1951-01-01 11:00:00Z;-3,38;2;3
1951-01-02 11:00:00Z;-3,39;2;3
1951-01-03 11:00:00Z;-3,39;2;3
1951-01-04 11:00:00Z;-3,4;2;3
1951-01-05 11:00:00Z;-3,4;2;3
1951-01-06 11:00:00Z;-3,4;2;3
1951-01-07 11:00:00Z;-3,41;2;3
1951-01-08 11:00:00Z;-3,41;2;3
1951-01-09 11:00:00Z;-3,42;2;3
1951-01-10 11:00:00Z;-3,42;0;3
1951-01-11 11:00:00Z;-3,42;2;3
1951-01-12 11:00:00Z;-3,42;2;3
1951-01-13 11:00:00Z;-3,43;2;3
1951-01-14 11:00:00Z;-3,43;2;3
1951-01-15 11:00:00Z;-3,43;2;3
1951-01-16 11:00:00Z;-3,43;2;3
1951-01-17 11:00:00Z;-3,43;2;3
1951-01-18 11:00:00Z;-3,44;2;3
1951-01-19 11:00:00Z;-3,44;2;3
1951-01-20 11:00:00Z;-3,44;0;3
1951-01-21 11:00:00Z;-3,44;2;3
1951-01-22 11:00:00Z;-3,45;2;3
1951-01-23 11:00:00Z;-3,45;2;3
1951-01-24 11:00:00Z;-3,45;2;3
1951-01-25 11:00:00Z;-3,46;2;3
1951-01-26 11:00:00Z;-3,46;2;3
1951-01-27 11:00:00Z;-3,47;2;3
1951-01-28 11:00:00Z;-3,47;2;3
1951-01-29 11:00:00Z;-3,47;2;3
1951-01-30 11:00:00Z;-3,48;2;3
1951-01-31 11:00:00Z;-3,48;1;3
1951-02-01 11:00:00Z;-3,48;2;3
1951-02-02 11:00:00Z;-3,48;2;3
1951-02-03 11:00:00Z;-3,49;2;3
1951-02-04 11:00:00Z;-3,49;2;3
1951-02-05 11:00:00Z;-3,49;2;3
1951-02-06 11:00:00Z;-3,49;2;3
1951-02-07 11:00:00Z;-3,49;2;3
1951-02-08 11:00:00Z;-3,5;2;3
1951-02-09 11:00:00Z;-3,5;2;3
1951-02-10 11:00:00Z;-3,5;0;3
1951-02-11 11:00:00Z;-3,5;2;3
1951-02-12 11:00:00Z;-3,5;2;3
1951-02-13 11:00:00Z;-3,5;2;3
1951-02-14 11:00:00Z;-3,5;2;3
1951-02-15 11:00:00Z;-3,5;2;3
1951-02-16 11:00:00Z;-3,5;2;3
1951-02-17 11:00:00Z;-3,5;2;3
1951-02-18 11:00:00Z;-3,5;2;3
1951-02-19 11:00:00Z;-3,5;2;3
1951-02-20 11:00:00Z;-3,5;0;3
1951-02-21 11:00:00Z;-3,5;2;3
1951-02-22 11:00:00Z;-3,5;2;3
1951-02-23 11:00:00Z;-3,5;2;3
1951-02-24 11:00:00Z;-3,5;2;3
1951-02-25 11:00:00Z;-3,5;2;3
1951-02-26 11:00:00Z;-3,5;2;3
1951-02-27 11:00:00Z;-3,5;2;3
1951-02-28 11:00:00Z;-3,5;0;3
1951-03-01 11:00:00Z;-3,47;2;3
1951-03-02 11:00:00Z;-3,43;2;3
1951-03-03 11:00:00Z;-3,4;2;3
1951-03-04 11:00:00Z;-3,36;2;3
1951-03-05 11:00:00Z;-3,33;2;3
1951-03-06 11:00:00Z;-3,3;2;3
1951-03-07 11:00:00Z;-3,26;2;3
1951-03-08 11:00:00Z;-3,23;2;3
1951-03-09 11:00:00Z;-3,19;2;3
1951-03-10 11:00:00Z;-3,16;0;3
1951-03-11 11:00:00Z;-3,17;2;3
1951-03-12 11:00:00Z;-3,18;2;3
1951-03-13 11:00:00Z;-3,19;2;3
1951-03-14 11:00:00Z;-3,2;2;3
1951-03-15 11:00:00Z;-3,2;2;3
1951-03-16 11:00:00Z;-3,21;2;3
1951-03-17 11:00:00Z;-3,22;2;3
1951-03-18 11:00:00Z;-3,23;2;3
1951-03-19 11:00:00Z;-3,24;2;3
1951-03-20 11:00:00Z;-3,25;0;3
1951-03-21 11:00:00Z;-3,24;2;3
1951-03-22 11:00:00Z;-3,23;2;3
1951-03-23 11:00:00Z;-3,22;2;3
1951-03-24 11:00:00Z;-3,21;2;3
1951-03-25 11:00:00Z;-3,2;2;3
1951-03-26 11:00:00Z;-3,19;2;3
1951-03-27 11:00:00Z;-3,18;2;3
1951-03-28 11:00:00Z;-3,17;2;3
1951-03-29 11:00:00Z;-3,16;2;3
1951-03-30 11:00:00Z;-3,15;2;3
1951-03-31 11:00:00Z;-3,14;0;3
1951-04-01 11:00:00Z;-3,14;2;3
1951-04-02 11:00:00Z;-3,14;2;3
1951-04-03 11:00:00Z;-3,13;2;3
1951-04-04 11:00:00Z;-3,13;2;3
1951-04-05 11:00:00Z;-3,13;2;3
1951-04-06 11:00:00Z;-3,13;2;3
1951-04-07 11:00:00Z;-3,13;2;3
1951-04-08 11:00:00Z;-3,12;2;3
1951-04-09 11:00:00Z;-3,12;2;3
1951-04-10 11:00:00Z;-3,12;0;3
1951-04-11 11:00:00Z;-3,11;2;3
1951-04-12 11:00:00Z;-3,1;2;3
1951-04-13 11:00:00Z;-3,09;2;3
1951-04-14 11:00:00Z;-3,08;2;3
1951-04-15 11:00:00Z;-3,07;2;3
1951-04-16 11:00:00Z;-3,06;2;3
1951-04-17 11:00:00Z;-3,05;2;3
1951-04-18 11:00:00Z;-3,04;2;3
1951-04-19 11:00:00Z;-3,03;2;3
1951-04-20 11:00:00Z;-3,02;0;3
1951-04-21 11:00:00Z;-2,99;2;3
1951-04-22 11:00:00Z;-2,95;2;3
1951-04-23 11:00:00Z;-2,92;2;3
1951-04-24 11:00:00Z;-2,88;2;3
1951-04-25 11:00:00Z;-2,85;0;3
1951-04-26 11:00:00Z;-2,72;2;3
1951-04-27 11:00:00Z;-2,58;2;3
1951-04-28 11:00:00Z;-2,45;0;3
1951-04-29 11:00:00Z;-2,44;2;3
1951-04-30 11:00:00Z;-2,43;0;3
1951-05-01 11:00:00Z;-2,44;2;3
1951-05-02 11:00:00Z;-2,45;2;3
1951-05-03 11:00:00Z;-2,47;2;3
1951-05-04 11:00:00Z;-2,48;0;3
1951-05-05 11:00:00Z;-2,43;2;3
1951-05-06 11:00:00Z;-2,39;2;3
1951-05-07 11:00:00Z;-2,34;2;3
1951-05-08 11:00:00Z;-2,29;2;3
1951-05-09 11:00:00Z;-2,25;2;3
1951-05-10 11:00:00Z;-2,2;0;3
1951-05-11 11:00:00Z;-2,03;2;3
1951-05-12 11:00:00Z;-1,85;0;3
1951-05-13 11:00:00Z;-1,8;2;3
1951-05-14 11:00:00Z;-1,75;2;3
1951-05-15 11:00:00Z;-1,7;0;3
1951-05-16 11:00:00Z;-1,55;2;3
1951-05-17 11:00:00Z;-1,4;0;3
1951-05-18 11:00:00Z;-1,39;2;3
1951-05-19 11:00:00Z;-1,38;2;3
1951-05-20 11:00:00Z;-1,37;0;3
1951-05-21 11:00:00Z;-1,39;2;3
1951-05-22 11:00:00Z;-1,41;2;3
1951-05-23 11:00:00Z;-1,43;2;3
1951-05-24 11:00:00Z;-1,45;2;3
1951-05-25 11:00:00Z;-1,47;0;3
1951-05-26 11:00:00Z;-1,5;2;3
1951-05-27 11:00:00Z;-1,52;2;3
1951-05-28 11:00:00Z;-1,55;2;3
1951-05-29 11:00:00Z;-1,57;2;3
1951-05-30 11:00:00Z;-1,6;2;3
1951-05-31 11:00:00Z;-1,62;0;3
1951-06-01 11:00:00Z;-1,64;2;3
1951-06-02 11:00:00Z;-1,66;2;3
1951-06-03 11:00:00Z;-1,68;2;3
1951-06-04 11:00:00Z;-1,71;2;3
1951-06-05 11:00:00Z;-1,73;2;3
1951-06-06 11:00:00Z;-1,75;2;3
1951-06-07 11:00:00Z;-1,77;0;3
1951-06-08 11:00:00Z;-1,83;2;3
1951-06-09 11:00:00Z;-1,88;2;3
1951-06-10 11:00:00Z;-1,93;2;3
1951-06-11 11:00:00Z;-1,99;0;3
1951-06-12 11:00:00Z;-2,03;2;3
1951-06-13 11:00:00Z;-2,08;2;3
1951-06-14 11:00:00Z;-2,12;2;3
1951-06-15 11:00:00Z;-2,16;2;3
1951-06-16 11:00:00Z;-2,21;2;3
1951-06-17 11:00:00Z;-2,25;2;3
1951-06-18 11:00:00Z;-2,29;2;3
1951-06-19 11:00:00Z;-2,34;2;3
1951-06-20 11:00:00Z;-2,38;0;3
1951-06-21 11:00:00Z;-2,39;2;3
1951-06-22 11:00:00Z;-2,39;2;3
1951-06-23 11:00:00Z;-2,39;2;3
1951-06-24 11:00:00Z;-2,4;2;3
1951-06-25 11:00:00Z;-2,41;2;3
1951-06-26 11:00:00Z;-2,41;2;3
1951-06-27 11:00:00Z;-2,41;2;3
1951-06-28 11:00:00Z;-2,42;2;3
1951-06-29 11:00:00Z;-2,43;2;3
1951-06-30 11:00:00Z;-2,43;0;3
1951-07-01 11:00:00Z;-2,42;2;3
1951-07-02 11:00:00Z;-2,4;2;3
1951-07-03 11:00:00Z;-2,39;2;3
1951-07-04 11:00:00Z;-2,37;2;3
1951-07-05 11:00:00Z;-2,36;2;3
1951-07-06 11:00:00Z;-2,35;2;3
1951-07-07 11:00:00Z;-2,33;2;3
1951-07-08 11:00:00Z;-2,32;2;3
1951-07-09 11:00:00Z;-2,3;2;3
1951-07-10 11:00:00Z;-2,29;0;3
1951-07-11 11:00:00Z;-2,29;2;3
1951-07-12 11:00:00Z;-2,29;2;3
1951-07-13 11:00:00Z;-2,29;2;3
1951-07-14 11:00:00Z;-2,29;2;3
1951-07-15 11:00:00Z;-2,3;2;3
1951-07-16 11:00:00Z;-2,3;2;3
1951-07-17 11:00:00Z;-2,3;2;3
1951-07-18 11:00:00Z;-2,3;2;3
1951-07-19 11:00:00Z;-2,3;2;3
1951-07-20 11:00:00Z;-2,3;0;3
1951-07-21 11:00:00Z;-2,34;2;3
1951-07-22 11:00:00Z;-2,38;2;3
1951-07-23 11:00:00Z;-2,42;2;3
1951-07-24 11:00:00Z;-2,46;2;3
1951-07-25 11:00:00Z;-2,5;2;3
1951-07-26 11:00:00Z;-2,53;2;3
1951-07-27 11:00:00Z;-2,57;2;3
1951-07-28 11:00:00Z;-2,61;2;3
1951-07-29 11:00:00Z;-2,65;2;3
1951-07-30 11:00:00Z;-2,69;2;3
1951-07-31 11:00:00Z;-2,73;0;3
1951-08-01 11:00:00Z;-2,79;2;3
1951-08-02 11:00:00Z;-2,84;2;3
1951-08-03 11:00:00Z;-2,89;2;3
1951-08-04 11:00:00Z;-2,95;2;3
1951-08-05 11:00:00Z;-3,01;2;3
1951-08-06 11:00:00Z;-3,06;2;3
1951-08-07 11:00:00Z;-3,12;2;3
1951-08-08 11:00:00Z;-3,17;2;3
1951-08-09 11:00:00Z;-3,22;2;3
1951-08-10 11:00:00Z;-3,28;0;3
1951-08-11 11:00:00Z;-3,28;2;3
1951-08-12 11:00:00Z;-3,28;2;3
1951-08-13 11:00:00Z;-3,27;2;3
1951-08-14 11:00:00Z;-3,27;2;3
1951-08-15 11:00:00Z;-3,27;2;3
1951-08-16 11:00:00Z;-3,27;2;3
1951-08-17 11:00:00Z;-3,27;2;3
1951-08-18 11:00:00Z;-3,26;2;3
1951-08-19 11:00:00Z;-3,26;2;3
1951-08-20 11:00:00Z;-3,26;0;3
1951-08-21 11:00:00Z;-3,26;2;3
1951-08-22 11:00:00Z;-3,27;2;3
1951-08-23 11:00:00Z;-3,27;2;3
1951-08-24 11:00:00Z;-3,27;2;3
1951-08-25 11:00:00Z;-3,28;2;3
1951-08-26 11:00:00Z;-3,28;2;3
1951-08-27 11:00:00Z;-3,29;2;3
1951-08-28 11:00:00Z;-3,29;2;3
1951-08-29 11:00:00Z;-3,29;2;3
1951-08-30 11:00:00Z;-3,3;2;3
1951-08-31 11:00:00Z;-3,3;0;3
1951-09-01 11:00:00Z;-3,29;2;3
1951-09-02 11:00:00Z;-3,28;2;3
1951-09-03 11:00:00Z;-3,26;2;3
1951-09-04 11:00:00Z;-3,25;2;3
1951-09-05 11:00:00Z;-3,24;2;3
1951-09-06 11:00:00Z;-3,23;2;3
1951-09-07 11:00:00Z;-3,22;2;3
1951-09-08 11:00:00Z;-3,2;2;3
1951-09-09 11:00:00Z;-3,19;2;3
1951-09-10 11:00:00Z;-3,18;0;3
1951-09-11 11:00:00Z;-3,14;2;3
1951-09-12 11:00:00Z;-3,1;2;3
1951-09-13 11:00:00Z;-3,06;2;3
1951-09-14 11:00:00Z;-3,02;2;3
1951-09-15 11:00:00Z;-2,98;2;3
1951-09-16 11:00:00Z;-2,94;2;3
1951-09-17 11:00:00Z;-2,9;2;3
1951-09-18 11:00:00Z;-2,86;2;3
1951-09-19 11:00:00Z;-2,82;2;3
1951-09-20 11:00:00Z;-2,78;0;3
1951-09-21 11:00:00Z;-2,8;2;3
1951-09-22 11:00:00Z;-2,83;2;3
1951-09-23 11:00:00Z;-2,85;2;3
1951-09-24 11:00:00Z;-2,88;2;3
1951-09-25 11:00:00Z;-2,9;2;3
1951-09-26 11:00:00Z;-2,92;2;3
1951-09-27 11:00:00Z;-2,95;2;3
1951-09-28 11:00:00Z;-2,97;2;3
1951-09-29 11:00:00Z;-3;2;3
1951-09-30 11:00:00Z;-3,02;0;3
1951-10-01 11:00:00Z;-3,04;2;3
1951-10-02 11:00:00Z;-3,07;2;3
1951-10-03 11:00:00Z;-3,09;2;3
1951-10-04 11:00:00Z;-3,11;2;3
1951-10-05 11:00:00Z;-3,13;2;3
1951-10-06 11:00:00Z;-3,16;2;3
1951-10-07 11:00:00Z;-3,18;2;3
1951-10-08 11:00:00Z;-3,2;2;3
1951-10-09 11:00:00Z;-3,23;2;3
1951-10-10 11:00:00Z;-3,25;0;3
1951-10-11 11:00:00Z;-3,24;2;3
1951-10-12 11:00:00Z;-3,24;2;3
1951-10-13 11:00:00Z;-3,24;2;3
1951-10-14 11:00:00Z;-3,23;2;3
1951-10-15 11:00:00Z;-3,22;2;3
1951-10-16 11:00:00Z;-3,22;2;3
1951-10-17 11:00:00Z;-3,22;2;3
1951-10-18 11:00:00Z;-3,21;2;3
1951-10-19 11:00:00Z;-3,2;2;3
1951-10-20 11:00:00Z;-3,2;0;3
1951-10-21 11:00:00Z;-3,19;2;3
1951-10-22 11:00:00Z;-3,18;2;3
1951-10-23 11:00:00Z;-3,17;2;3
1951-10-24 11:00:00Z;-3,16;2;3
1951-10-25 11:00:00Z;-3,15;2;3
1951-10-26 11:00:00Z;-3,15;2;3
1951-10-27 11:00:00Z;-3,14;2;3
1951-10-28 11:00:00Z;-3,13;2;3
1951-10-29 11:00:00Z;-3,12;2;3
1951-10-30 11:00:00Z;-3,11;2;3
1951-10-31 11:00:00Z;-3,1;0;3
1951-11-01 11:00:00Z;-3,11;2;3
1951-11-02 11:00:00Z;-3,12;2;3
1951-11-03 11:00:00Z;-3,12;2;3
1951-11-04 11:00:00Z;-3,13;2;3
1951-11-05 11:00:00Z;-3,14;2;3
1951-11-06 11:00:00Z;-3,15;2;3
1951-11-07 11:00:00Z;-3,16;2;3
1951-11-08 11:00:00Z;-3,16;2;3
1951-11-09 11:00:00Z;-3,17;2;3
1951-11-10 11:00:00Z;-3,18;0;3
1951-11-11 11:00:00Z;-3,19;2;3
1951-11-12 11:00:00Z;-3,2;2;3
1951-11-13 11:00:00Z;-3,2;2;3
1951-11-14 11:00:00Z;-3,21;2;3
1951-11-15 11:00:00Z;-3,22;2;3
1951-11-16 11:00:00Z;-3,23;2;3
1951-11-17 11:00:00Z;-3,24;2;3
1951-11-18 11:00:00Z;-3,24;2;3
1951-11-19 11:00:00Z;-3,25;2;3
1951-11-20 11:00:00Z;-3,26;0;3
1951-11-21 11:00:00Z;-3,22;2;3
1951-11-22 11:00:00Z;-3,18;2;3
1951-11-23 11:00:00Z;-3,13;2;3
1951-11-24 11:00:00Z;-3,09;2;3
1951-11-25 11:00:00Z;-3,05;2;3
1951-11-26 11:00:00Z;-3,01;2;3
1951-11-27 11:00:00Z;-2,97;2;3
1951-11-28 11:00:00Z;-2,92;2;3
1951-11-29 11:00:00Z;-2,88;2;3
1951-11-30 11:00:00Z;-2,84;0;3
1951-12-01 11:00:00Z;-2,81;2;3
1951-12-02 11:00:00Z;-2,79;2;3
1951-12-03 11:00:00Z;-2,76;0;3
1951-12-04 11:00:00Z;-2,7;2;3
1951-12-05 11:00:00Z;-2,64;2;3
1951-12-06 11:00:00Z;-2,58;2;3
1951-12-07 11:00:00Z;-2,52;0;3
1951-12-08 11:00:00Z;-2,51;2;3
1951-12-09 11:00:00Z;-2,5;2;3
1951-12-10 11:00:00Z;-2,49;2;3
1951-12-11 11:00:00Z;-2,48;0;3
1951-12-12 11:00:00Z;-2,23;2;3
1951-12-13 11:00:00Z;-1,98;0;3
1951-12-14 11:00:00Z;-1,44;2;3
1951-12-15 11:00:00Z;-0,9;2;3
1951-12-16 11:00:00Z;-0,37;2;3
1951-12-17 11:00:00Z;0,17;0;3
1951-12-18 11:00:00Z;0,18;2;3
1951-12-19 11:00:00Z;0,19;0;3
1951-12-20 11:00:00Z;0,18;2;3
1951-12-21 11:00:00Z;0,17;2;3
1951-12-22 11:00:00Z;0,16;2;3
1951-12-23 11:00:00Z;0,15;2;3
1951-12-24 11:00:00Z;0,14;2;3
1951-12-25 11:00:00Z;0,12;2;3
1951-12-26 11:00:00Z;0,11;2;3
1951-12-27 11:00:00Z;0,1;2;3
1951-12-28 11:00:00Z;0,09;2;3
1951-12-29 11:00:00Z;0,08;2;3
1951-12-30 11:00:00Z;0,07;2;3
1951-12-31 11:00:00Z;0,06;0;3
1952-01-01 11:00:00Z;0,06;2;3
1952-01-02 11:00:00Z;0,07;2;3
1952-01-03 11:00:00Z;0,07;2;3
1952-01-04 11:00:00Z;0,08;2;3
1952-01-05 11:00:00Z;0,08;2;3
1952-01-06 11:00:00Z;0,08;2;3
1952-01-07 11:00:00Z;0,09;2;3
1952-01-08 11:00:00Z;0,09;2;3
1952-01-09 11:00:00Z;0,1;2;3
1952-01-10 11:00:00Z;0,1;0;3
1952-01-11 11:00:00Z;0,1;2;3
1952-01-12 11:00:00Z;0,09;2;3
1952-01-13 11:00:00Z;0,09;2;3
1952-01-14 11:00:00Z;0,08;2;3
1952-01-15 11:00:00Z;0,08;2;3
1952-01-16 11:00:00Z;0,08;2;3
1952-01-17 11:00:00Z;0,07;2;3
1952-01-18 11:00:00Z;0,07;2;3
1952-01-19 11:00:00Z;0,06;2;3
1952-01-20 11:00:00Z;0,06;0;3
1952-01-21 11:00:00Z;0,03;2;3
1952-01-22 11:00:00Z;-0,01;2;3
1952-01-23 11:00:00Z;-0,04;2;3
1952-01-24 11:00:00Z;-0,08;2;3
1952-01-25 11:00:00Z;-0,11;2;3
1952-01-26 11:00:00Z;-0,15;2;3
1952-01-27 11:00:00Z;-0,18;0;3
1952-01-28 11:00:00Z;-0,24;2;3
1952-01-29 11:00:00Z;-0,29;2;3
1952-01-30 11:00:00Z;-0,34;2;3
1952-01-31 11:00:00Z;-0,4;0;3
1952-02-01 11:00:00Z;-0,48;2;3
1952-02-02 11:00:00Z;-0,55;2;3
1952-02-03 11:00:00Z;-0,63;2;3
1952-02-04 11:00:00Z;-0,7;2;3
1952-02-05 11:00:00Z;-0,78;0;3
1952-02-06 11:00:00Z;-0,85;2;3
1952-02-07 11:00:00Z;-0,93;2;3
1952-02-08 11:00:00Z;-1;2;3
1952-02-09 11:00:00Z;-1,08;2;3
1952-02-10 11:00:00Z;-1,15;0;3
1952-02-11 11:00:00Z;-1,22;2;3
1952-02-12 11:00:00Z;-1,29;0;3
1952-02-13 11:00:00Z;-1,35;2;3
1952-02-14 11:00:00Z;-1,4;2;3
1952-02-15 11:00:00Z;-1,46;2;3
1952-02-16 11:00:00Z;-1,51;2;3
1952-02-17 11:00:00Z;-1,57;2;3
1952-02-18 11:00:00Z;-1,63;2;3
1952-02-19 11:00:00Z;-1,68;2;3
1952-02-20 11:00:00Z;-1,74;0;3
1952-02-21 11:00:00Z;-1,67;2;3
1952-02-22 11:00:00Z;-1,59;2;3
1952-02-23 11:00:00Z;-1,52;2;3
1952-02-24 11:00:00Z;-1,45;2;3
1952-02-25 11:00:00Z;-1,37;2;3
1952-02-26 11:00:00Z;-1,3;0;3
1952-02-27 11:00:00Z;-1,1;2;3
1952-02-28 11:00:00Z;-0,9;2;3
1952-02-29 11:00:00Z;-0,7;2;3
1952-03-01 11:00:00Z;-0,5;2;3
1952-03-02 11:00:00Z;-0,3;2;3
1952-03-03 11:00:00Z;-0,1;0;3
1952-03-04 11:00:00Z;-0,14;2;3
1952-03-05 11:00:00Z;-0,17;2;3
1952-03-06 11:00:00Z;-0,21;2;3
1952-03-07 11:00:00Z;-0,25;2;3
1952-03-08 11:00:00Z;-0,29;2;3
1952-03-09 11:00:00Z;-0,32;2;3
1952-03-10 11:00:00Z;-0,36;0;3
1952-03-11 11:00:00Z;-0,27;2;3
1952-03-12 11:00:00Z;-0,18;2;3
1952-03-13 11:00:00Z;-0,08;2;3
1952-03-14 11:00:00Z;0,01;2;3
1952-03-15 11:00:00Z;0,1;0;3
1952-03-16 11:00:00Z;0,09;2;3
1952-03-17 11:00:00Z;0,09;2;3
1952-03-18 11:00:00Z;0,09;2;3
1952-03-19 11:00:00Z;0,08;2;3
1952-03-20 11:00:00Z;0,08;2;3
1952-03-21 11:00:00Z;0,07;0;3
1952-03-22 11:00:00Z;0,05;2;3
1952-03-23 11:00:00Z;0,02;2;3
1952-03-24 11:00:00Z;0;2;3
1952-03-25 11:00:00Z;-0,02;2;3
1952-03-26 11:00:00Z;-0,04;2;3
1952-03-27 11:00:00Z;-0,07;2;3
1952-03-28 11:00:00Z;-0,09;2;3
1952-03-29 11:00:00Z;-0,11;2;3
1952-03-30 11:00:00Z;-0,14;2;3
1952-03-31 11:00:00Z;-0,16;0;3
1952-04-01 11:00:00Z;-0,17;2;3
1952-04-02 11:00:00Z;-0,18;2;3
1952-04-03 11:00:00Z;-0,18;2;3
1952-04-04 11:00:00Z;-0,19;2;3
1952-04-05 11:00:00Z;-0,2;2;3
1952-04-06 11:00:00Z;-0,21;2;3
1952-04-07 11:00:00Z;-0,22;2;3
1952-04-08 11:00:00Z;-0,22;2;3
1952-04-09 11:00:00Z;-0,23;2;3
1952-04-10 11:00:00Z;-0,24;0;3
1952-04-11 11:00:00Z;-0,16;2;3
1952-04-12 11:00:00Z;-0,08;2;3
1952-04-13 11:00:00Z;-0,01;2;3
1952-04-14 11:00:00Z;0,07;2;3
1952-04-15 11:00:00Z;0,15;0;3
1952-04-16 11:00:00Z;0,2;2;3
1952-04-17 11:00:00Z;0,25;2;3
1952-04-18 11:00:00Z;0,3;2;3
1952-04-19 11:00:00Z;0,35;2;3
1952-04-20 11:00:00Z;0,4;0;3
1952-04-21 11:00:00Z;0,36;2;3
1952-04-22 11:00:00Z;0,32;2;3
1952-04-23 11:00:00Z;0,28;2;3
1952-04-24 11:00:00Z;0,25;2;3
1952-04-25 11:00:00Z;0,21;2;3
1952-04-26 11:00:00Z;0,17;2;3
1952-04-27 11:00:00Z;0,13;0;3
1952-04-28 11:00:00Z;0,12;2;3
1952-04-29 11:00:00Z;0,11;2;3
1952-04-30 11:00:00Z;0,1;0;3
1952-05-01 11:00:00Z;0,09;2;3
1952-05-02 11:00:00Z;0,09;2;3
1952-05-03 11:00:00Z;0,08;2;3
1952-05-04 11:00:00Z;0,07;2;3
1952-05-05 11:00:00Z;0,06;2;3
1952-05-06 11:00:00Z;0,06;2;3
1952-05-07 11:00:00Z;0,05;2;3
1952-05-08 11:00:00Z;0,04;2;3
1952-05-09 11:00:00Z;0,04;2;3
1952-05-10 11:00:00Z;0,03;0;3
1952-05-11 11:00:00Z;-0,01;2;3
1952-05-12 11:00:00Z;-0,04;2;3
1952-05-13 11:00:00Z;-0,08;2;3
1952-05-14 11:00:00Z;-0,12;2;3
1952-05-15 11:00:00Z;-0,16;2;3
1952-05-16 11:00:00Z;-0,19;2;3
1952-05-17 11:00:00Z;-0,23;2;3
1952-05-18 11:00:00Z;-0,27;2;3
1952-05-19 11:00:00Z;-0,3;2;3
1952-05-20 11:00:00Z;-0,34;0;3
1952-05-21 11:00:00Z;-0,33;2;3
1952-05-22 11:00:00Z;-0,33;2;3
1952-05-23 11:00:00Z;-0,32;2;3
1952-05-24 11:00:00Z;-0,32;2;3
1952-05-25 11:00:00Z;-0,31;2;3
1952-05-26 11:00:00Z;-0,31;2;3
1952-05-27 11:00:00Z;-0,3;2;3
1952-05-28 11:00:00Z;-0,3;2;3
1952-05-29 11:00:00Z;-0,29;2;3
1952-05-30 11:00:00Z;-0,29;2;3
1952-05-31 11:00:00Z;-0,28;0;3
1952-06-01 11:00:00Z;-0,31;2;3
1952-06-02 11:00:00Z;-0,34;2;3
1952-06-03 11:00:00Z;-0,37;2;3
1952-06-04 11:00:00Z;-0,4;0;3
1952-06-05 11:00:00Z;-0,44;2;3
1952-06-06 11:00:00Z;-0,48;2;3
1952-06-07 11:00:00Z;-0,52;2;3
1952-06-08 11:00:00Z;-0,56;2;3
1952-06-09 11:00:00Z;-0,6;2;3
1952-06-10 11:00:00Z;-0,64;0;3
1952-06-11 11:00:00Z;-0,67;2;3
1952-06-12 11:00:00Z;-0,69;2;3
1952-06-13 11:00:00Z;-0,72;2;3
1952-06-14 11:00:00Z;-0,75;2;3
1952-06-15 11:00:00Z;-0,78;2;3
1952-06-16 11:00:00Z;-0,81;2;3
1952-06-17 11:00:00Z;-0,83;2;3
1952-06-18 11:00:00Z;-0,86;0;3
1952-06-19 11:00:00Z;-0,81;2;3
1952-06-20 11:00:00Z;-0,77;2;3
1952-06-21 11:00:00Z;-0,72;0;3
1952-06-22 11:00:00Z;-0,7;2;3
1952-06-23 11:00:00Z;-0,68;2;3
1952-06-24 11:00:00Z;-0,65;2;3
1952-06-25 11:00:00Z;-0,63;2;3
1952-06-26 11:00:00Z;-0,61;2;3
1952-06-27 11:00:00Z;-0,59;2;3
1952-06-28 11:00:00Z;-0,56;2;3
1952-06-29 11:00:00Z;-0,54;2;3
1952-06-30 11:00:00Z;-0,52;0;3
1952-07-01 11:00:00Z;-0,46;2;3
1952-07-02 11:00:00Z;-0,4;2;3
1952-07-03 11:00:00Z;-0,34;2;3
1952-07-04 11:00:00Z;-0,27;2;3
1952-07-05 11:00:00Z;-0,21;2;3
1952-07-06 11:00:00Z;-0,15;2;3
1952-07-07 11:00:00Z;-0,09;0;3
1952-07-08 11:00:00Z;-0,12;2;3
1952-07-09 11:00:00Z;-0,15;2;3
1952-07-10 11:00:00Z;-0,18;2;3
1952-07-11 11:00:00Z;-0,21;2;3
1952-07-12 11:00:00Z;-0,24;2;3
1952-07-13 11:00:00Z;-0,27;2;3
1952-07-14 11:00:00Z;-0,3;0;3
1952-07-15 11:00:00Z;-0,33;2;3
1952-07-16 11:00:00Z;-0,35;2;3
1952-07-17 11:00:00Z;-0,38;2;3
1952-07-18 11:00:00Z;-0,41;2;3
1952-07-19 11:00:00Z;-0,43;2;3
1952-07-20 11:00:00Z;-0,46;0;3
1952-07-21 11:00:00Z;-0,43;2;3
1952-07-22 11:00:00Z;-0,4;2;3
1952-07-23 11:00:00Z;-0,37;2;3
1952-07-24 11:00:00Z;-0,34;0;3
1952-07-25 11:00:00Z;-0,37;2;3
1952-07-26 11:00:00Z;-0,4;2;3
1952-07-27 11:00:00Z;-0,43;2;3
1952-07-28 11:00:00Z;-0,47;2;3
1952-07-29 11:00:00Z;-0,5;2;3
1952-07-30 11:00:00Z;-0,53;2;3
1952-07-31 11:00:00Z;-0,56;0;3
1952-08-01 11:00:00Z;-0,63;2;3
1952-08-02 11:00:00Z;-0,7;2;3
1952-08-03 11:00:00Z;-0,77;2;3
1952-08-04 11:00:00Z;-0,84;0;3
1952-08-05 11:00:00Z;-0,91;2;3
1952-08-06 11:00:00Z;-0,98;2;3
1952-08-07 11:00:00Z;-1,05;2;3
1952-08-08 11:00:00Z;-1,12;2;3
1952-08-09 11:00:00Z;-1,19;2;3
1952-08-10 11:00:00Z;-1,26;0;3
1952-08-11 11:00:00Z;-1,33;2;3
1952-08-12 11:00:00Z;-1,39;2;3
1952-08-13 11:00:00Z;-1,46;2;3
1952-08-14 11:00:00Z;-1,53;0;3
1952-08-15 11:00:00Z;-1,62;2;3
1952-08-16 11:00:00Z;-1,7;2;3
1952-08-17 11:00:00Z;-1,78;2;3
1952-08-18 11:00:00Z;-1,87;0;3
1952-08-19 11:00:00Z;-1,9;2;3
1952-08-20 11:00:00Z;-1,93;0;3
1952-08-21 11:00:00Z;-1,88;2;3
1952-08-22 11:00:00Z;-1,82;2;3
1952-08-23 11:00:00Z;-1,77;2;3
1952-08-24 11:00:00Z;-1,71;2;3
1952-08-25 11:00:00Z;-1,66;2;3
1952-08-26 11:00:00Z;-1,61;2;3
1952-08-27 11:00:00Z;-1,55;2;3
1952-08-28 11:00:00Z;-1,5;0;3
1952-08-29 11:00:00Z;-1,41;2;3
1952-08-30 11:00:00Z;-1,32;2;3
1952-08-31 11:00:00Z;-1,23;0;3
1952-09-01 11:00:00Z;-1,11;2;3
1952-09-02 11:00:00Z;-0,99;0;3
1952-09-03 11:00:00Z;-0,88;2;3
1952-09-04 11:00:00Z;-0,76;2;3
1952-09-05 11:00:00Z;-0,65;0;3
1952-09-06 11:00:00Z;-0,56;2;3
1952-09-07 11:00:00Z;-0,47;2;3
1952-09-08 11:00:00Z;-0,39;2;3
1952-09-09 11:00:00Z;-0,3;0;3
1952-09-10 11:00:00Z;-0,32;2;3
1952-09-11 11:00:00Z;-0,33;2;3
1952-09-12 11:00:00Z;-0,35;2;3
1952-09-13 11:00:00Z;-0,37;2;3
1952-09-14 11:00:00Z;-0,38;2;3
1952-09-15 11:00:00Z;-0,4;0;3
1952-09-16 11:00:00Z;-0,36;0;3
1952-09-17 11:00:00Z;-0,23;2;3
1952-09-18 11:00:00Z;-0,1;2;3
1952-09-19 11:00:00Z;0,03;2;3
1952-09-20 11:00:00Z;0,16;0;3
1952-09-21 11:00:00Z;0,14;2;3
1952-09-22 11:00:00Z;0,12;2;3
1952-09-23 11:00:00Z;0,1;2;3
1952-09-24 11:00:00Z;0,08;2;3
1952-09-25 11:00:00Z;0,06;2;3
1952-09-26 11:00:00Z;0,04;0;3
1952-09-27 11:00:00Z;0,02;2;3
1952-09-28 11:00:00Z;0,01;2;3
1952-09-29 11:00:00Z;0;2;3
1952-09-30 11:00:00Z;-0,02;0;3
1952-10-01 11:00:00Z;-0,06;2;3
1952-10-02 11:00:00Z;-0,11;2;3
1952-10-03 11:00:00Z;-0,15;2;3
1952-10-04 11:00:00Z;-0,2;2;3
1952-10-05 11:00:00Z;-0,24;0;3
1952-10-06 11:00:00Z;-0,3;2;3
1952-10-07 11:00:00Z;-0,36;2;3
1952-10-08 11:00:00Z;-0,41;2;3
1952-10-09 11:00:00Z;-0,47;2;3
1952-10-10 11:00:00Z;-0,53;0;3
1952-10-11 11:00:00Z;-0,57;2;3
1952-10-12 11:00:00Z;-0,61;2;3
1952-10-13 11:00:00Z;-0,65;2;3
1952-10-14 11:00:00Z;-0,69;0;3
1952-10-15 11:00:00Z;-0,76;2;3
1952-10-16 11:00:00Z;-0,84;2;3
1952-10-17 11:00:00Z;-0,91;2;3
1952-10-18 11:00:00Z;-0,98;2;3
1952-10-19 11:00:00Z;-1,06;2;3
1952-10-20 11:00:00Z;-1,13;0;3
1952-10-21 11:00:00Z;-1,21;2;3
1952-10-22 11:00:00Z;-1,29;2;3
1952-10-23 11:00:00Z;-1,37;2;3
1952-10-24 11:00:00Z;-1,45;0;3
1952-10-25 11:00:00Z;-1,53;2;3
1952-10-26 11:00:00Z;-1,61;2;3
1952-10-27 11:00:00Z;-1,69;2;3
1952-10-28 11:00:00Z;-1,78;2;3
1952-10-29 11:00:00Z;-1,86;2;3
1952-10-30 11:00:00Z;-1,94;2;3
1952-10-31 11:00:00Z;-2,02;0;3
1952-11-01 11:00:00Z;-2,08;2;3
1952-11-02 11:00:00Z;-2,14;2;3
1952-11-03 11:00:00Z;-2,2;2;3
1952-11-04 11:00:00Z;-2,26;2;3
1952-11-05 11:00:00Z;-2,32;0;3
1952-11-06 11:00:00Z;-2,34;2;3
1952-11-07 11:00:00Z;-2,35;2;3
1952-11-08 11:00:00Z;-2,37;2;3
1952-11-09 11:00:00Z;-2,38;2;3
1952-11-10 11:00:00Z;-2,4;0;3
1952-11-11 11:00:00Z;-2,42;2;3
1952-11-12 11:00:00Z;-2,43;2;3
1952-11-13 11:00:00Z;-2,45;2;3
1952-11-14 11:00:00Z;-2,46;2;3
1952-11-15 11:00:00Z;-2,48;0;3
1952-11-16 11:00:00Z;-2,5;2;3
1952-11-17 11:00:00Z;-2,53;2;3
1952-11-18 11:00:00Z;-2,55;2;3
1952-11-19 11:00:00Z;-2,57;2;3
1952-11-20 11:00:00Z;-2,59;2;3
1952-11-21 11:00:00Z;-2,62;2;3
1952-11-22 11:00:00Z;-2,64;2;3
1952-11-23 11:00:00Z;-2,66;0;3
1952-11-24 11:00:00Z;-2,69;2;3
1952-11-25 11:00:00Z;-2,71;2;3
1952-11-26 11:00:00Z;-2,74;2;3
1952-11-27 11:00:00Z;-2,76;2;3
1952-11-28 11:00:00Z;-2,79;2;3
1952-11-29 11:00:00Z;-2,81;2;3
1952-11-30 11:00:00Z;-2,84;0;3
1952-12-01 11:00:00Z;-2,82;2;3
1952-12-02 11:00:00Z;-2,8;2;3
1952-12-03 11:00:00Z;-2,78;2;3
1952-12-04 11:00:00Z;-2,76;2;3
1952-12-05 11:00:00Z;-2,74;2;3
1952-12-06 11:00:00Z;-2,72;2;3
1952-12-07 11:00:00Z;-2,7;2;3
1952-12-08 11:00:00Z;-2,68;2;3
1952-12-09 11:00:00Z;-2,66;2;3
1952-12-10 11:00:00Z;-2,64;0;3
1952-12-11 11:00:00Z;-2,43;2;3
1952-12-12 11:00:00Z;-2,21;2;3
1952-12-13 11:00:00Z;-2;2;3
1952-12-14 11:00:00Z;-1,78;0;3
1952-12-15 11:00:00Z;-1,79;2;3
1952-12-16 11:00:00Z;-1,8;2;3
1952-12-17 11:00:00Z;-1,81;2;3
1952-12-18 11:00:00Z;-1,82;2;3
1952-12-19 11:00:00Z;-1,82;2;3
1952-12-20 11:00:00Z;-1,83;2;3
1952-12-21 11:00:00Z;-1,84;2;3
1952-12-22 11:00:00Z;-1,85;0;3
1952-12-23 11:00:00Z;-1,93;2;3
1952-12-24 11:00:00Z;-2;2;3
1952-12-25 11:00:00Z;-2,08;2;3
1952-12-26 11:00:00Z;-2,15;2;3
1952-12-27 11:00:00Z;-2,23;2;3
1952-12-28 11:00:00Z;-2,3;2;3
1952-12-29 11:00:00Z;-2,38;0;3
1952-12-30 11:00:00Z;-2,45;2;3
1952-12-31 11:00:00Z;-2,53;2;3
1953-01-01 11:00:00Z;-2,6;2;3
1953-01-02 11:00:00Z;-2,68;2;3
1953-01-03 11:00:00Z;-2,75;2;3
1953-01-04 11:00:00Z;-2,83;2;3
1953-01-05 11:00:00Z;-2,9;0;3
1953-01-06 11:00:00Z;-2,95;2;3
1953-01-07 11:00:00Z;-3;2;3
1953-01-08 11:00:00Z;-3,05;2;3
1953-01-09 11:00:00Z;-3,1;0;3
1953-01-10 11:00:00Z;-2,94;2;3
1953-01-11 11:00:00Z;-2,79;2;3
1953-01-12 11:00:00Z;-2,63;2;3
1953-01-13 11:00:00Z;-2,47;2;3
1953-01-14 11:00:00Z;-2,32;2;3
1953-01-15 11:00:00Z;-2,16;0;3
1953-01-16 11:00:00Z;-1,88;0;3
1953-01-17 11:00:00Z;-1,53;2;3
1953-01-18 11:00:00Z;-1,19;2;3
1953-01-19 11:00:00Z;-0,85;2;3
1953-01-20 11:00:00Z;-0,5;0;3
1953-01-21 11:00:00Z;-0,49;2;3
1953-01-22 11:00:00Z;-0,49;2;3
1953-01-23 11:00:00Z;-0,48;0;3
1953-01-24 11:00:00Z;-0,52;2;3
1953-01-25 11:00:00Z;-0,56;2;3
1953-01-26 11:00:00Z;-0,6;2;3
1953-01-27 11:00:00Z;-0,64;2;3
1953-01-28 11:00:00Z;-0,68;2;3
1953-01-29 11:00:00Z;-0,72;2;3
1953-01-30 11:00:00Z;-0,76;2;3
1953-01-31 11:00:00Z;-0,8;0;3
1953-02-01 11:00:00Z;-0,84;2;3
1953-02-02 11:00:00Z;-0,88;2;3
1953-02-03 11:00:00Z;-0,92;2;3
1953-02-04 11:00:00Z;-0,96;2;3
1953-02-05 11:00:00Z;-1;2;3
1953-02-06 11:00:00Z;-1,05;2;3
1953-02-07 11:00:00Z;-1,09;2;3
1953-02-08 11:00:00Z;-1,13;2;3
1953-02-09 11:00:00Z;-1,17;2;3
1953-02-10 11:00:00Z;-1,21;2;3
1953-02-11 11:00:00Z;-1,25;0;3
1953-02-12 11:00:00Z;-1,35;2;3
1953-02-13 11:00:00Z;-1,46;2;3
1953-02-14 11:00:00Z;-1,56;0;3
1953-02-15 11:00:00Z;-1,53;2;3
1953-02-16 11:00:00Z;-1,51;2;3
1953-02-17 11:00:00Z;-1,48;2;3
1953-02-18 11:00:00Z;-1,46;2;3
1953-02-19 11:00:00Z;-1,43;0;3
1953-02-20 11:00:00Z;-1,41;2;3
1953-02-21 11:00:00Z;-1,39;2;3
1953-02-22 11:00:00Z;-1,38;2;3
1953-02-23 11:00:00Z;-1,36;2;3
1953-02-24 11:00:00Z;-1,34;0;3
1953-02-25 11:00:00Z;-1,24;2;3
1953-02-26 11:00:00Z;-1,14;2;3
1953-02-27 11:00:00Z;-1,04;2;3
1953-02-28 11:00:00Z;-0,94;0;3
1953-03-01 11:00:00Z;-0,62;2;3
1953-03-02 11:00:00Z;-0,3;2;3
1953-03-03 11:00:00Z;0,02;0;3
1953-03-04 11:00:00Z;0,08;2;3
1953-03-05 11:00:00Z;0,14;2;3
1953-03-06 11:00:00Z;0,2;0;3
1953-03-07 11:00:00Z;0,2;2;3
1953-03-08 11:00:00Z;0,21;2;3
1953-03-09 11:00:00Z;0,22;2;3
1953-03-10 11:00:00Z;0,22;0;3
1953-03-11 11:00:00Z;0,23;2;3
1953-03-12 11:00:00Z;0,23;2;3
1953-03-13 11:00:00Z;0,24;2;3
1953-03-14 11:00:00Z;0,25;0;3
1953-03-15 11:00:00Z;0,21;2;3
1953-03-16 11:00:00Z;0,17;2;3
1953-03-17 11:00:00Z;0,13;0;3
1953-03-18 11:00:00Z;0,1;2;3
1953-03-19 11:00:00Z;0,07;2;3
1953-03-20 11:00:00Z;0,04;0;3
1953-03-21 11:00:00Z;0,1;2;3
1953-03-22 11:00:00Z;0,16;2;3
1953-03-23 11:00:00Z;0,22;0;3
1953-03-24 11:00:00Z;0,38;2;3
1953-03-25 11:00:00Z;0,54;0;3
1953-03-26 11:00:00Z;0,44;2;3
1953-03-27 11:00:00Z;0,35;2;3
1953-03-28 11:00:00Z;0,25;0;3
1953-03-29 11:00:00Z;0,19;2;3
1953-03-30 11:00:00Z;0,12;0;3
1953-03-31 11:00:00Z;0,11;2;3
1953-04-01 11:00:00Z;0,1;2;3
1953-04-02 11:00:00Z;0,1;2;3
1953-04-03 11:00:00Z;0,09;2;3
1953-04-04 11:00:00Z;0,08;0;3
1953-04-05 11:00:00Z;0,07;2;3
1953-04-06 11:00:00Z;0,07;2;3
1953-04-07 11:00:00Z;0,06;0;3
1953-04-08 11:00:00Z;0,06;2;3
1953-04-09 11:00:00Z;0,06;2;3
1953-04-10 11:00:00Z;0,05;2;3
1953-04-11 11:00:00Z;0,05;2;3
1953-04-12 11:00:00Z;0,05;2;3
1953-04-13 11:00:00Z;0,05;0;3
1953-04-14 11:00:00Z;0,09;2;3
1953-04-15 11:00:00Z;0,13;2;3
1953-04-16 11:00:00Z;0,17;2;3
1953-04-17 11:00:00Z;0,21;2;3
1953-04-18 11:00:00Z;0,25;2;3
1953-04-19 11:00:00Z;0,29;2;3
1953-04-20 11:00:00Z;0,33;2;3
1953-04-21 11:00:00Z;0,37;0;3
1953-04-22 11:00:00Z;0,31;2;3
1953-04-23 11:00:00Z;0,26;2;3
1953-04-24 11:00:00Z;0,2;2;3
1953-04-25 11:00:00Z;0,15;2;3
1953-04-26 11:00:00Z;0,09;0;3
1953-04-27 11:00:00Z;0,08;2;3
1953-04-28 11:00:00Z;0,08;2;3
1953-04-29 11:00:00Z;0,07;2;3
1953-04-30 11:00:00Z;0,06;0;3
1953-05-01 11:00:00Z;0,05;2;3
1953-05-02 11:00:00Z;0,04;0;3
1953-05-03 11:00:00Z;0,14;2;3
1953-05-04 11:00:00Z;0,24;2;3
1953-05-05 11:00:00Z;0,34;0;3
1953-05-06 11:00:00Z;0,3;2;3
1953-05-07 11:00:00Z;0,25;2;3
1953-05-08 11:00:00Z;0,2;2;3
1953-05-09 11:00:00Z;0,16;2;3
1953-05-10 11:00:00Z;0,11;2;3
1953-05-11 11:00:00Z;0,07;0;3
1953-05-12 11:00:00Z;0,06;2;3
1953-05-13 11:00:00Z;0,06;2;3
1953-05-14 11:00:00Z;0,05;2;3
1953-05-15 11:00:00Z;0,05;2;3
1953-05-16 11:00:00Z;0,04;0;3
1953-05-17 11:00:00Z;0,03;2;3
1953-05-18 11:00:00Z;0,02;2;3
1953-05-19 11:00:00Z;0,02;2;3
1953-05-20 11:00:00Z;0,01;0;3
1953-05-21 11:00:00Z;-0,01;2;3
1953-05-22 11:00:00Z;-0,03;2;3
1953-05-23 11:00:00Z;-0,05;2;3
1953-05-24 11:00:00Z;-0,06;2;3
1953-05-25 11:00:00Z;-0,08;2;3
1953-05-26 11:00:00Z;-0,1;0;3
1953-05-27 11:00:00Z;-0,07;2;3
1953-05-28 11:00:00Z;-0,04;2;3
1953-05-29 11:00:00Z;0;2;3
1953-05-30 11:00:00Z;0,03;2;3
1953-05-31 11:00:00Z;0,06;0;3
1953-06-01 11:00:00Z;0,02;2;3
1953-06-02 11:00:00Z;-0,02;2;3
1953-06-03 11:00:00Z;-0,07;2;3
1953-06-04 11:00:00Z;-0,11;2;3
1953-06-05 11:00:00Z;-0,15;0;3
1953-06-06 11:00:00Z;-0,18;2;3
1953-06-07 11:00:00Z;-0,2;2;3
1953-06-08 11:00:00Z;-0,23;2;3
1953-06-09 11:00:00Z;-0,25;2;3
1953-06-10 11:00:00Z;-0,28;0;3
1953-06-11 11:00:00Z;-0,34;2;3
1953-06-12 11:00:00Z;-0,4;2;3
1953-06-13 11:00:00Z;-0,46;2;3
1953-06-14 11:00:00Z;-0,53;2;3
1953-06-15 11:00:00Z;-0,59;2;3
1953-06-16 11:00:00Z;-0,65;2;3
1953-06-17 11:00:00Z;-0,71;0;3
1953-06-18 11:00:00Z;-0,78;2;3
1953-06-19 11:00:00Z;-0,85;2;3
1953-06-20 11:00:00Z;-0,91;2;3
1953-06-21 11:00:00Z;-0,98;2;3
1953-06-22 11:00:00Z;-1,05;0;3
1953-06-23 11:00:00Z;-1,11;2;3
1953-06-24 11:00:00Z;-1,17;2;3
1953-06-25 11:00:00Z;-1,23;2;3
1953-06-26 11:00:00Z;-1,29;2;3
1953-06-27 11:00:00Z;-1,35;0;3
1953-06-28 11:00:00Z;-1,42;2;3
1953-06-29 11:00:00Z;-1,49;2;3
1953-06-30 11:00:00Z;-1,56;0;3
1953-07-01 11:00:00Z;-1,62;2;3
1953-07-02 11:00:00Z;-1,67;2;3
1953-07-03 11:00:00Z;-1,72;2;3
1953-07-04 11:00:00Z;-1,78;0;3
1953-07-05 11:00:00Z;-1,85;2;3
1953-07-06 11:00:00Z;-1,92;2;3
1953-07-07 11:00:00Z;-2;2;3
1953-07-08 11:00:00Z;-2,07;2;3
1953-07-09 11:00:00Z;-2,14;0;3
1953-07-10 11:00:00Z;-2,2;2;3
1953-07-11 11:00:00Z;-2,25;0;3
1953-07-12 11:00:00Z;-2,3;2;3
1953-07-13 11:00:00Z;-2,35;2;3
1953-07-14 11:00:00Z;-2,41;2;3
1953-07-15 11:00:00Z;-2,46;2;3
1953-07-16 11:00:00Z;-2,51;0;3
1953-07-17 11:00:00Z;-2,58;2;3
1953-07-18 11:00:00Z;-2,64;2;3
1953-07-19 11:00:00Z;-2,71;2;3
1953-07-20 11:00:00Z;-2,78;0;3
1953-07-21 11:00:00Z;-2,83;2;3
1953-07-22 11:00:00Z;-2,88;2;3
1953-07-23 11:00:00Z;-2,93;2;3
1953-07-24 11:00:00Z;-2,98;0;3
1953-07-25 11:00:00Z;-3,01;2;3
1953-07-26 11:00:00Z;-3,03;2;3
1953-07-27 11:00:00Z;-3,06;2;3
1953-07-28 11:00:00Z;-3,08;2;3
1953-07-29 11:00:00Z;-3,11;2;3
1953-07-30 11:00:00Z;-3,13;2;3
1953-07-31 11:00:00Z;-3,16;0;3
1953-08-01 11:00:00Z;-3,11;2;3
1953-08-02 11:00:00Z;-3,07;2;3
1953-08-03 11:00:00Z;-3,02;2;3
1953-08-04 11:00:00Z;-2,97;2;3
1953-08-05 11:00:00Z;-2,93;2;3
1953-08-06 11:00:00Z;-2,88;0;3
1953-08-07 11:00:00Z;-2,88;2;3
1953-08-08 11:00:00Z;-2,87;2;3
1953-08-09 11:00:00Z;-2,87;2;3
1953-08-10 11:00:00Z;-2,86;0;3
1953-08-11 11:00:00Z;-2,88;2;3
1953-08-12 11:00:00Z;-2,9;2;3
1953-08-13 11:00:00Z;-2,93;2;3
1953-08-14 11:00:00Z;-2,95;2;3
1953-08-15 11:00:00Z;-2,97;2;3
1953-08-16 11:00:00Z;-2,99;2;3
1953-08-17 11:00:00Z;-3,01;2;3
1953-08-18 11:00:00Z;-3,04;2;3
1953-08-19 11:00:00Z;-3,06;2;3
1953-08-20 11:00:00Z;-3,08;0;3
1953-08-21 11:00:00Z;-3,07;2;3
1953-08-22 11:00:00Z;-3,06;2;3
1953-08-23 11:00:00Z;-3,05;2;3
1953-08-24 11:00:00Z;-3,04;2;3
1953-08-25 11:00:00Z;-3,03;2;3
1953-08-26 11:00:00Z;-3,03;2;3
1953-08-27 11:00:00Z;-3,02;2;3
1953-08-28 11:00:00Z;-3,01;2;3
1953-08-29 11:00:00Z;-3;2;3
1953-08-30 11:00:00Z;-2,99;2;3
1953-08-31 11:00:00Z;-2,98;0;3
1953-09-01 11:00:00Z;-2,9;2;3
1953-09-02 11:00:00Z;-2,82;2;3
1953-09-03 11:00:00Z;-2,74;2;3
1953-09-04 11:00:00Z;-2,66;2;3
1953-09-05 11:00:00Z;-2,58;2;3
1953-09-06 11:00:00Z;-2,5;2;3
1953-09-07 11:00:00Z;-2,42;2;3
1953-09-08 11:00:00Z;-2,34;2;3
1953-09-09 11:00:00Z;-2,26;0;3
1953-09-10 11:00:00Z;-2,28;2;3
1953-09-11 11:00:00Z;-2,3;2;3
1953-09-12 11:00:00Z;-2,32;2;3
1953-09-13 11:00:00Z;-2,34;2;3
1953-09-14 11:00:00Z;-2,36;2;3
1953-09-15 11:00:00Z;-2,38;0;3
1953-09-16 11:00:00Z;-2,46;2;3
1953-09-17 11:00:00Z;-2,54;2;3
1953-09-18 11:00:00Z;-2,62;2;3
1953-09-19 11:00:00Z;-2,7;2;3
1953-09-20 11:00:00Z;-2,78;0;3
1953-09-21 11:00:00Z;-2,8;2;3
1953-09-22 11:00:00Z;-2,82;2;3
1953-09-23 11:00:00Z;-2,84;2;3
1953-09-24 11:00:00Z;-2,86;2;3
1953-09-25 11:00:00Z;-2,88;2;3
1953-09-26 11:00:00Z;-2,9;2;3
1953-09-27 11:00:00Z;-2,92;0;3
1953-09-28 11:00:00Z;-2,92;2;3
1953-09-29 11:00:00Z;-2,91;2;3
1953-09-30 11:00:00Z;-2,91;0;3
1953-10-01 11:00:00Z;-2,97;2;3
1953-10-02 11:00:00Z;-3,03;2;3
1953-10-03 11:00:00Z;-3,08;2;3
1953-10-04 11:00:00Z;-3,14;0;3
1953-10-05 11:00:00Z;-2,99;2;3
1953-10-06 11:00:00Z;-2,84;2;3
1953-10-07 11:00:00Z;-2,68;2;3
1953-10-08 11:00:00Z;-2,53;2;3
1953-10-09 11:00:00Z;-2,38;2;3
1953-10-10 11:00:00Z;-2,23;0;3
1953-10-11 11:00:00Z;-2,09;2;3
1953-10-12 11:00:00Z;-1,94;2;3
1953-10-13 11:00:00Z;-1,8;0;3
1953-10-14 11:00:00Z;-1,84;2;3
1953-10-15 11:00:00Z;-1,89;2;3
1953-10-16 11:00:00Z;-1,93;2;3
1953-10-17 11:00:00Z;-1,97;2;3
1953-10-18 11:00:00Z;-2,01;2;3
1953-10-19 11:00:00Z;-2,06;2;3
1953-10-20 11:00:00Z;-2,1;0;3
1953-10-21 11:00:00Z;-2,17;2;3
1953-10-22 11:00:00Z;-2,24;2;3
1953-10-23 11:00:00Z;-2,32;2;3
1953-10-24 11:00:00Z;-2,39;2;3
1953-10-25 11:00:00Z;-2,46;0;3
1953-10-26 11:00:00Z;-2,53;2;3
1953-10-27 11:00:00Z;-2,6;2;3
1953-10-28 11:00:00Z;-2,67;2;3
1953-10-29 11:00:00Z;-2,74;2;3
1953-10-30 11:00:00Z;-2,81;2;3
1953-10-31 11:00:00Z;-2,88;0;3
1953-11-01 11:00:00Z;-2,9;2;3
1953-11-02 11:00:00Z;-2,92;2;3
1953-11-03 11:00:00Z;-2,94;2;3
1953-11-04 11:00:00Z;-2,96;2;3
1953-11-05 11:00:00Z;-2,98;2;3
1953-11-06 11:00:00Z;-3;2;3
1953-11-07 11:00:00Z;-3,02;2;3
1953-11-08 11:00:00Z;-3,04;2;3
1953-11-09 11:00:00Z;-3,06;2;3
1953-11-10 11:00:00Z;-3,08;0;3
1953-11-11 11:00:00Z;-2,93;2;3
1953-11-12 11:00:00Z;-2,79;2;3
1953-11-13 11:00:00Z;-2,64;2;3
1953-11-14 11:00:00Z;-2,49;2;3
1953-11-15 11:00:00Z;-2,35;2;3
1953-11-16 11:00:00Z;-2,2;0;3
1953-11-17 11:00:00Z;-2,1;2;3
1953-11-18 11:00:00Z;-2;2;3
1953-11-19 11:00:00Z;-1,9;2;3
1953-11-20 11:00:00Z;-1,8;0;3
1953-11-21 11:00:00Z;-1,77;2;3
1953-11-22 11:00:00Z;-1,73;2;3
1953-11-23 11:00:00Z;-1,7;0;3
1953-11-24 11:00:00Z;-1,68;2;3
1953-11-25 11:00:00Z;-1,67;2;3
1953-11-26 11:00:00Z;-1,65;2;3
1953-11-27 11:00:00Z;-1,63;2;3
1953-11-28 11:00:00Z;-1,61;2;3
1953-11-29 11:00:00Z;-1,6;2;3
1953-11-30 11:00:00Z;-1,58;0;3
1953-12-01 11:00:00Z;-1,52;2;3
1953-12-02 11:00:00Z;-1,45;0;3
1953-12-03 11:00:00Z;-1,33;2;3
1953-12-04 11:00:00Z;-1,2;2;3
1953-12-05 11:00:00Z;-1,08;0;3
1953-12-06 11:00:00Z;-1,05;2;3
1953-12-07 11:00:00Z;-1,02;0;3
1953-12-08 11:00:00Z;-1,04;2;3
1953-12-09 11:00:00Z;-1,06;2;3
1953-12-10 11:00:00Z;-1,09;2;3
1953-12-11 11:00:00Z;-1,11;2;3
1953-12-12 11:00:00Z;-1,13;0;3
1953-12-13 11:00:00Z;-1,21;2;3
1953-12-14 11:00:00Z;-1,3;2;3
1953-12-15 11:00:00Z;-1,38;2;3
1953-12-16 11:00:00Z;-1,46;0;3
1953-12-17 11:00:00Z;-1,51;2;3
1953-12-18 11:00:00Z;-1,57;2;3
1953-12-19 11:00:00Z;-1,62;2;3
1953-12-20 11:00:00Z;-1,68;0;3
1953-12-21 11:00:00Z;-1,73;2;3
1953-12-22 11:00:00Z;-1,78;2;3
1953-12-23 11:00:00Z;-1,82;2;3
1953-12-24 11:00:00Z;-1,87;2;3
1953-12-25 11:00:00Z;-1,92;0;3
1953-12-26 11:00:00Z;-1,97;2;3
1953-12-27 11:00:00Z;-2,02;2;3
1953-12-28 11:00:00Z;-2,08;2;3
1953-12-29 11:00:00Z;-2,13;2;3
1953-12-30 11:00:00Z;-2,18;0;3
1953-12-31 11:00:00Z;-1,91;2;3
1954-01-01 11:00:00Z;-1,64;2;3
1954-01-02 11:00:00Z;-1,37;2;3
1954-01-03 11:00:00Z;-1,1;2;3
1954-01-04 11:00:00Z;-0,83;0;3
1954-01-05 11:00:00Z;-0,78;2;3
1954-01-06 11:00:00Z;-0,73;2;3
1954-01-07 11:00:00Z;-0,69;2;3
1954-01-08 11:00:00Z;-0,64;2;3
1954-01-09 11:00:00Z;-0,59;2;3
1954-01-10 11:00:00Z;-0,54;0;3
1954-01-11 11:00:00Z;-0,54;2;3
1954-01-12 11:00:00Z;-0,54;2;3
1954-01-13 11:00:00Z;-0,54;2;3
1954-01-14 11:00:00Z;-0,54;2;3
1954-01-15 11:00:00Z;-0,54;0;3
1954-01-16 11:00:00Z;-0,56;2;3
1954-01-17 11:00:00Z;-0,58;2;3
1954-01-18 11:00:00Z;-0,61;2;3
1954-01-19 11:00:00Z;-0,63;2;3
1954-01-20 11:00:00Z;-0,65;0;3
1954-01-21 11:00:00Z;-0,68;2;3
1954-01-22 11:00:00Z;-0,7;2;3
1954-01-23 11:00:00Z;-0,73;0;3
1954-01-24 11:00:00Z;-0,76;2;3
1954-01-25 11:00:00Z;-0,78;2;3
1954-01-26 11:00:00Z;-0,81;2;3
1954-01-27 11:00:00Z;-0,84;2;3
1954-01-28 11:00:00Z;-0,86;2;3
1954-01-29 11:00:00Z;-0,89;2;3
1954-01-30 11:00:00Z;-0,91;2;3
1954-01-31 11:00:00Z;-0,94;0;3
1954-02-01 11:00:00Z;-0,95;2;3
1954-02-02 11:00:00Z;-0,95;2;3
1954-02-03 11:00:00Z;-0,96;2;3
1954-02-04 11:00:00Z;-0,97;2;3
1954-02-05 11:00:00Z;-0,97;2;3
1954-02-06 11:00:00Z;-0,98;0;3
1954-02-07 11:00:00Z;-1;2;3
1954-02-08 11:00:00Z;-1,02;2;3
1954-02-09 11:00:00Z;-1,04;2;3
1954-02-10 11:00:00Z;-1,06;2;3
1954-02-11 11:00:00Z;-1,08;2;3
1954-02-12 11:00:00Z;-1,1;2;3
1954-02-13 11:00:00Z;-1,12;0;3
1954-02-14 11:00:00Z;-1,16;2;3
1954-02-15 11:00:00Z;-1,2;2;3
1954-02-16 11:00:00Z;-1,24;2;3
1954-02-17 11:00:00Z;-1,28;0;3
1954-02-18 11:00:00Z;-1,33;2;3
1954-02-19 11:00:00Z;-1,37;2;3
1954-02-20 11:00:00Z;-1,42;0;3
1954-02-21 11:00:00Z;-1,46;2;3
1954-02-22 11:00:00Z;-1,5;2;3
1954-02-23 11:00:00Z;-1,54;2;3
1954-02-24 11:00:00Z;-1,58;2;3
1954-02-25 11:00:00Z;-1,62;2;3
1954-02-26 11:00:00Z;-1,66;2;3
1954-02-27 11:00:00Z;-1,7;2;3
1954-02-28 11:00:00Z;-1,74;0;3
1954-03-01 11:00:00Z;-1,78;2;3
1954-03-02 11:00:00Z;-1,83;2;3
1954-03-03 11:00:00Z;-1,87;2;3
1954-03-04 11:00:00Z;-1,92;2;3
1954-03-05 11:00:00Z;-1,96;0;3
1954-03-06 11:00:00Z;-2,01;2;3
1954-03-07 11:00:00Z;-2,05;2;3
1954-03-08 11:00:00Z;-2,1;2;3
1954-03-09 11:00:00Z;-2,14;2;3
1954-03-10 11:00:00Z;-2,19;0;3
1954-03-11 11:00:00Z;-2,11;2;3
1954-03-12 11:00:00Z;-2,03;2;3
1954-03-13 11:00:00Z;-1,95;2;3
1954-03-14 11:00:00Z;-1,86;2;3
1954-03-15 11:00:00Z;-1,78;2;3
1954-03-16 11:00:00Z;-1,7;0;3
1954-03-17 11:00:00Z;-1,66;2;3
1954-03-18 11:00:00Z;-1,63;2;3
1954-03-19 11:00:00Z;-1,6;2;3
1954-03-20 11:00:00Z;-1,56;0;3
1954-03-21 11:00:00Z;-1,52;2;3
1954-03-22 11:00:00Z;-1,47;2;3
1954-03-23 11:00:00Z;-1,43;2;3
1954-03-24 11:00:00Z;-1,39;2;3
1954-03-25 11:00:00Z;-1,34;2;3
1954-03-26 11:00:00Z;-1,3;0;3
1954-03-27 11:00:00Z;-1,19;2;3
1954-03-28 11:00:00Z;-1,08;0;3
1954-03-29 11:00:00Z;-1,04;2;3
1954-03-30 11:00:00Z;-1;0;3
1954-03-31 11:00:00Z;-0,97;2;3
1954-04-01 11:00:00Z;-0,93;2;3
1954-04-02 11:00:00Z;-0,9;0;3
1954-04-03 11:00:00Z;-0,88;2;3
1954-04-04 11:00:00Z;-0,85;2;3
1954-04-05 11:00:00Z;-0,83;0;3
1954-04-06 11:00:00Z;-0,79;2;3
1954-04-07 11:00:00Z;-0,75;2;3
1954-04-08 11:00:00Z;-0,71;2;3
1954-04-09 11:00:00Z;-0,67;0;3
1954-04-10 11:00:00Z;-0,62;2;3
1954-04-11 11:00:00Z;-0,57;2;3
1954-04-12 11:00:00Z;-0,52;2;3
1954-04-13 11:00:00Z;-0,47;0;3
1954-04-14 11:00:00Z;-0,46;2;3
1954-04-15 11:00:00Z;-0,44;2;3
1954-04-16 11:00:00Z;-0,43;2;3
1954-04-17 11:00:00Z;-0,42;0;3
1954-04-18 11:00:00Z;-0,38;2;3
1954-04-19 11:00:00Z;-0,34;2;3
1954-04-20 11:00:00Z;-0,3;2;3
1954-04-21 11:00:00Z;-0,25;2;3
1954-04-22 11:00:00Z;-0,21;2;3
1954-04-23 11:00:00Z;-0,17;2;3
1954-04-24 11:00:00Z;-0,13;0;3
1954-04-25 11:00:00Z;-0,11;2;3
1954-04-26 11:00:00Z;-0,09;2;3
1954-04-27 11:00:00Z;-0,08;2;3
1954-04-28 11:00:00Z;-0,06;0;3
1954-04-29 11:00:00Z;-0,01;2;3
1954-04-30 11:00:00Z;0,04;0;3
1954-05-01 11:00:00Z;0,05;2;3
1954-05-02 11:00:00Z;0,06;2;3
1954-05-03 11:00:00Z;0,07;2;3
1954-05-04 11:00:00Z;0,08;2;3
1954-05-05 11:00:00Z;0,09;2;3
1954-05-06 11:00:00Z;0,1;0;3
1954-05-07 11:00:00Z;0,11;2;3
1954-05-08 11:00:00Z;0,11;0;3
1954-05-09 11:00:00Z;0,1;2;3
1954-05-10 11:00:00Z;0,09;2;3
1954-05-11 11:00:00Z;0,08;2;3
1954-05-12 11:00:00Z;0,07;2;3
1954-05-13 11:00:00Z;0,06;2;3
1954-05-14 11:00:00Z;0,05;0;3
1954-05-15 11:00:00Z;0,04;2;3
1954-05-16 11:00:00Z;0,03;2;3
1954-05-17 11:00:00Z;0,02;2;3
1954-05-18 11:00:00Z;0,02;2;3
1954-05-19 11:00:00Z;0,01;2;3
1954-05-20 11:00:00Z;0;0;3
1954-05-21 11:00:00Z;-0,05;2;3
1954-05-22 11:00:00Z;-0,1;2;3
1954-05-23 11:00:00Z;-0,15;2;3
1954-05-24 11:00:00Z;-0,2;0;3
1954-05-25 11:00:00Z;-0,23;2;3
1954-05-26 11:00:00Z;-0,26;2;3
1954-05-27 11:00:00Z;-0,29;2;3
1954-05-28 11:00:00Z;-0,31;2;3
1954-05-29 11:00:00Z;-0,34;2;3
1954-05-30 11:00:00Z;-0,37;2;3
1954-05-31 11:00:00Z;-0,4;0;3
1954-06-01 11:00:00Z;-0,4;2;3
1954-06-02 11:00:00Z;-0,4;2;3
1954-06-03 11:00:00Z;-0,41;2;3
1954-06-04 11:00:00Z;-0,41;2;3
1954-06-05 11:00:00Z;-0,41;0;3
1954-06-06 11:00:00Z;-0,42;2;3
1954-06-07 11:00:00Z;-0,43;2;3
1954-06-08 11:00:00Z;-0,44;2;3
1954-06-09 11:00:00Z;-0,45;2;3
1954-06-10 11:00:00Z;-0,46;0;3
1954-06-11 11:00:00Z;-0,45;2;3
1954-06-12 11:00:00Z;-0,45;2;3
1954-06-13 11:00:00Z;-0,44;2;3
1954-06-14 11:00:00Z;-0,44;2;3
1954-06-15 11:00:00Z;-0,43;2;3
1954-06-16 11:00:00Z;-0,43;2;3
1954-06-17 11:00:00Z;-0,42;0;3
1954-06-18 11:00:00Z;-0,46;2;3
1954-06-19 11:00:00Z;-0,5;2;3
1954-06-20 11:00:00Z;-0,54;2;3
1954-06-21 11:00:00Z;-0,58;2;3
1954-06-22 11:00:00Z;-0,62;2;3
1954-06-23 11:00:00Z;-0,66;0;3
1954-06-24 11:00:00Z;-0,68;2;3
1954-06-25 11:00:00Z;-0,7;2;3
1954-06-26 11:00:00Z;-0,72;2;3
1954-06-27 11:00:00Z;-0,74;2;3
1954-06-28 11:00:00Z;-0,76;2;3
1954-06-29 11:00:00Z;-0,78;2;3
1954-06-30 11:00:00Z;-0,8;0;3
1954-07-01 11:00:00Z;-0,82;2;3
1954-07-02 11:00:00Z;-0,85;2;3
1954-07-03 11:00:00Z;-0,88;2;3
1954-07-04 11:00:00Z;-0,9;2;3
1954-07-05 11:00:00Z;-0,93;2;3
1954-07-06 11:00:00Z;-0,95;0;3
1954-07-07 11:00:00Z;-0,95;2;3
1954-07-08 11:00:00Z;-0,94;2;3
1954-07-09 11:00:00Z;-0,94;0;3
1954-07-10 11:00:00Z;-0,98;2;3
1954-07-11 11:00:00Z;-1,01;2;3
1954-07-12 11:00:00Z;-1,05;2;3
1954-07-13 11:00:00Z;-1,08;2;3
1954-07-14 11:00:00Z;-1,12;0;3
1954-07-15 11:00:00Z;-1,13;2;3
1954-07-16 11:00:00Z;-1,14;2;3
1954-07-17 11:00:00Z;-1,15;2;3
1954-07-18 11:00:00Z;-1,17;2;3
1954-07-19 11:00:00Z;-1,18;2;3
1954-07-20 11:00:00Z;-1,19;0;3
1954-07-21 11:00:00Z;-1,24;2;3
1954-07-22 11:00:00Z;-1,29;2;3
1954-07-23 11:00:00Z;-1,34;2;3
1954-07-24 11:00:00Z;-1,38;2;3
1954-07-25 11:00:00Z;-1,43;2;3
1954-07-26 11:00:00Z;-1,48;0;3
1954-07-27 11:00:00Z;-1,54;2;3
1954-07-28 11:00:00Z;-1,61;2;3
1954-07-29 11:00:00Z;-1,67;2;3
1954-07-30 11:00:00Z;-1,74;2;3
1954-07-31 11:00:00Z;-1,8;0;3
1954-08-01 11:00:00Z;-1,85;2;3
1954-08-02 11:00:00Z;-1,91;2;3
1954-08-03 11:00:00Z;-1,96;0;3
1954-08-04 11:00:00Z;-1,68;2;3
1954-08-05 11:00:00Z;-1,4;0;3
1954-08-06 11:00:00Z;-1,31;2;3
1954-08-07 11:00:00Z;-1,21;0;3
1954-08-08 11:00:00Z;-1,16;2;3
1954-08-09 11:00:00Z;-1,12;2;3
1954-08-10 11:00:00Z;-1,07;0;3
1954-08-11 11:00:00Z;-1,07;2;3
1954-08-12 11:00:00Z;-1,08;2;3
1954-08-13 11:00:00Z;-1,08;2;3
1954-08-14 11:00:00Z;-1,09;2;3
1954-08-15 11:00:00Z;-1,09;2;3
1954-08-16 11:00:00Z;-1,09;2;3
1954-08-17 11:00:00Z;-1,1;2;3
1954-08-18 11:00:00Z;-1,1;2;3
1954-08-19 11:00:00Z;-1,11;2;3
1954-08-20 11:00:00Z;-1,11;0;3
1954-08-21 11:00:00Z;-1,14;2;3
1954-08-22 11:00:00Z;-1,17;2;3
1954-08-23 11:00:00Z;-1,2;2;3
1954-08-24 11:00:00Z;-1,23;2;3
1954-08-25 11:00:00Z;-1,26;0;3
1954-08-26 11:00:00Z;-1,25;2;3
1954-08-27 11:00:00Z;-1,25;2;3
1954-08-28 11:00:00Z;-1,24;2;3
1954-08-29 11:00:00Z;-1,24;2;3
1954-08-30 11:00:00Z;-1,23;0;3
1954-08-31 11:00:00Z;-1,24;2;3
1954-09-01 11:00:00Z;-1,25;2;3
1954-09-02 11:00:00Z;-1,26;2;3
1954-09-03 11:00:00Z;-1,26;2;3
1954-09-04 11:00:00Z;-1,27;2;3
1954-09-05 11:00:00Z;-1,28;2;3
1954-09-06 11:00:00Z;-1,29;0;3
1954-09-07 11:00:00Z;-1,32;2;3
1954-09-08 11:00:00Z;-1,36;2;3
1954-09-09 11:00:00Z;-1,39;2;3
1954-09-10 11:00:00Z;-1,43;0;3
1954-09-11 11:00:00Z;-1,43;2;3
1954-09-12 11:00:00Z;-1,43;2;3
1954-09-13 11:00:00Z;-1,44;2;3
1954-09-14 11:00:00Z;-1,44;2;3
1954-09-15 11:00:00Z;-1,44;2;3
1954-09-16 11:00:00Z;-1,44;2;3
1954-09-17 11:00:00Z;-1,44;2;3
1954-09-18 11:00:00Z;-1,45;2;3
1954-09-19 11:00:00Z;-1,45;2;3
1954-09-20 11:00:00Z;-1,45;0;3
1954-09-21 11:00:00Z;-1,45;2;3
1954-09-22 11:00:00Z;-1,44;2;3
1954-09-23 11:00:00Z;-1,44;2;3
1954-09-24 11:00:00Z;-1,43;2;3
1954-09-25 11:00:00Z;-1,42;2;3
1954-09-26 11:00:00Z;-1,42;2;3
1954-09-27 11:00:00Z;-1,41;2;3
1954-09-28 11:00:00Z;-1,41;2;3
1954-09-29 11:00:00Z;-1,4;2;3
1954-09-30 11:00:00Z;-1,4;0;3
1954-10-01 11:00:00Z;-1,42;2;3
1954-10-02 11:00:00Z;-1,43;2;3
1954-10-03 11:00:00Z;-1,45;0;3
1954-10-04 11:00:00Z;-1,47;2;3
1954-10-05 11:00:00Z;-1,5;2;3
1954-10-06 11:00:00Z;-1,52;2;3
1954-10-07 11:00:00Z;-1,54;0;3
1954-10-08 11:00:00Z;-1,56;2;3
1954-10-09 11:00:00Z;-1,58;2;3
1954-10-10 11:00:00Z;-1,6;0;3
1954-10-11 11:00:00Z;-1,51;2;3
1954-10-12 11:00:00Z;-1,43;2;3
1954-10-13 11:00:00Z;-1,34;0;3
1954-10-14 11:00:00Z;-1,27;2;3
1954-10-15 11:00:00Z;-1,19;2;3
1954-10-16 11:00:00Z;-1,12;0;3
1954-10-17 11:00:00Z;-1,06;2;3
1954-10-18 11:00:00Z;-1;0;3
1954-10-19 11:00:00Z;-0,92;2;3
1954-10-20 11:00:00Z;-0,84;2;3
1954-10-21 11:00:00Z;-0,75;2;3
1954-10-22 11:00:00Z;-0,67;0;3
1954-10-23 11:00:00Z;-0,52;2;3
1954-10-24 11:00:00Z;-0,37;0;3
1954-10-25 11:00:00Z;-0,34;2;3
1954-10-26 11:00:00Z;-0,3;0;3
1954-10-27 11:00:00Z;-0,29;2;3
1954-10-28 11:00:00Z;-0,27;2;3
1954-10-29 11:00:00Z;-0,26;2;3
1954-10-30 11:00:00Z;-0,24;2;3
1954-10-31 11:00:00Z;-0,23;0;3
1954-11-01 11:00:00Z;-0,22;2;3
1954-11-02 11:00:00Z;-0,21;2;3
1954-11-03 11:00:00Z;-0,19;2;3
1954-11-04 11:00:00Z;-0,18;0;3
1954-11-05 11:00:00Z;-0,21;2;3
1954-11-06 11:00:00Z;-0,24;2;3
1954-11-07 11:00:00Z;-0,27;2;3
1954-11-08 11:00:00Z;-0,3;0;3
1954-11-09 11:00:00Z;-0,33;2;3
1954-11-10 11:00:00Z;-0,36;2;3
1954-11-11 11:00:00Z;-0,39;2;3
1954-11-12 11:00:00Z;-0,42;0;3
1954-11-13 11:00:00Z;-0,45;2;3
1954-11-14 11:00:00Z;-0,48;2;3
1954-11-15 11:00:00Z;-0,51;2;3
1954-11-16 11:00:00Z;-0,54;0;3
1954-11-17 11:00:00Z;-0,59;2;3
1954-11-18 11:00:00Z;-0,63;2;3
1954-11-19 11:00:00Z;-0,68;0;3
1954-11-20 11:00:00Z;-0,73;2;3
1954-11-21 11:00:00Z;-0,79;2;3
1954-11-22 11:00:00Z;-0,84;2;3
1954-11-23 11:00:00Z;-0,89;2;3
1954-11-24 11:00:00Z;-0,94;2;3
1954-11-25 11:00:00Z;-1;2;3
1954-11-26 11:00:00Z;-1,05;2;3
1954-11-27 11:00:00Z;-1,1;0;3
1954-11-28 11:00:00Z;-1,14;2;3
1954-11-29 11:00:00Z;-1,17;2;3
1954-11-30 11:00:00Z;-1,21;0;3
1954-12-01 11:00:00Z;-1,23;2;3
1954-12-02 11:00:00Z;-1,24;2;3
1954-12-03 11:00:00Z;-1,25;2;3
1954-12-04 11:00:00Z;-1,27;0;3
1954-12-05 11:00:00Z;-1,28;2;3
1954-12-06 11:00:00Z;-1,3;2;3
1954-12-07 11:00:00Z;-1,31;2;3
1954-12-08 11:00:00Z;-1,32;2;3
1954-12-09 11:00:00Z;-1,33;2;3
1954-12-10 11:00:00Z;-1,35;2;3
1954-12-11 11:00:00Z;-1,36;0;3
1954-12-12 11:00:00Z;-1,38;2;3
1954-12-13 11:00:00Z;-1,39;2;3
1954-12-14 11:00:00Z;-1,41;2;3
1954-12-15 11:00:00Z;-1,43;2;3
1954-12-16 11:00:00Z;-1,44;2;3
1954-12-17 11:00:00Z;-1,46;0;3
1954-12-18 11:00:00Z;-1,34;2;3
1954-12-19 11:00:00Z;-1,22;2;3
1954-12-20 11:00:00Z;-1,1;0;3
1954-12-21 11:00:00Z;-1,12;2;3
1954-12-22 11:00:00Z;-1,14;2;3
1954-12-23 11:00:00Z;-1,16;2;3
1954-12-24 11:00:00Z;-1,19;2;3
1954-12-25 11:00:00Z;-1,21;2;3
1954-12-26 11:00:00Z;-1,23;2;3
1954-12-27 11:00:00Z;-1,25;0;3
1954-12-28 11:00:00Z;-1,3;2;3
1954-12-29 11:00:00Z;-1,34;2;3
1954-12-30 11:00:00Z;-1,39;0;3
1954-12-31 11:00:00Z;-1,43;2;3
1955-01-01 11:00:00Z;-1,46;2;3
1955-01-02 11:00:00Z;-1,5;0;3
1955-01-03 11:00:00Z;-1,52;2;3
1955-01-04 11:00:00Z;-1,54;2;3
1955-01-05 11:00:00Z;-1,56;2;3
1955-01-06 11:00:00Z;-1,58;2;3
1955-01-07 11:00:00Z;-1,6;2;3
1955-01-08 11:00:00Z;-1,62;2;3
1955-01-09 11:00:00Z;-1,64;2;3
1955-01-10 11:00:00Z;-1,66;2;3
1955-01-11 11:00:00Z;-1,68;0;3
1955-01-12 11:00:00Z;-1,76;2;3
1955-01-13 11:00:00Z;-1,84;0;3
1955-01-14 11:00:00Z;-1,87;2;3
1955-01-15 11:00:00Z;-1,89;2;3
1955-01-16 11:00:00Z;-1,92;2;3
1955-01-17 11:00:00Z;-1,94;2;3
1955-01-18 11:00:00Z;-1,97;2;3
1955-01-19 11:00:00Z;-1,99;2;3
1955-01-20 11:00:00Z;-2,02;0;3
1955-01-21 11:00:00Z;-1,99;2;3
1955-01-22 11:00:00Z;-1,96;2;3
1955-01-23 11:00:00Z;-1,94;2;3
1955-01-24 11:00:00Z;-1,91;2;3
1955-01-25 11:00:00Z;-1,88;0;3
1955-01-26 11:00:00Z;-1,62;2;3
1955-01-27 11:00:00Z;-1,37;2;3
1955-01-28 11:00:00Z;-1,12;2;3
1955-01-29 11:00:00Z;-0,86;0;3
1955-01-30 11:00:00Z;-0,84;2;3
1955-01-31 11:00:00Z;-0,82;0;3
1955-02-01 11:00:00Z;-0,77;2;3
1955-02-02 11:00:00Z;-0,72;0;3
1955-02-03 11:00:00Z;-0,72;2;3
1955-02-04 11:00:00Z;-0,73;2;3
1955-02-05 11:00:00Z;-0,73;0;3
1955-02-06 11:00:00Z;-0,77;2;3
1955-02-07 11:00:00Z;-0,82;2;3
1955-02-08 11:00:00Z;-0,86;2;3
1955-02-09 11:00:00Z;-0,91;2;3
1955-02-10 11:00:00Z;-0,95;2;3
1955-02-11 11:00:00Z;-1;2;3
1955-02-12 11:00:00Z;-1,04;0;3
1955-02-13 11:00:00Z;-1,12;2;3
1955-02-14 11:00:00Z;-1,19;2;3
1955-02-15 11:00:00Z;-1,27;2;3
1955-02-16 11:00:00Z;-1,35;2;3
1955-02-17 11:00:00Z;-1,43;2;3
1955-02-18 11:00:00Z;-1,5;2;3
1955-02-19 11:00:00Z;-1,58;0;3
1955-02-20 11:00:00Z;-1,67;2;3
1955-02-21 11:00:00Z;-1,76;2;3
1955-02-22 11:00:00Z;-1,85;2;3
1955-02-23 11:00:00Z;-1,95;2;3
1955-02-24 11:00:00Z;-2,04;2;3
1955-02-25 11:00:00Z;-2,13;2;3
1955-02-26 11:00:00Z;-2,22;0;3
1955-02-27 11:00:00Z;-2,32;2;3
1955-02-28 11:00:00Z;-2,42;0;3
1955-03-01 11:00:00Z;-2,48;2;3
1955-03-02 11:00:00Z;-2,53;2;3
1955-03-03 11:00:00Z;-2,59;2;3
1955-03-04 11:00:00Z;-2,64;2;3
1955-03-05 11:00:00Z;-2,7;0;3
1955-03-06 11:00:00Z;-2,66;2;3
1955-03-07 11:00:00Z;-2,62;2;3
1955-03-08 11:00:00Z;-2,57;2;3
1955-03-09 11:00:00Z;-2,53;2;3
1955-03-10 11:00:00Z;-2,49;2;3
1955-03-11 11:00:00Z;-2,45;2;3
1955-03-12 11:00:00Z;-2,4;2;3
1955-03-13 11:00:00Z;-2,36;2;3
1955-03-14 11:00:00Z;-2,32;0;3
1955-03-15 11:00:00Z;-2,27;2;3
1955-03-16 11:00:00Z;-2,22;2;3
1955-03-17 11:00:00Z;-2,16;2;3
1955-03-18 11:00:00Z;-2,11;2;3
1955-03-19 11:00:00Z;-2,06;0;3
1955-03-20 11:00:00Z;-2,1;2;3
1955-03-21 11:00:00Z;-2,13;2;3
1955-03-22 11:00:00Z;-2,16;2;3
1955-03-23 11:00:00Z;-2,2;0;3
1955-03-24 11:00:00Z;-2,27;2;3
1955-03-25 11:00:00Z;-2,34;2;3
1955-03-26 11:00:00Z;-2,41;2;3
1955-03-27 11:00:00Z;-2,49;2;3
1955-03-28 11:00:00Z;-2,56;2;3
1955-03-29 11:00:00Z;-2,63;2;3
1955-03-30 11:00:00Z;-2,7;0;3
1955-03-31 11:00:00Z;-2,74;2;3
1955-04-01 11:00:00Z;-2,78;2;3
1955-04-02 11:00:00Z;-2,81;2;3
1955-04-03 11:00:00Z;-2,85;2;3
1955-04-04 11:00:00Z;-2,89;2;3
1955-04-05 11:00:00Z;-2,93;2;3
1955-04-06 11:00:00Z;-2,97;2;3
1955-04-07 11:00:00Z;-3,01;2;3
1955-04-08 11:00:00Z;-3,04;2;3
1955-04-09 11:00:00Z;-3,08;2;3
1955-04-10 11:00:00Z;-3,12;0;3
1955-04-11 11:00:00Z;-3,11;2;3
1955-04-12 11:00:00Z;-3,09;2;3
1955-04-13 11:00:00Z;-3,07;2;3
1955-04-14 11:00:00Z;-3,06;0;3
1955-04-15 11:00:00Z;-2,87;2;3
1955-04-16 11:00:00Z;-2,68;2;3
1955-04-17 11:00:00Z;-2,49;2;3
1955-04-18 11:00:00Z;-2,31;2;3
1955-04-19 11:00:00Z;-2,12;2;3
1955-04-20 11:00:00Z;-1,93;0;3
1955-04-21 11:00:00Z;-1,9;2;3
1955-04-22 11:00:00Z;-1,87;2;3
1955-04-23 11:00:00Z;-1,84;0;3
1955-04-24 11:00:00Z;-1,9;2;3
1955-04-25 11:00:00Z;-1,95;2;3
1955-04-26 11:00:00Z;-2,01;2;3
1955-04-27 11:00:00Z;-2,07;2;3
1955-04-28 11:00:00Z;-2,13;2;3
1955-04-29 11:00:00Z;-2,18;2;3
1955-04-30 11:00:00Z;-2,24;0;3
1955-05-01 11:00:00Z;-2,1;2;3
1955-05-02 11:00:00Z;-1,96;2;3
1955-05-03 11:00:00Z;-1,82;2;3
1955-05-04 11:00:00Z;-1,68;2;3
1955-05-05 11:00:00Z;-1,54;0;3
1955-05-06 11:00:00Z;-1,49;2;3
1955-05-07 11:00:00Z;-1,44;2;3
1955-05-08 11:00:00Z;-1,38;2;3
1955-05-09 11:00:00Z;-1,33;2;3
1955-05-10 11:00:00Z;-1,28;2;3
1955-05-11 11:00:00Z;-1,23;2;3
1955-05-12 11:00:00Z;-1,18;2;3
1955-05-13 11:00:00Z;-1,13;2;3
1955-05-14 11:00:00Z;-1,07;2;3
1955-05-15 11:00:00Z;-1,02;2;3
1955-05-16 11:00:00Z;-0,97;0;3
1955-05-17 11:00:00Z;-0,9;2;3
1955-05-18 11:00:00Z;-0,82;2;3
1955-05-19 11:00:00Z;-0,75;2;3
1955-05-20 11:00:00Z;-0,67;0;3
1955-05-21 11:00:00Z;-0,52;2;3
1955-05-22 11:00:00Z;-0,37;2;3
1955-05-23 11:00:00Z;-0,22;0;3
1955-05-24 11:00:00Z;-0,06;2;3
1955-05-25 11:00:00Z;0,1;0;3
1955-05-26 11:00:00Z;0,13;2;3
1955-05-27 11:00:00Z;0,15;2;3
1955-05-28 11:00:00Z;0,18;0;3
1955-05-29 11:00:00Z;0,14;2;3
1955-05-30 11:00:00Z;0,1;2;3
1955-05-31 11:00:00Z;0,06;0;3
1955-06-01 11:00:00Z;0,04;2;3
1955-06-02 11:00:00Z;0,01;2;3
1955-06-03 11:00:00Z;-0,01;2;3
1955-06-04 11:00:00Z;-0,03;2;3
1955-06-05 11:00:00Z;-0,06;2;3
1955-06-06 11:00:00Z;-0,08;0;3
1955-06-07 11:00:00Z;-0,12;2;3
1955-06-08 11:00:00Z;-0,17;2;3
1955-06-09 11:00:00Z;-0,21;2;3
1955-06-10 11:00:00Z;-0,26;0;3
1955-06-11 11:00:00Z;-0,23;2;3
1955-06-12 11:00:00Z;-0,2;2;3
1955-06-13 11:00:00Z;-0,17;2;3
1955-06-14 11:00:00Z;-0,15;2;3
1955-06-15 11:00:00Z;-0,12;2;3
1955-06-16 11:00:00Z;-0,09;2;3
1955-06-17 11:00:00Z;-0,06;0;3
1955-06-18 11:00:00Z;-0,03;2;3
1955-06-19 11:00:00Z;0,01;2;3
1955-06-20 11:00:00Z;0,04;0;3
1955-06-21 11:00:00Z;-0,03;2;3
1955-06-22 11:00:00Z;-0,1;2;3
1955-06-23 11:00:00Z;-0,18;2;3
1955-06-24 11:00:00Z;-0,25;0;3
1955-06-25 11:00:00Z;-0,31;2;3
1955-06-26 11:00:00Z;-0,36;2;3
1955-06-27 11:00:00Z;-0,41;2;3
1955-06-28 11:00:00Z;-0,47;2;3
1955-06-29 11:00:00Z;-0,52;2;3
1955-06-30 11:00:00Z;-0,58;0;3
1955-07-01 11:00:00Z;-0,67;2;3
1955-07-02 11:00:00Z;-0,76;2;3
1955-07-03 11:00:00Z;-0,86;2;3
1955-07-04 11:00:00Z;-0,95;2;3
1955-07-05 11:00:00Z;-1,04;0;3
1955-07-06 11:00:00Z;-1,11;2;3
1955-07-07 11:00:00Z;-1,18;2;3
1955-07-08 11:00:00Z;-1,25;2;3
1955-07-09 11:00:00Z;-1,32;2;3
1955-07-10 11:00:00Z;-1,39;2;3
1955-07-11 11:00:00Z;-1,46;0;3
1955-07-12 11:00:00Z;-1,55;2;3
1955-07-13 11:00:00Z;-1,63;2;3
1955-07-14 11:00:00Z;-1,72;0;3
1955-07-15 11:00:00Z;-1,65;2;3
1955-07-16 11:00:00Z;-1,58;2;3
1955-07-17 11:00:00Z;-1,51;2;3
1955-07-18 11:00:00Z;-1,44;2;3
1955-07-19 11:00:00Z;-1,37;2;3
1955-07-20 11:00:00Z;-1,3;0;3
1955-07-21 11:00:00Z;-1,31;2;3
1955-07-22 11:00:00Z;-1,33;2;3
1955-07-23 11:00:00Z;-1,35;2;3
1955-07-24 11:00:00Z;-1,36;2;3
1955-07-25 11:00:00Z;-1,38;2;3
1955-07-26 11:00:00Z;-1,39;2;3
1955-07-27 11:00:00Z;-1,4;2;3
1955-07-28 11:00:00Z;-1,42;2;3
1955-07-29 11:00:00Z;-1,44;2;3
1955-07-30 11:00:00Z;-1,45;0;3
1955-07-31 11:00:00Z;-1,48;2;3
1955-08-01 11:00:00Z;-1,51;2;3
1955-08-02 11:00:00Z;-1,54;2;3
1955-08-03 11:00:00Z;-1,57;2;3
1955-08-04 11:00:00Z;-1,6;2;3
1955-08-05 11:00:00Z;-1,63;2;3
1955-08-06 11:00:00Z;-1,66;2;3
1955-08-07 11:00:00Z;-1,69;2;3
1955-08-08 11:00:00Z;-1,72;2;3
1955-08-09 11:00:00Z;-1,75;2;3
1955-08-10 11:00:00Z;-1,78;0;3
1955-08-11 11:00:00Z;-1,84;2;3
1955-08-12 11:00:00Z;-1,89;2;3
1955-08-13 11:00:00Z;-1,95;2;3
1955-08-14 11:00:00Z;-2,01;2;3
1955-08-15 11:00:00Z;-2,07;2;3
1955-08-16 11:00:00Z;-2,12;2;3
1955-08-17 11:00:00Z;-2,18;0;3
1955-08-18 11:00:00Z;-2,24;2;3
1955-08-19 11:00:00Z;-2,3;2;3
1955-08-20 11:00:00Z;-2,36;0;3
1955-08-21 11:00:00Z;-2,43;2;3
1955-08-22 11:00:00Z;-2,51;2;3
1955-08-23 11:00:00Z;-2,59;2;3
1955-08-24 11:00:00Z;-2,66;0;3
1955-08-25 11:00:00Z;-2,73;2;3
1955-08-26 11:00:00Z;-2,81;2;3
1955-08-27 11:00:00Z;-2,88;2;3
1955-08-28 11:00:00Z;-2,96;2;3
1955-08-29 11:00:00Z;-3,03;2;3
1955-08-30 11:00:00Z;-3,11;2;3
1955-08-31 11:00:00Z;-3,18;0;3
1955-09-01 11:00:00Z;-3,16;2;3
1955-09-02 11:00:00Z;-3,14;2;3
1955-09-03 11:00:00Z;-3,13;2;3
1955-09-04 11:00:00Z;-3,11;2;3
1955-09-05 11:00:00Z;-3,09;2;3
1955-09-06 11:00:00Z;-3,07;2;3
1955-09-07 11:00:00Z;-3,05;2;3
1955-09-08 11:00:00Z;-3,04;2;3
1955-09-09 11:00:00Z;-3,02;2;3
1955-09-10 11:00:00Z;-3;0;3
1955-09-11 11:00:00Z;-2,95;2;3
1955-09-12 11:00:00Z;-2,9;2;3
1955-09-13 11:00:00Z;-2,85;2;3
1955-09-14 11:00:00Z;-2,8;2;3
1955-09-15 11:00:00Z;-2,75;2;3
1955-09-16 11:00:00Z;-2,7;0;3
1955-09-17 11:00:00Z;-2,7;2;3
1955-09-18 11:00:00Z;-2,7;0;3
1955-09-19 11:00:00Z;-2,71;2;3
1955-09-20 11:00:00Z;-2,71;2;3
1955-09-21 11:00:00Z;-2,72;2;3
1955-09-22 11:00:00Z;-2,73;2;3
1955-09-23 11:00:00Z;-2,73;2;3
1955-09-24 11:00:00Z;-2,74;2;3
1955-09-25 11:00:00Z;-2,74;2;3
1955-09-26 11:00:00Z;-2,75;2;3
1955-09-27 11:00:00Z;-2,76;2;3
1955-09-28 11:00:00Z;-2,76;2;3
1955-09-29 11:00:00Z;-2,77;0;3
1955-09-30 11:00:00Z;-2,58;2;3
1955-10-01 11:00:00Z;-2,39;2;3
1955-10-02 11:00:00Z;-2,2;0;3
1955-10-03 11:00:00Z;-2,25;2;3
1955-10-04 11:00:00Z;-2,29;2;3
1955-10-05 11:00:00Z;-2,34;0;3
1955-10-06 11:00:00Z;-2,3;2;3
1955-10-07 11:00:00Z;-2,25;2;3
1955-10-08 11:00:00Z;-2,21;2;3
1955-10-09 11:00:00Z;-2,16;2;3
1955-10-10 11:00:00Z;-2,12;0;3
1955-10-11 11:00:00Z;-2,07;2;3
1955-10-12 11:00:00Z;-2,03;2;3
1955-10-13 11:00:00Z;-1,98;0;3
1955-10-14 11:00:00Z;-1,9;2;3
1955-10-15 11:00:00Z;-1,82;0;3
1955-10-16 11:00:00Z;-1,81;2;3
1955-10-17 11:00:00Z;-1,8;0;3
1955-10-18 11:00:00Z;-1,86;2;3
1955-10-19 11:00:00Z;-1,93;2;3
1955-10-20 11:00:00Z;-1,99;2;3
1955-10-21 11:00:00Z;-2,05;2;3
1955-10-22 11:00:00Z;-2,12;2;3
1955-10-23 11:00:00Z;-2,18;0;3
1955-10-24 11:00:00Z;-2,11;2;3
1955-10-25 11:00:00Z;-2,05;2;3
1955-10-26 11:00:00Z;-1,98;0;3
1955-10-27 11:00:00Z;-1,95;2;3
1955-10-28 11:00:00Z;-1,92;2;3
1955-10-29 11:00:00Z;-1,88;2;3
1955-10-30 11:00:00Z;-1,85;2;3
1955-10-31 11:00:00Z;-1,82;0;3
1955-11-01 11:00:00Z;-1,82;2;3
1955-11-02 11:00:00Z;-1,81;2;3
1955-11-03 11:00:00Z;-1,81;2;3
1955-11-04 11:00:00Z;-1,8;2;3
1955-11-05 11:00:00Z;-1,8;2;3
1955-11-06 11:00:00Z;-1,8;2;3
1955-11-07 11:00:00Z;-1,79;2;3
1955-11-08 11:00:00Z;-1,79;2;3
1955-11-09 11:00:00Z;-1,78;2;3
1955-11-10 11:00:00Z;-1,78;0;3
1955-11-11 11:00:00Z;-1,72;2;3
1955-11-12 11:00:00Z;-1,66;2;3
1955-11-13 11:00:00Z;-1,6;2;3
1955-11-14 11:00:00Z;-1,54;2;3
1955-11-15 11:00:00Z;-1,48;0;3
1955-11-16 11:00:00Z;-1,13;2;3
1955-11-17 11:00:00Z;-0,78;2;3
1955-11-18 11:00:00Z;-0,44;2;3
1955-11-19 11:00:00Z;-0,09;2;3
1955-11-20 11:00:00Z;0,26;0;3
1955-11-21 11:00:00Z;0,33;2;3
1955-11-22 11:00:00Z;0,4;0;3
1955-11-23 11:00:00Z;0,28;2;3
1955-11-24 11:00:00Z;0,16;0;3
1955-11-25 11:00:00Z;0,32;2;3
1955-11-26 11:00:00Z;0,48;0;3
1955-11-27 11:00:00Z;0,39;2;3
1955-11-28 11:00:00Z;0,29;2;3
1955-11-29 11:00:00Z;0,2;2;3
1955-11-30 11:00:00Z;0,11;0;3
1955-12-01 11:00:00Z;0,21;2;3
1955-12-02 11:00:00Z;0,3;0;3
1955-12-03 11:00:00Z;0,31;2;3
1955-12-04 11:00:00Z;0,33;2;3
1955-12-05 11:00:00Z;0,35;2;3
1955-12-06 11:00:00Z;0,36;0;3
1955-12-07 11:00:00Z;0,29;2;3
1955-12-08 11:00:00Z;0,22;2;3
1955-12-09 11:00:00Z;0,15;2;3
1955-12-10 11:00:00Z;0,08;0;3
1955-12-11 11:00:00Z;0,07;2;3
1955-12-12 11:00:00Z;0,06;2;3
1955-12-13 11:00:00Z;0,06;2;3
1955-12-14 11:00:00Z;0,05;2;3
1955-12-15 11:00:00Z;0,04;0;3
1955-12-16 11:00:00Z;0,01;2;3
1955-12-17 11:00:00Z;-0,02;2;3
1955-12-18 11:00:00Z;-0,06;2;3
1955-12-19 11:00:00Z;-0,09;2;3
1955-12-20 11:00:00Z;-0,12;0;3
1955-12-21 11:00:00Z;-0,17;2;3
1955-12-22 11:00:00Z;-0,23;2;3
1955-12-23 11:00:00Z;-0,28;2;3
1955-12-24 11:00:00Z;-0,34;2;3
1955-12-25 11:00:00Z;-0,39;2;3
1955-12-26 11:00:00Z;-0,45;2;3
1955-12-27 11:00:00Z;-0,5;2;3
1955-12-28 11:00:00Z;-0,56;2;3
1955-12-29 11:00:00Z;-0,61;2;3
1955-12-30 11:00:00Z;-0,67;2;3
1955-12-31 11:00:00Z;-0,72;0;3
1956-01-01 11:00:00Z;-0,6;2;3
1956-01-02 11:00:00Z;-0,49;2;3
1956-01-03 11:00:00Z;-0,37;2;3
1956-01-04 11:00:00Z;-0,25;2;3
1956-01-05 11:00:00Z;-0,14;2;3
1956-01-06 11:00:00Z;-0,02;0;3
1956-01-07 11:00:00Z;0;2;3
1956-01-08 11:00:00Z;0,02;2;3
1956-01-09 11:00:00Z;0,03;2;3
1956-01-10 11:00:00Z;0,05;0;3
1956-01-11 11:00:00Z;0,04;2;3
1956-01-12 11:00:00Z;0,02;2;3
1956-01-13 11:00:00Z;0;2;3
1956-01-14 11:00:00Z;-0,01;0;3
1956-01-15 11:00:00Z;-0,06;2;3
1956-01-16 11:00:00Z;-0,11;2;3
1956-01-17 11:00:00Z;-0,17;2;3
1956-01-18 11:00:00Z;-0,22;2;3
1956-01-19 11:00:00Z;-0,27;2;3
1956-01-20 11:00:00Z;-0,32;0;3
1956-01-21 11:00:00Z;-0,37;2;3
1956-01-22 11:00:00Z;-0,41;2;3
1956-01-23 11:00:00Z;-0,46;2;3
1956-01-24 11:00:00Z;-0,51;2;3
1956-01-25 11:00:00Z;-0,56;2;3
1956-01-26 11:00:00Z;-0,61;2;3
1956-01-27 11:00:00Z;-0,65;2;3
1956-01-28 11:00:00Z;-0,7;0;3
1956-01-29 11:00:00Z;-0,73;2;3
1956-01-30 11:00:00Z;-0,77;2;3
1956-01-31 11:00:00Z;-0,8;0;3
1956-02-01 11:00:00Z;-0,86;2;3
1956-02-02 11:00:00Z;-0,93;2;3
1956-02-03 11:00:00Z;-0,99;2;3
1956-02-04 11:00:00Z;-1,05;2;3
1956-02-05 11:00:00Z;-1,12;2;3
1956-02-06 11:00:00Z;-1,18;0;3
1956-02-07 11:00:00Z;-1,26;2;3
1956-02-08 11:00:00Z;-1,35;2;3
1956-02-09 11:00:00Z;-1,43;2;3
1956-02-10 11:00:00Z;-1,52;0;3
1956-02-11 11:00:00Z;-1,68;2;3
1956-02-12 11:00:00Z;-1,83;2;3
1956-02-13 11:00:00Z;-1,99;2;3
1956-02-14 11:00:00Z;-2,14;2;3
1956-02-15 11:00:00Z;-2,3;0;3
1956-02-16 11:00:00Z;-2,36;2;3
1956-02-17 11:00:00Z;-2,43;2;3
1956-02-18 11:00:00Z;-2,49;2;3
1956-02-19 11:00:00Z;-2,56;2;3
1956-02-20 11:00:00Z;-2,62;2;3
1956-02-21 11:00:00Z;-2,69;2;3
1956-02-22 11:00:00Z;-2,75;2;3
1956-02-23 11:00:00Z;-2,82;2;3
1956-02-24 11:00:00Z;-2,88;0;3
1956-02-25 11:00:00Z;-2,91;2;3
1956-02-26 11:00:00Z;-2,95;2;3
1956-02-27 11:00:00Z;-2,98;2;3
1956-02-28 11:00:00Z;-3,01;2;3
1956-02-29 11:00:00Z;-3,05;2;3
1956-03-01 11:00:00Z;-3,08;2;3
1956-03-02 11:00:00Z;-3,11;2;3
1956-03-03 11:00:00Z;-3,15;2;3
1956-03-04 11:00:00Z;-3,18;2;3
1956-03-05 11:00:00Z;-3,21;2;3
1956-03-06 11:00:00Z;-3,25;2;3
1956-03-07 11:00:00Z;-3,28;2;3
1956-03-08 11:00:00Z;-3,31;2;3
1956-03-09 11:00:00Z;-3,35;2;3
1956-03-10 11:00:00Z;-3,38;0;3
1956-03-11 11:00:00Z;-3,38;2;3
1956-03-12 11:00:00Z;-3,38;2;3
1956-03-13 11:00:00Z;-3,38;2;3
1956-03-14 11:00:00Z;-3,38;2;3
1956-03-15 11:00:00Z;-3,38;2;3
1956-03-16 11:00:00Z;-3,38;2;3
1956-03-17 11:00:00Z;-3,38;2;3
1956-03-18 11:00:00Z;-3,38;2;3
1956-03-19 11:00:00Z;-3,38;2;3
1956-03-20 11:00:00Z;-3,38;0;3
1956-03-21 11:00:00Z;-3,37;2;3
1956-03-22 11:00:00Z;-3,36;2;3
1956-03-23 11:00:00Z;-3,35;2;3
1956-03-24 11:00:00Z;-3,34;2;3
1956-03-25 11:00:00Z;-3,33;2;3
1956-03-26 11:00:00Z;-3,31;2;3
1956-03-27 11:00:00Z;-3,3;2;3
1956-03-28 11:00:00Z;-3,29;2;3
1956-03-29 11:00:00Z;-3,28;2;3
1956-03-30 11:00:00Z;-3,27;2;3
1956-03-31 11:00:00Z;-3,26;0;3
1956-04-01 11:00:00Z;-2,73;2;3
1956-04-02 11:00:00Z;-2,21;2;3
1956-04-03 11:00:00Z;-1,68;0;3
1956-04-04 11:00:00Z;-1,7;2;3
1956-04-05 11:00:00Z;-1,72;2;3
1956-04-06 11:00:00Z;-1,74;2;3
1956-04-07 11:00:00Z;-1,76;2;3
1956-04-08 11:00:00Z;-1,78;2;3
1956-04-09 11:00:00Z;-1,8;2;3
1956-04-10 11:00:00Z;-1,82;0;3
1956-04-11 11:00:00Z;-1,85;2;3
1956-04-12 11:00:00Z;-1,89;2;3
1956-04-13 11:00:00Z;-1,92;0;3
1956-04-14 11:00:00Z;-1,99;2;3
1956-04-15 11:00:00Z;-2,05;2;3
1956-04-16 11:00:00Z;-2,12;2;3
1956-04-17 11:00:00Z;-2,18;2;3
1956-04-18 11:00:00Z;-2,25;0;3
1956-04-19 11:00:00Z;-2,2;2;3
1956-04-20 11:00:00Z;-2,15;2;3
1956-04-21 11:00:00Z;-2,11;2;3
1956-04-22 11:00:00Z;-2,06;2;3
1956-04-23 11:00:00Z;-2,01;2;3
1956-04-24 11:00:00Z;-1,96;0;3
1956-04-25 11:00:00Z;-1,9;2;3
1956-04-26 11:00:00Z;-1,84;2;3
1956-04-27 11:00:00Z;-1,78;2;3
1956-04-28 11:00:00Z;-1,72;2;3
1956-04-29 11:00:00Z;-1,66;2;3
1956-04-30 11:00:00Z;-1,6;0;3
1956-05-01 11:00:00Z;-1,48;2;3
1956-05-02 11:00:00Z;-1,36;2;3
1956-05-03 11:00:00Z;-1,24;2;3
1956-05-04 11:00:00Z;-1,12;2;3
1956-05-05 11:00:00Z;-1;2;3
1956-05-06 11:00:00Z;-0,88;2;3
1956-05-07 11:00:00Z;-0,76;2;3
1956-05-08 11:00:00Z;-0,64;2;3
1956-05-09 11:00:00Z;-0,52;0;3
1956-05-10 11:00:00Z;-0,51;2;3
1956-05-11 11:00:00Z;-0,49;2;3
1956-05-12 11:00:00Z;-0,48;0;3
1956-05-13 11:00:00Z;-0,44;2;3
1956-05-14 11:00:00Z;-0,4;2;3
1956-05-15 11:00:00Z;-0,36;0;3
1956-05-16 11:00:00Z;-0,33;2;3
1956-05-17 11:00:00Z;-0,3;2;3
1956-05-18 11:00:00Z;-0,27;0;3
1956-05-19 11:00:00Z;-0,26;2;3
1956-05-20 11:00:00Z;-0,25;2;3
1956-05-21 11:00:00Z;-0,25;2;3
1956-05-22 11:00:00Z;-0,24;2;3
1956-05-23 11:00:00Z;-0,23;2;3
1956-05-24 11:00:00Z;-0,22;0;3
1956-05-25 11:00:00Z;-0,14;2;3
1956-05-26 11:00:00Z;-0,06;2;3
1956-05-27 11:00:00Z;0,02;2;3
1956-05-28 11:00:00Z;0,1;0;3
1956-05-29 11:00:00Z;0,11;2;3
1956-05-30 11:00:00Z;0,11;2;3
1956-05-31 11:00:00Z;0,12;0;3
1956-06-01 11:00:00Z;0,09;2;3
1956-06-02 11:00:00Z;0,05;2;3
1956-06-03 11:00:00Z;0,02;0;3
1956-06-04 11:00:00Z;0,02;2;3
1956-06-05 11:00:00Z;0,02;2;3
1956-06-06 11:00:00Z;0,03;2;3
1956-06-07 11:00:00Z;0,03;2;3
1956-06-08 11:00:00Z;0,03;0;3
1956-06-09 11:00:00Z;0;2;3
1956-06-10 11:00:00Z;-0,02;2;3
1956-06-11 11:00:00Z;-0,05;0;3
1956-06-12 11:00:00Z;-0,02;2;3
1956-06-13 11:00:00Z;0;2;3
1956-06-14 11:00:00Z;0,03;0;3
1956-06-15 11:00:00Z;-0,01;2;3
1956-06-16 11:00:00Z;-0,05;2;3
1956-06-17 11:00:00Z;-0,1;2;3
1956-06-18 11:00:00Z;-0,14;0;3
1956-06-19 11:00:00Z;-0,15;2;3
1956-06-20 11:00:00Z;-0,16;2;3
1956-06-21 11:00:00Z;-0,17;2;3
1956-06-22 11:00:00Z;-0,19;2;3
1956-06-23 11:00:00Z;-0,2;2;3
1956-06-24 11:00:00Z;-0,21;2;3
1956-06-25 11:00:00Z;-0,22;0;3
1956-06-26 11:00:00Z;-0,29;2;3
1956-06-27 11:00:00Z;-0,36;2;3
1956-06-28 11:00:00Z;-0,44;2;3
1956-06-29 11:00:00Z;-0,51;2;3
1956-06-30 11:00:00Z;-0,58;0;3
1956-07-01 11:00:00Z;-0,56;2;3
1956-07-02 11:00:00Z;-0,55;2;3
1956-07-03 11:00:00Z;-0,53;2;3
1956-07-04 11:00:00Z;-0,52;0;3
1956-07-05 11:00:00Z;-0,57;2;3
1956-07-06 11:00:00Z;-0,62;2;3
1956-07-07 11:00:00Z;-0,67;2;3
1956-07-08 11:00:00Z;-0,72;2;3
1956-07-09 11:00:00Z;-0,77;2;3
1956-07-10 11:00:00Z;-0,82;0;3
1956-07-11 11:00:00Z;-0,85;2;3
1956-07-12 11:00:00Z;-0,88;2;3
1956-07-13 11:00:00Z;-0,91;2;3
1956-07-14 11:00:00Z;-0,94;2;3
1956-07-15 11:00:00Z;-0,97;2;3
1956-07-16 11:00:00Z;-1;2;3
1956-07-17 11:00:00Z;-1,03;0;3
1956-07-18 11:00:00Z;-1,09;2;3
1956-07-19 11:00:00Z;-1,15;2;3
1956-07-20 11:00:00Z;-1,21;0;3
1956-07-21 11:00:00Z;-1,25;2;3
1956-07-22 11:00:00Z;-1,3;2;3
1956-07-23 11:00:00Z;-1,34;2;3
1956-07-24 11:00:00Z;-1,38;2;3
1956-07-25 11:00:00Z;-1,43;2;3
1956-07-26 11:00:00Z;-1,47;2;3
1956-07-27 11:00:00Z;-1,52;2;3
1956-07-28 11:00:00Z;-1,56;0;3
1956-07-29 11:00:00Z;-1,61;2;3
1956-07-30 11:00:00Z;-1,67;2;3
1956-07-31 11:00:00Z;-1,72;0;3
1956-08-01 11:00:00Z;-1,73;2;3
1956-08-02 11:00:00Z;-1,73;2;3
1956-08-03 11:00:00Z;-1,74;2;3
1956-08-04 11:00:00Z;-1,75;2;3
1956-08-05 11:00:00Z;-1,75;2;3
1956-08-06 11:00:00Z;-1,76;2;3
1956-08-07 11:00:00Z;-1,76;2;3
1956-08-08 11:00:00Z;-1,77;0;3
1956-08-09 11:00:00Z;-1,78;2;3
1956-08-10 11:00:00Z;-1,8;2;3
1956-08-11 11:00:00Z;-1,81;2;3
1956-08-12 11:00:00Z;-1,82;2;3
1956-08-13 11:00:00Z;-1,83;2;3
1956-08-14 11:00:00Z;-1,85;2;3
1956-08-15 11:00:00Z;-1,86;0;3
1956-08-16 11:00:00Z;-1,89;2;3
1956-08-17 11:00:00Z;-1,92;2;3
1956-08-18 11:00:00Z;-1,96;2;3
1956-08-19 11:00:00Z;-1,99;0;3
1956-08-20 11:00:00Z;-2,02;2;3
1956-08-21 11:00:00Z;-2,05;2;3
1956-08-22 11:00:00Z;-2,08;2;3
1956-08-23 11:00:00Z;-2,11;2;3
1956-08-24 11:00:00Z;-2,13;2;3
1956-08-25 11:00:00Z;-2,16;2;3
1956-08-26 11:00:00Z;-2,19;2;3
1956-08-27 11:00:00Z;-2,22;0;3
1956-08-28 11:00:00Z;-2,25;2;3
1956-08-29 11:00:00Z;-2,28;2;3
1956-08-30 11:00:00Z;-2,31;2;3
1956-08-31 11:00:00Z;-2,34;0;3
1956-09-01 11:00:00Z;-2,37;2;3
1956-09-02 11:00:00Z;-2,39;2;3
1956-09-03 11:00:00Z;-2,42;2;3
1956-09-04 11:00:00Z;-2,44;2;3
1956-09-05 11:00:00Z;-2,47;2;3
1956-09-06 11:00:00Z;-2,5;2;3
1956-09-07 11:00:00Z;-2,52;2;3
1956-09-08 11:00:00Z;-2,55;2;3
1956-09-09 11:00:00Z;-2,57;2;3
1956-09-10 11:00:00Z;-2,6;0;3
1956-09-11 11:00:00Z;-2,56;2;3
1956-09-12 11:00:00Z;-2,53;2;3
1956-09-13 11:00:00Z;-2,49;2;3
1956-09-14 11:00:00Z;-2,46;2;3
1956-09-15 11:00:00Z;-2,42;0;3
1956-09-16 11:00:00Z;-2,41;2;3
1956-09-17 11:00:00Z;-2,4;2;3
1956-09-18 11:00:00Z;-2,4;2;3
1956-09-19 11:00:00Z;-2,39;2;3
1956-09-20 11:00:00Z;-2,38;0;3
1956-09-21 11:00:00Z;-2,4;2;3
1956-09-22 11:00:00Z;-2,42;2;3
1956-09-23 11:00:00Z;-2,43;2;3
1956-09-24 11:00:00Z;-2,45;2;3
1956-09-25 11:00:00Z;-2,47;2;3
1956-09-26 11:00:00Z;-2,49;2;3
1956-09-27 11:00:00Z;-2,51;2;3
1956-09-28 11:00:00Z;-2,52;2;3
1956-09-29 11:00:00Z;-2,54;2;3
1956-09-30 11:00:00Z;-2,56;0;3
1956-10-01 11:00:00Z;-2,54;2;3
1956-10-02 11:00:00Z;-2,52;2;3
1956-10-03 11:00:00Z;-2,51;2;3
1956-10-04 11:00:00Z;-2,49;2;3
1956-10-05 11:00:00Z;-2,47;2;3
1956-10-06 11:00:00Z;-2,45;2;3
1956-10-07 11:00:00Z;-2,43;2;3
1956-10-08 11:00:00Z;-2,42;2;3
1956-10-09 11:00:00Z;-2,4;2;3
1956-10-10 11:00:00Z;-2,38;0;3
1956-10-11 11:00:00Z;-2,09;2;3
1956-10-12 11:00:00Z;-1,79;2;3
1956-10-13 11:00:00Z;-1,5;0;3
1956-10-14 11:00:00Z;-1,34;2;3
1956-10-15 11:00:00Z;-1,18;0;3
1956-10-16 11:00:00Z;-1,08;2;3
1956-10-17 11:00:00Z;-0,97;2;3
1956-10-18 11:00:00Z;-0,87;2;3
1956-10-19 11:00:00Z;-0,76;2;3
1956-10-20 11:00:00Z;-0,66;0;3
1956-10-21 11:00:00Z;-0,61;2;3
1956-10-22 11:00:00Z;-0,56;2;3
1956-10-23 11:00:00Z;-0,52;2;3
1956-10-24 11:00:00Z;-0,47;2;3
1956-10-25 11:00:00Z;-0,42;2;3
1956-10-26 11:00:00Z;-0,37;2;3
1956-10-27 11:00:00Z;-0,32;2;3
1956-10-28 11:00:00Z;-0,28;2;3
1956-10-29 11:00:00Z;-0,23;2;3
1956-10-30 11:00:00Z;-0,18;0;3
1956-10-31 11:00:00Z;0,05;0;3
1956-11-01 11:00:00Z;0,39;0;3
1956-11-02 11:00:00Z;0,21;0;3
1956-11-03 11:00:00Z;0,2;2;3
1956-11-04 11:00:00Z;0,18;2;3
1956-11-05 11:00:00Z;0,17;0;3
1956-11-06 11:00:00Z;0,15;2;3
1956-11-07 11:00:00Z;0,14;2;3
1956-11-08 11:00:00Z;0,12;2;3
1956-11-09 11:00:00Z;0,11;2;3
1956-11-10 11:00:00Z;0,09;0;3
1956-11-11 11:00:00Z;0,09;2;3
1956-11-12 11:00:00Z;0,09;2;3
1956-11-13 11:00:00Z;0,08;2;3
1956-11-14 11:00:00Z;0,08;2;3
1956-11-15 11:00:00Z;0,08;0;3
1956-11-16 11:00:00Z;0,14;2;3
1956-11-17 11:00:00Z;0,21;0;3
1956-11-18 11:00:00Z;0,17;2;3
1956-11-19 11:00:00Z;0,12;2;3
1956-11-20 11:00:00Z;0,08;2;3
1956-11-21 11:00:00Z;0,04;0;3
1956-11-22 11:00:00Z;0,03;2;3
1956-11-23 11:00:00Z;0,01;2;3
1956-11-24 11:00:00Z;0;2;3
1956-11-25 11:00:00Z;-0,01;2;3
1956-11-26 11:00:00Z;-0,03;2;3
1956-11-27 11:00:00Z;-0,04;0;3
1956-11-28 11:00:00Z;-0,09;2;3
1956-11-29 11:00:00Z;-0,15;2;3
1956-11-30 11:00:00Z;-0,2;0;3
1956-12-01 11:00:00Z;-0,25;2;3
1956-12-02 11:00:00Z;-0,31;2;3
1956-12-03 11:00:00Z;-0,37;2;3
1956-12-04 11:00:00Z;-0,42;2;3
1956-12-05 11:00:00Z;-0,48;2;3
1956-12-06 11:00:00Z;-0,53;2;3
1956-12-07 11:00:00Z;-0,58;2;3
1956-12-08 11:00:00Z;-0,64;0;3
1956-12-09 11:00:00Z;-0,64;2;3
1956-12-10 11:00:00Z;-0,64;2;3
1956-12-11 11:00:00Z;-0,64;2;3
1956-12-12 11:00:00Z;-0,64;2;3
1956-12-13 11:00:00Z;-0,64;2;3
1956-12-14 11:00:00Z;-0,64;2;3
1956-12-15 11:00:00Z;-0,64;0;3
1956-12-16 11:00:00Z;-0,65;2;3
1956-12-17 11:00:00Z;-0,66;2;3
1956-12-18 11:00:00Z;-0,67;2;3
1956-12-19 11:00:00Z;-0,68;2;3
1956-12-20 11:00:00Z;-0,68;2;3
1956-12-21 11:00:00Z;-0,69;2;3
1956-12-22 11:00:00Z;-0,7;2;3
1956-12-23 11:00:00Z;-0,71;2;3
1956-12-24 11:00:00Z;-0,72;0;3
1956-12-25 11:00:00Z;-0,75;2;3
1956-12-26 11:00:00Z;-0,77;2;3
1956-12-27 11:00:00Z;-0,8;2;3
1956-12-28 11:00:00Z;-0,82;2;3
1956-12-29 11:00:00Z;-0,85;2;3
1956-12-30 11:00:00Z;-0,87;2;3
1956-12-31 11:00:00Z;-0,9;0;3
1957-01-01 11:00:00Z;-0,97;2;3
1957-01-02 11:00:00Z;-1,05;0;3
1957-01-03 11:00:00Z;-1,13;2;3
1957-01-04 11:00:00Z;-1,21;2;3
1957-01-05 11:00:00Z;-1,3;2;3
1957-01-06 11:00:00Z;-1,38;2;3
1957-01-07 11:00:00Z;-1,46;0;3
1957-01-08 11:00:00Z;-0,69;2;3
1957-01-09 11:00:00Z;0,07;0;3
1957-01-10 11:00:00Z;0,21;0;3
1957-01-11 11:00:00Z;0,16;2;3
1957-01-12 11:00:00Z;0,11;2;3
1957-01-13 11:00:00Z;0,07;2;3
1957-01-14 11:00:00Z;0,02;0;3
1957-01-15 11:00:00Z;0,05;2;3
1957-01-16 11:00:00Z;0,08;2;3
1957-01-17 11:00:00Z;0,11;2;3
1957-01-18 11:00:00Z;0,15;2;3
1957-01-19 11:00:00Z;0,18;2;3
1957-01-20 11:00:00Z;0,21;2;3
1957-01-21 11:00:00Z;0,24;0;3
1957-01-22 11:00:00Z;0,19;2;3
1957-01-23 11:00:00Z;0,13;2;3
1957-01-24 11:00:00Z;0,08;2;3
1957-01-25 11:00:00Z;0,02;0;3
1957-01-26 11:00:00Z;0;2;3
1957-01-27 11:00:00Z;-0,03;2;3
1957-01-28 11:00:00Z;-0,05;2;3
1957-01-29 11:00:00Z;-0,08;0;3
1957-01-30 11:00:00Z;-0,1;2;3
1957-01-31 11:00:00Z;-0,12;0;3
1957-02-01 11:00:00Z;-0,17;2;3
1957-02-02 11:00:00Z;-0,22;0;3
1957-02-03 11:00:00Z;-0,2;2;3
1957-02-04 11:00:00Z;-0,17;2;3
1957-02-05 11:00:00Z;-0,15;2;3
1957-02-06 11:00:00Z;-0,12;2;3
1957-02-07 11:00:00Z;-0,1;0;3
1957-02-08 11:00:00Z;-0,12;2;3
1957-02-09 11:00:00Z;-0,15;2;3
1957-02-10 11:00:00Z;-0,18;2;3
1957-02-11 11:00:00Z;-0,2;0;3
1957-02-12 11:00:00Z;-0,27;2;3
1957-02-13 11:00:00Z;-0,34;2;3
1957-02-14 11:00:00Z;-0,41;2;3
1957-02-15 11:00:00Z;-0,48;0;3
1957-02-16 11:00:00Z;-0,57;2;3
1957-02-17 11:00:00Z;-0,66;2;3
1957-02-18 11:00:00Z;-0,75;2;3
1957-02-19 11:00:00Z;-0,85;2;3
1957-02-20 11:00:00Z;-0,94;2;3
1957-02-21 11:00:00Z;-1,03;2;3
1957-02-22 11:00:00Z;-1,12;0;3
1957-02-23 11:00:00Z;-1,24;2;3
1957-02-24 11:00:00Z;-1,36;2;3
1957-02-25 11:00:00Z;-1,48;0;3
1957-02-26 11:00:00Z;-1,58;2;3
1957-02-27 11:00:00Z;-1,68;2;3
1957-02-28 11:00:00Z;-1,78;0;3
1957-03-01 11:00:00Z;-1,85;2;3
1957-03-02 11:00:00Z;-1,92;2;3
1957-03-03 11:00:00Z;-1,99;2;3
1957-03-04 11:00:00Z;-2,06;2;3
1957-03-05 11:00:00Z;-2,13;2;3
1957-03-06 11:00:00Z;-2,2;0;3
1957-03-07 11:00:00Z;-2,28;2;3
1957-03-08 11:00:00Z;-2,36;2;3
1957-03-09 11:00:00Z;-2,44;2;3
1957-03-10 11:00:00Z;-2,52;2;3
1957-03-11 11:00:00Z;-2,6;0;3
1957-03-12 11:00:00Z;-2,5;2;3
1957-03-13 11:00:00Z;-2,41;2;3
1957-03-14 11:00:00Z;-2,32;2;3
1957-03-15 11:00:00Z;-2,22;0;3
1957-03-16 11:00:00Z;-2,29;2;3
1957-03-17 11:00:00Z;-2,35;2;3
1957-03-18 11:00:00Z;-2,42;0;3
1957-03-19 11:00:00Z;-2,46;2;3
1957-03-20 11:00:00Z;-2,49;2;3
1957-03-21 11:00:00Z;-2,53;2;3
1957-03-22 11:00:00Z;-2,56;2;3
1957-03-23 11:00:00Z;-2,6;0;3
1957-03-24 11:00:00Z;-2,65;2;3
1957-03-25 11:00:00Z;-2,69;2;3
1957-03-26 11:00:00Z;-2,74;2;3
1957-03-27 11:00:00Z;-2,78;2;3
1957-03-28 11:00:00Z;-2,83;2;3
1957-03-29 11:00:00Z;-2,87;2;3
1957-03-30 11:00:00Z;-2,92;0;3
1957-03-31 11:00:00Z;-2,97;2;3
1957-04-01 11:00:00Z;-3,02;2;3
1957-04-02 11:00:00Z;-3,07;2;3
1957-04-03 11:00:00Z;-3,12;0;3
1957-04-04 11:00:00Z;-3,05;2;3
1957-04-05 11:00:00Z;-2,99;2;3
1957-04-06 11:00:00Z;-2,92;2;3
1957-04-07 11:00:00Z;-2,86;2;3
1957-04-08 11:00:00Z;-2,79;2;3
1957-04-09 11:00:00Z;-2,73;2;3
1957-04-10 11:00:00Z;-2,66;2;3
1957-04-11 11:00:00Z;-2,6;2;3
1957-04-12 11:00:00Z;-2,53;0;3
1957-04-13 11:00:00Z;-2,56;2;3
1957-04-14 11:00:00Z;-2,59;2;3
1957-04-15 11:00:00Z;-2,62;2;3
1957-04-16 11:00:00Z;-2,65;2;3
1957-04-17 11:00:00Z;-2,68;0;3
1957-04-18 11:00:00Z;-2,64;2;3
1957-04-19 11:00:00Z;-2,6;2;3
1957-04-20 11:00:00Z;-2,56;2;3
1957-04-21 11:00:00Z;-2,52;2;3
1957-04-22 11:00:00Z;-2,48;2;3
1957-04-23 11:00:00Z;-2,44;2;3
1957-04-24 11:00:00Z;-2,4;0;3
1957-04-25 11:00:00Z;-2,41;2;3
1957-04-26 11:00:00Z;-2,42;2;3
1957-04-27 11:00:00Z;-2,43;2;3
1957-04-28 11:00:00Z;-2,44;2;3
1957-04-29 11:00:00Z;-2,45;2;3
1957-04-30 11:00:00Z;-2,46;0;3
1957-05-01 11:00:00Z;-2,48;2;3
1957-05-02 11:00:00Z;-2,5;2;3
1957-05-03 11:00:00Z;-2,51;2;3
1957-05-04 11:00:00Z;-2,53;2;3
1957-05-05 11:00:00Z;-2,55;2;3
1957-05-06 11:00:00Z;-2,57;2;3
1957-05-07 11:00:00Z;-2,59;2;3
1957-05-08 11:00:00Z;-2,6;2;3
1957-05-09 11:00:00Z;-2,62;2;3
1957-05-10 11:00:00Z;-2,64;0;3
1957-05-11 11:00:00Z;-2,67;2;3
1957-05-12 11:00:00Z;-2,7;2;3
1957-05-13 11:00:00Z;-2,72;2;3
1957-05-14 11:00:00Z;-2,75;2;3
1957-05-15 11:00:00Z;-2,78;0;3
1957-05-16 11:00:00Z;-2,78;2;3
1957-05-17 11:00:00Z;-2,77;2;3
1957-05-18 11:00:00Z;-2,77;2;3
1957-05-19 11:00:00Z;-2,76;2;3
1957-05-20 11:00:00Z;-2,76;0;3
1957-05-21 11:00:00Z;-2,73;2;3
1957-05-22 11:00:00Z;-2,7;2;3
1957-05-23 11:00:00Z;-2,68;2;3
1957-05-24 11:00:00Z;-2,65;2;3
1957-05-25 11:00:00Z;-2,62;0;3
1957-05-26 11:00:00Z;-2,59;2;3
1957-05-27 11:00:00Z;-2,57;2;3
1957-05-28 11:00:00Z;-2,54;2;3
1957-05-29 11:00:00Z;-2,51;2;3
1957-05-30 11:00:00Z;-2,49;2;3
1957-05-31 11:00:00Z;-2,46;0;3
1957-06-01 11:00:00Z;-2,48;2;3
1957-06-02 11:00:00Z;-2,5;2;3
1957-06-03 11:00:00Z;-2,52;2;3
1957-06-04 11:00:00Z;-2,54;2;3
1957-06-05 11:00:00Z;-2,56;2;3
1957-06-06 11:00:00Z;-2,58;2;3
1957-06-07 11:00:00Z;-2,6;2;3
1957-06-08 11:00:00Z;-2,62;2;3
1957-06-09 11:00:00Z;-2,64;2;3
1957-06-10 11:00:00Z;-2,66;0;3
1957-06-11 11:00:00Z;-2,64;2;3
1957-06-12 11:00:00Z;-2,61;2;3
1957-06-13 11:00:00Z;-2,59;2;3
1957-06-14 11:00:00Z;-2,56;2;3
1957-06-15 11:00:00Z;-2,54;0;3
1957-06-16 11:00:00Z;-2,52;2;3
1957-06-17 11:00:00Z;-2,5;2;3
1957-06-18 11:00:00Z;-2,48;2;3
1957-06-19 11:00:00Z;-2,46;2;3
1957-06-20 11:00:00Z;-2,44;2;3
1957-06-21 11:00:00Z;-2,42;0;3
1957-06-22 11:00:00Z;-2,45;2;3
1957-06-23 11:00:00Z;-2,48;2;3
1957-06-24 11:00:00Z;-2,51;2;3
1957-06-25 11:00:00Z;-2,53;2;3
1957-06-26 11:00:00Z;-2,56;2;3
1957-06-27 11:00:00Z;-2,59;2;3
1957-06-28 11:00:00Z;-2,62;0;3
1957-06-29 11:00:00Z;-2,63;2;3
1957-06-30 11:00:00Z;-2,64;2;3
1957-07-01 11:00:00Z;-2,65;2;3
1957-07-02 11:00:00Z;-2,66;2;3
1957-07-03 11:00:00Z;-2,67;2;3
1957-07-04 11:00:00Z;-2,68;2;3
1957-07-05 11:00:00Z;-2,69;2;3
1957-07-06 11:00:00Z;-2,7;0;3
1957-07-07 11:00:00Z;-2,73;2;3
1957-07-08 11:00:00Z;-2,76;2;3
1957-07-09 11:00:00Z;-2,79;2;3
1957-07-10 11:00:00Z;-2,82;0;3
1957-07-11 11:00:00Z;-2,87;2;3
1957-07-12 11:00:00Z;-2,91;2;3
1957-07-13 11:00:00Z;-2,96;2;3
1957-07-14 11:00:00Z;-3,01;2;3
1957-07-15 11:00:00Z;-3,05;2;3
1957-07-16 11:00:00Z;-3,1;0;3
1957-07-17 11:00:00Z;-3,11;2;3
1957-07-18 11:00:00Z;-3,12;2;3
1957-07-19 11:00:00Z;-3,13;2;3
1957-07-20 11:00:00Z;-3,14;2;3
1957-07-21 11:00:00Z;-3,14;2;3
1957-07-22 11:00:00Z;-3,15;2;3
1957-07-23 11:00:00Z;-3,16;2;3
1957-07-24 11:00:00Z;-3,17;2;3
1957-07-25 11:00:00Z;-3,18;0;3
1957-07-26 11:00:00Z;-3,19;2;3
1957-07-27 11:00:00Z;-3,19;2;3
1957-07-28 11:00:00Z;-3,2;2;3
1957-07-29 11:00:00Z;-3,21;2;3
1957-07-30 11:00:00Z;-3,21;2;3
1957-07-31 11:00:00Z;-3,22;0;3
1957-08-01 11:00:00Z;-3,23;2;3
1957-08-02 11:00:00Z;-3,24;2;3
1957-08-03 11:00:00Z;-3,26;2;3
1957-08-04 11:00:00Z;-3,27;2;3
1957-08-05 11:00:00Z;-3,28;2;3
1957-08-06 11:00:00Z;-3,29;0;3
1957-08-07 11:00:00Z;-3,3;2;3
1957-08-08 11:00:00Z;-3,31;2;3
1957-08-09 11:00:00Z;-3,31;2;3
1957-08-10 11:00:00Z;-3,32;2;3
1957-08-11 11:00:00Z;-3,33;2;3
1957-08-12 11:00:00Z;-3,34;2;3
1957-08-13 11:00:00Z;-3,34;2;3
1957-08-14 11:00:00Z;-3,35;2;3
1957-08-15 11:00:00Z;-3,36;0;3
1957-08-16 11:00:00Z;-3,36;2;3
1957-08-17 11:00:00Z;-3,37;2;3
1957-08-18 11:00:00Z;-3,37;2;3
1957-08-19 11:00:00Z;-3,37;2;3
1957-08-20 11:00:00Z;-3,37;2;3
1957-08-21 11:00:00Z;-3,38;2;3
1957-08-22 11:00:00Z;-3,38;2;3
1957-08-23 11:00:00Z;-3,38;2;3
1957-08-24 11:00:00Z;-3,38;2;3
1957-08-25 11:00:00Z;-3,38;2;3
1957-08-26 11:00:00Z;-3,39;2;3
1957-08-27 11:00:00Z;-3,39;2;3
1957-08-28 11:00:00Z;-3,39;2;3
1957-08-29 11:00:00Z;-3,39;2;3
1957-08-30 11:00:00Z;-3,4;2;3
1957-08-31 11:00:00Z;-3,4;0;3
1957-09-01 11:00:00Z;-3,4;2;3
1957-09-02 11:00:00Z;-3,4;2;3
1957-09-03 11:00:00Z;-3,39;2;3
1957-09-04 11:00:00Z;-3,39;2;3
1957-09-05 11:00:00Z;-3,39;2;3
1957-09-06 11:00:00Z;-3,39;2;3
1957-09-07 11:00:00Z;-3,39;2;3
1957-09-08 11:00:00Z;-3,39;2;3
1957-09-09 11:00:00Z;-3,38;2;3
1957-09-10 11:00:00Z;-3,38;2;3
1957-09-11 11:00:00Z;-3,38;2;3
1957-09-12 11:00:00Z;-3,38;2;3
1957-09-13 11:00:00Z;-3,38;2;3
1957-09-14 11:00:00Z;-3,38;2;3
1957-09-15 11:00:00Z;-3,38;2;3
1957-09-16 11:00:00Z;-3,37;2;3
1957-09-17 11:00:00Z;-3,37;2;3
1957-09-18 11:00:00Z;-3,37;2;3
1957-09-19 11:00:00Z;-3,37;2;3
1957-09-20 11:00:00Z;-3,37;2;3
1957-09-21 11:00:00Z;-3,37;2;3
1957-09-22 11:00:00Z;-3,36;2;3
1957-09-23 11:00:00Z;-3,36;2;3
1957-09-24 11:00:00Z;-3,36;0;3
1957-09-25 11:00:00Z;-3,24;2;3
1957-09-26 11:00:00Z;-3,12;2;3
1957-09-27 11:00:00Z;-3;2;3
1957-09-28 11:00:00Z;-2,88;0;3
1957-09-29 11:00:00Z;-2,76;2;3
1957-09-30 11:00:00Z;-2,64;0;3
1957-10-01 11:00:00Z;-2,56;2;3
1957-10-02 11:00:00Z;-2,48;2;3
1957-10-03 11:00:00Z;-2,4;0;3
1957-10-04 11:00:00Z;-2,29;2;3
1957-10-05 11:00:00Z;-2,18;0;3
1957-10-06 11:00:00Z;-2,01;2;3
1957-10-07 11:00:00Z;-1,85;2;3
1957-10-08 11:00:00Z;-1,68;0;3
1957-10-09 11:00:00Z;-1,68;2;3
1957-10-10 11:00:00Z;-1,68;2;3
1957-10-11 11:00:00Z;-1,68;2;3
1957-10-12 11:00:00Z;-1,68;0;3
1957-10-13 11:00:00Z;-1,6;2;3
1957-10-14 11:00:00Z;-1,51;2;3
1957-10-15 11:00:00Z;-1,43;0;3
1957-10-16 11:00:00Z;-1,43;2;3
1957-10-17 11:00:00Z;-1,43;2;3
1957-10-18 11:00:00Z;-1,43;0;3
1957-10-19 11:00:00Z;-1,45;2;3
1957-10-20 11:00:00Z;-1,48;2;3
1957-10-21 11:00:00Z;-1,5;0;3
1957-10-22 11:00:00Z;-1,51;2;3
1957-10-23 11:00:00Z;-1,53;2;3
1957-10-24 11:00:00Z;-1,54;2;3
1957-10-25 11:00:00Z;-1,56;0;3
1957-10-26 11:00:00Z;-1,5;2;3
1957-10-27 11:00:00Z;-1,44;2;3
1957-10-28 11:00:00Z;-1,38;2;3
1957-10-29 11:00:00Z;-1,32;2;3
1957-10-30 11:00:00Z;-1,26;2;3
1957-10-31 11:00:00Z;-1,2;0;3
1957-11-01 11:00:00Z;-1,14;2;3
1957-11-02 11:00:00Z;-1,08;0;3
1957-11-03 11:00:00Z;-1,1;2;3
1957-11-04 11:00:00Z;-1,11;2;3
1957-11-05 11:00:00Z;-1,13;2;3
1957-11-06 11:00:00Z;-1,15;2;3
1957-11-07 11:00:00Z;-1,17;2;3
1957-11-08 11:00:00Z;-1,18;2;3
1957-11-09 11:00:00Z;-1,2;0;3
1957-11-10 11:00:00Z;-1,18;2;3
1957-11-11 11:00:00Z;-1,16;2;3
1957-11-12 11:00:00Z;-1,14;2;3
1957-11-13 11:00:00Z;-1,12;0;3
1957-11-14 11:00:00Z;-1,06;2;3
1957-11-15 11:00:00Z;-1;0;3
1957-11-16 11:00:00Z;-0,95;2;3
1957-11-17 11:00:00Z;-0,9;2;3
1957-11-18 11:00:00Z;-0,85;0;3
1957-11-19 11:00:00Z;-0,87;2;3
1957-11-20 11:00:00Z;-0,88;0;3
1957-11-21 11:00:00Z;-0,76;2;3
1957-11-22 11:00:00Z;-0,64;2;3
1957-11-23 11:00:00Z;-0,52;2;3
1957-11-24 11:00:00Z;-0,4;2;3
1957-11-25 11:00:00Z;-0,28;2;3
1957-11-26 11:00:00Z;-0,16;2;3
1957-11-27 11:00:00Z;-0,04;2;3
1957-11-28 11:00:00Z;0,08;0;3
1957-11-29 11:00:00Z;0,05;2;3
1957-11-30 11:00:00Z;0,02;0;3
1957-12-01 11:00:00Z;0,27;0;3
1957-12-02 11:00:00Z;0,27;2;3
1957-12-03 11:00:00Z;0,27;2;3
1957-12-04 11:00:00Z;0,26;2;3
1957-12-05 11:00:00Z;0,26;2;3
1957-12-06 11:00:00Z;0,26;0;3
1957-12-07 11:00:00Z;0,21;2;3
1957-12-08 11:00:00Z;0,16;2;3
1957-12-09 11:00:00Z;0,11;2;3
1957-12-10 11:00:00Z;0,06;0;3
1957-12-11 11:00:00Z;0,03;2;3
1957-12-12 11:00:00Z;0,01;2;3
1957-12-13 11:00:00Z;-0,02;0;3
1957-12-14 11:00:00Z;-0,01;2;3
1957-12-15 11:00:00Z;-0,01;2;3
1957-12-16 11:00:00Z;0;2;3
1957-12-17 11:00:00Z;0;2;3
1957-12-18 11:00:00Z;0;2;3
1957-12-19 11:00:00Z;0,01;2;3
1957-12-20 11:00:00Z;0,02;2;3
1957-12-21 11:00:00Z;0,02;2;3
1957-12-22 11:00:00Z;0,02;2;3
1957-12-23 11:00:00Z;0,03;0;3
1957-12-24 11:00:00Z;0,02;2;3
1957-12-25 11:00:00Z;0,02;2;3
1957-12-26 11:00:00Z;0,01;2;3
1957-12-27 11:00:00Z;0,01;2;3
1957-12-28 11:00:00Z;0;2;3
1957-12-29 11:00:00Z;-0,01;2;3
1957-12-30 11:00:00Z;-0,01;2;3
1957-12-31 11:00:00Z;-0,02;0;3
1958-01-01 11:00:00Z;-0,03;2;3
1958-01-02 11:00:00Z;-0,05;2;3
1958-01-03 11:00:00Z;-0,06;2;3
1958-01-04 11:00:00Z;-0,08;2;3
1958-01-05 11:00:00Z;-0,09;2;3
1958-01-06 11:00:00Z;-0,11;2;3
1958-01-07 11:00:00Z;-0,12;0;3
1958-01-08 11:00:00Z;-0,15;2;3
1958-01-09 11:00:00Z;-0,18;2;3
1958-01-10 11:00:00Z;-0,22;2;3
1958-01-11 11:00:00Z;-0,25;2;3
1958-01-12 11:00:00Z;-0,28;0;3
1958-01-13 11:00:00Z;-0,27;2;3
1958-01-14 11:00:00Z;-0,26;2;3
1958-01-15 11:00:00Z;-0,26;2;3
1958-01-16 11:00:00Z;-0,25;2;3
1958-01-17 11:00:00Z;-0,24;2;3
1958-01-18 11:00:00Z;-0,23;2;3
1958-01-19 11:00:00Z;-0,22;2;3
1958-01-20 11:00:00Z;-0,22;2;3
1958-01-21 11:00:00Z;-0,21;2;3
1958-01-22 11:00:00Z;-0,2;0;3
1958-01-23 11:00:00Z;-0,17;2;3
1958-01-24 11:00:00Z;-0,14;2;3
1958-01-25 11:00:00Z;-0,12;2;3
1958-01-26 11:00:00Z;-0,09;2;3
1958-01-27 11:00:00Z;-0,06;2;3
1958-01-28 11:00:00Z;-0,03;2;3
1958-01-29 11:00:00Z;-0,01;2;3
1958-01-30 11:00:00Z;0,02;2;3
1958-01-31 11:00:00Z;0,05;0;3
1958-02-01 11:00:00Z;0,02;2;3
1958-02-02 11:00:00Z;-0,01;2;3
1958-02-03 11:00:00Z;-0,04;2;3
1958-02-04 11:00:00Z;-0,06;2;3
1958-02-05 11:00:00Z;-0,09;2;3
1958-02-06 11:00:00Z;-0,12;2;3
1958-02-07 11:00:00Z;-0,15;2;3
1958-02-08 11:00:00Z;-0,18;0;3
1958-02-09 11:00:00Z;-0,24;2;3
1958-02-10 11:00:00Z;-0,3;2;3
1958-02-11 11:00:00Z;-0,36;2;3
1958-02-12 11:00:00Z;-0,42;2;3
1958-02-13 11:00:00Z;-0,48;2;3
1958-02-14 11:00:00Z;-0,54;0;3
1958-02-15 11:00:00Z;-0,59;2;3
1958-02-16 11:00:00Z;-0,65;2;3
1958-02-17 11:00:00Z;-0,7;2;3
1958-02-18 11:00:00Z;-0,76;2;3
1958-02-19 11:00:00Z;-0,81;2;3
1958-02-20 11:00:00Z;-0,87;2;3
1958-02-21 11:00:00Z;-0,92;0;3
1958-02-22 11:00:00Z;-0,98;2;3
1958-02-23 11:00:00Z;-1,03;2;3
1958-02-24 11:00:00Z;-1,09;2;3
1958-02-25 11:00:00Z;-1,15;2;3
1958-02-26 11:00:00Z;-1,21;2;3
1958-02-27 11:00:00Z;-1,26;2;3
1958-02-28 11:00:00Z;-1,32;0;3
1958-03-01 11:00:00Z;-1,36;2;3
1958-03-02 11:00:00Z;-1,39;2;3
1958-03-03 11:00:00Z;-1,43;2;3
1958-03-04 11:00:00Z;-1,47;2;3
1958-03-05 11:00:00Z;-1,51;2;3
1958-03-06 11:00:00Z;-1,54;2;3
1958-03-07 11:00:00Z;-1,58;0;3
1958-03-08 11:00:00Z;-1,63;2;3
1958-03-09 11:00:00Z;-1,68;2;3
1958-03-10 11:00:00Z;-1,73;2;3
1958-03-11 11:00:00Z;-1,78;0;3
1958-03-12 11:00:00Z;-1,85;2;3
1958-03-13 11:00:00Z;-1,93;2;3
1958-03-14 11:00:00Z;-2;2;3
1958-03-15 11:00:00Z;-2,08;2;3
1958-03-16 11:00:00Z;-2,15;2;3
1958-03-17 11:00:00Z;-2,23;2;3
1958-03-18 11:00:00Z;-2,3;0;3
1958-03-19 11:00:00Z;-2,39;2;3
1958-03-20 11:00:00Z;-2,47;2;3
1958-03-21 11:00:00Z;-2,56;0;3
1958-03-22 11:00:00Z;-2,62;2;3
1958-03-23 11:00:00Z;-2,67;2;3
1958-03-24 11:00:00Z;-2,73;2;3
1958-03-25 11:00:00Z;-2,78;2;3
1958-03-26 11:00:00Z;-2,84;2;3
1958-03-27 11:00:00Z;-2,9;2;3
1958-03-28 11:00:00Z;-2,95;2;3
1958-03-29 11:00:00Z;-3,01;2;3
1958-03-30 11:00:00Z;-3,06;2;3
1958-03-31 11:00:00Z;-3,12;0;3
1958-04-01 11:00:00Z;-3,04;2;3
1958-04-02 11:00:00Z;-2,96;2;3
1958-04-03 11:00:00Z;-2,88;2;3
1958-04-04 11:00:00Z;-2,79;2;3
1958-04-05 11:00:00Z;-2,71;2;3
1958-04-06 11:00:00Z;-2,63;2;3
1958-04-07 11:00:00Z;-2,55;2;3
1958-04-08 11:00:00Z;-2,47;2;3
1958-04-09 11:00:00Z;-2,38;2;3
1958-04-10 11:00:00Z;-2,3;2;3
1958-04-11 11:00:00Z;-2,22;2;3
1958-04-12 11:00:00Z;-2,14;2;3
1958-04-13 11:00:00Z;-2,06;2;3
1958-04-14 11:00:00Z;-1,98;2;3
1958-04-15 11:00:00Z;-1,89;2;3
1958-04-16 11:00:00Z;-1,81;2;3
1958-04-17 11:00:00Z;-1,73;2;3
1958-04-18 11:00:00Z;-1,65;0;3
1958-04-19 11:00:00Z;-1,59;2;3
1958-04-20 11:00:00Z;-1,52;2;3
1958-04-21 11:00:00Z;-1,46;2;3
1958-04-22 11:00:00Z;-1,4;0;3
1958-04-23 11:00:00Z;-1,32;2;3
1958-04-24 11:00:00Z;-1,24;2;3
1958-04-25 11:00:00Z;-1,16;2;3
1958-04-26 11:00:00Z;-1,08;2;3
1958-04-27 11:00:00Z;-0,99;2;3
1958-04-28 11:00:00Z;-0,91;2;3
1958-04-29 11:00:00Z;-0,83;2;3
1958-04-30 11:00:00Z;-0,75;0;3
1958-05-01 11:00:00Z;-0,62;2;3
1958-05-02 11:00:00Z;-0,5;2;3
1958-05-03 11:00:00Z;-0,37;2;3
1958-05-04 11:00:00Z;-0,24;2;3
1958-05-05 11:00:00Z;-0,12;2;3
1958-05-06 11:00:00Z;0,01;0;3
1958-05-07 11:00:00Z;0,03;2;3
1958-05-08 11:00:00Z;0,06;2;3
1958-05-09 11:00:00Z;0,08;0;3
1958-05-10 11:00:00Z;0,09;2;3
1958-05-11 11:00:00Z;0,1;2;3
1958-05-12 11:00:00Z;0,1;2;3
1958-05-13 11:00:00Z;0,11;2;3
1958-05-14 11:00:00Z;0,12;0;3
1958-05-15 11:00:00Z;0,1;2;3
1958-05-16 11:00:00Z;0,09;2;3
1958-05-17 11:00:00Z;0,07;2;3
1958-05-18 11:00:00Z;0,06;2;3
1958-05-19 11:00:00Z;0,04;0;3
1958-05-20 11:00:00Z;0,04;2;3
1958-05-21 11:00:00Z;0,03;2;3
1958-05-22 11:00:00Z;0,03;2;3
1958-05-23 11:00:00Z;0,03;2;3
1958-05-24 11:00:00Z;0,02;2;3
1958-05-25 11:00:00Z;0,02;2;3
1958-05-26 11:00:00Z;0,02;2;3
1958-05-27 11:00:00Z;0,02;2;3
1958-05-28 11:00:00Z;0,01;2;3
1958-05-29 11:00:00Z;0,01;0;3
1958-05-30 11:00:00Z;-0,03;2;3
1958-05-31 11:00:00Z;-0,06;0;3
1958-06-01 11:00:00Z;-0,12;2;3
1958-06-02 11:00:00Z;-0,18;2;3
1958-06-03 11:00:00Z;-0,24;2;3
1958-06-04 11:00:00Z;-0,3;0;3
1958-06-05 11:00:00Z;-0,32;2;3
1958-06-06 11:00:00Z;-0,33;2;3
1958-06-07 11:00:00Z;-0,35;0;3
1958-06-08 11:00:00Z;-0,37;2;3
1958-06-09 11:00:00Z;-0,39;2;3
1958-06-10 11:00:00Z;-0,41;2;3
1958-06-11 11:00:00Z;-0,43;2;3
1958-06-12 11:00:00Z;-0,46;2;3
1958-06-13 11:00:00Z;-0,48;2;3
1958-06-14 11:00:00Z;-0,5;2;3
1958-06-15 11:00:00Z;-0,52;2;3
1958-06-16 11:00:00Z;-0,54;0;3
1958-06-17 11:00:00Z;-0,53;2;3
1958-06-18 11:00:00Z;-0,51;2;3
1958-06-19 11:00:00Z;-0,5;0;3
1958-06-20 11:00:00Z;-0,53;2;3
1958-06-21 11:00:00Z;-0,56;2;3
1958-06-22 11:00:00Z;-0,59;2;3
1958-06-23 11:00:00Z;-0,62;2;3
1958-06-24 11:00:00Z;-0,65;2;3
1958-06-25 11:00:00Z;-0,68;0;3
1958-06-26 11:00:00Z;-0,72;2;3
1958-06-27 11:00:00Z;-0,75;2;3
1958-06-28 11:00:00Z;-0,79;2;3
1958-06-29 11:00:00Z;-0,82;2;3
1958-06-30 11:00:00Z;-0,86;0;3
1958-07-01 11:00:00Z;-0,95;2;3
1958-07-02 11:00:00Z;-1,03;2;3
1958-07-03 11:00:00Z;-1,12;2;3
1958-07-04 11:00:00Z;-1,2;0;3
1958-07-05 11:00:00Z;-1,25;2;3
1958-07-06 11:00:00Z;-1,31;2;3
1958-07-07 11:00:00Z;-1,36;0;3
1958-07-08 11:00:00Z;-1,33;2;3
1958-07-09 11:00:00Z;-1,29;2;3
1958-07-10 11:00:00Z;-1,25;2;3
1958-07-11 11:00:00Z;-1,22;0;3
1958-07-12 11:00:00Z;-1,25;2;3
1958-07-13 11:00:00Z;-1,27;2;3
1958-07-14 11:00:00Z;-1,3;2;3
1958-07-15 11:00:00Z;-1,32;2;3
1958-07-16 11:00:00Z;-1,35;2;3
1958-07-17 11:00:00Z;-1,37;2;3
1958-07-18 11:00:00Z;-1,4;2;3
1958-07-19 11:00:00Z;-1,42;2;3
1958-07-20 11:00:00Z;-1,45;2;3
1958-07-21 11:00:00Z;-1,47;2;3
1958-07-22 11:00:00Z;-1,5;0;3
1958-07-23 11:00:00Z;-1,53;2;3
1958-07-24 11:00:00Z;-1,57;2;3
1958-07-25 11:00:00Z;-1,6;2;3
1958-07-26 11:00:00Z;-1,63;2;3
1958-07-27 11:00:00Z;-1,67;2;3
1958-07-28 11:00:00Z;-1,7;2;3
1958-07-29 11:00:00Z;-1,73;2;3
1958-07-30 11:00:00Z;-1,77;2;3
1958-07-31 11:00:00Z;-1,8;0;3
1958-08-01 11:00:00Z;-1,92;2;3
1958-08-02 11:00:00Z;-2,05;2;3
1958-08-03 11:00:00Z;-2,17;2;3
1958-08-04 11:00:00Z;-2,29;2;3
1958-08-05 11:00:00Z;-2,42;2;3
1958-08-06 11:00:00Z;-2,54;0;3
1958-08-07 11:00:00Z;-2,59;2;3
1958-08-08 11:00:00Z;-2,64;2;3
1958-08-09 11:00:00Z;-2,69;2;3
1958-08-10 11:00:00Z;-2,74;2;3
1958-08-11 11:00:00Z;-2,79;2;3
1958-08-12 11:00:00Z;-2,85;2;3
1958-08-13 11:00:00Z;-2,9;2;3
1958-08-14 11:00:00Z;-2,95;2;3
1958-08-15 11:00:00Z;-3;2;3
1958-08-16 11:00:00Z;-3,05;2;3
1958-08-17 11:00:00Z;-3,1;0;3
1958-08-18 11:00:00Z;;0;3
1958-08-19 11:00:00Z;;0;3
1958-08-20 11:00:00Z;;0;3
1958-08-21 11:00:00Z;;0;3
1958-08-22 11:00:00Z;;0;3
1958-08-23 11:00:00Z;;0;3
1958-08-24 11:00:00Z;;0;3
1958-08-25 11:00:00Z;;0;3
1958-08-26 11:00:00Z;;0;3
1958-08-27 11:00:00Z;;0;3
1958-08-28 11:00:00Z;;0;3
1958-08-29 11:00:00Z;;0;3
1958-08-30 11:00:00Z;;0;3
1958-08-31 11:00:00Z;;0;3
1958-09-01 11:00:00Z;;0;3
1958-09-02 11:00:00Z;;0;3
1958-09-03 11:00:00Z;;0;3
1958-09-04 11:00:00Z;;0;3
1958-09-05 11:00:00Z;;0;3
1958-09-06 11:00:00Z;;0;3
1958-09-07 11:00:00Z;;0;3
1958-09-08 11:00:00Z;;0;3
1958-09-09 11:00:00Z;;0;3
1958-09-10 11:00:00Z;;0;3
1958-09-11 11:00:00Z;;0;3
1958-09-12 11:00:00Z;;0;3
1958-09-13 11:00:00Z;;0;3
1958-09-14 11:00:00Z;;0;3
1958-09-15 11:00:00Z;;0;3
1958-09-16 11:00:00Z;;0;3
1958-09-17 11:00:00Z;;0;3
1958-09-18 11:00:00Z;;0;3
1958-09-19 11:00:00Z;;0;3
1958-09-20 11:00:00Z;;0;3
1958-09-21 11:00:00Z;;0;3
1958-09-22 11:00:00Z;;0;3
1958-09-23 11:00:00Z;;0;3
1958-09-24 11:00:00Z;;0;3
1958-09-25 11:00:00Z;;0;3
1958-09-26 11:00:00Z;;0;3
1958-09-27 11:00:00Z;;0;3
1958-09-28 11:00:00Z;;0;3
1958-09-29 11:00:00Z;;0;3
1958-09-30 11:00:00Z;;0;3
1958-10-01 11:00:00Z;;0;3
1958-10-02 11:00:00Z;;0;3
1958-10-03 11:00:00Z;;0;3
1958-10-04 11:00:00Z;;0;3
1958-10-05 11:00:00Z;;0;3
1958-10-06 11:00:00Z;;0;3
1958-10-07 11:00:00Z;;0;3
1958-10-08 11:00:00Z;;0;3
1958-10-09 11:00:00Z;;0;3
1958-10-10 11:00:00Z;;0;3
1958-10-11 11:00:00Z;;0;3
1958-10-12 11:00:00Z;;0;3
1958-10-13 11:00:00Z;;0;3
1958-10-14 11:00:00Z;;0;3
1958-10-15 11:00:00Z;;0;3
1958-10-16 11:00:00Z;;0;3
1958-10-17 11:00:00Z;;0;3
1958-10-18 11:00:00Z;;0;3
1958-10-19 11:00:00Z;;0;3
1958-10-20 11:00:00Z;;0;3
1958-10-21 11:00:00Z;;0;3
1958-10-22 11:00:00Z;;0;3
1958-10-23 11:00:00Z;;0;3
1958-10-24 11:00:00Z;;0;3
1958-10-25 11:00:00Z;;0;3
1958-10-26 11:00:00Z;;0;3
1958-10-27 11:00:00Z;-1,55;0;3
1958-10-28 11:00:00Z;-1,24;2;3
1958-10-29 11:00:00Z;-0,92;0;3
1958-10-30 11:00:00Z;-0,89;2;3
1958-10-31 11:00:00Z;-0,86;0;3
1958-11-01 11:00:00Z;-0,91;2;3
1958-11-02 11:00:00Z;-0,95;2;3
1958-11-03 11:00:00Z;-1;2;3
1958-11-04 11:00:00Z;-1,04;2;3
1958-11-05 11:00:00Z;-1,09;2;3
1958-11-06 11:00:00Z;-1,13;2;3
1958-11-07 11:00:00Z;-1,18;0;3
1958-11-08 11:00:00Z;-1,18;2;3
1958-11-09 11:00:00Z;-1,19;2;3
1958-11-10 11:00:00Z;-1,2;2;3
1958-11-11 11:00:00Z;-1,2;0;3
1958-11-12 11:00:00Z;-1,22;2;3
1958-11-13 11:00:00Z;-1,24;2;3
1958-11-14 11:00:00Z;-1,26;2;3
1958-11-15 11:00:00Z;-1,28;0;3
1958-11-16 11:00:00Z;-1,29;2;3
1958-11-17 11:00:00Z;-1,3;2;3
1958-11-18 11:00:00Z;-1,32;2;3
1958-11-19 11:00:00Z;-1,33;2;3
1958-11-20 11:00:00Z;-1,34;0;3
1958-11-21 11:00:00Z;-1,32;2;3
1958-11-22 11:00:00Z;-1,3;2;3
1958-11-23 11:00:00Z;-1,28;2;3
1958-11-24 11:00:00Z;-1,26;0;3
1958-11-25 11:00:00Z;-1,12;2;3
1958-11-26 11:00:00Z;-0,99;2;3
1958-11-27 11:00:00Z;-0,85;2;3
1958-11-28 11:00:00Z;-0,72;2;3
1958-11-29 11:00:00Z;-0,58;0;3
1958-11-30 11:00:00Z;-0,47;2;3
1958-12-01 11:00:00Z;-0,36;2;3
1958-12-02 11:00:00Z;-0,25;0;3
1958-12-03 11:00:00Z;-0,17;2;3
1958-12-04 11:00:00Z;-0,1;2;3
1958-12-05 11:00:00Z;-0,02;2;3
1958-12-06 11:00:00Z;0,05;0;3
1958-12-07 11:00:00Z;0,01;2;3
1958-12-08 11:00:00Z;-0,02;2;3
1958-12-09 11:00:00Z;-0,06;2;3
1958-12-10 11:00:00Z;-0,09;2;3
1958-12-11 11:00:00Z;-0,13;2;3
1958-12-12 11:00:00Z;-0,16;2;3
1958-12-13 11:00:00Z;-0,2;2;3
1958-12-14 11:00:00Z;-0,23;2;3
1958-12-15 11:00:00Z;-0,27;2;3
1958-12-16 11:00:00Z;-0,31;2;3
1958-12-17 11:00:00Z;-0,34;2;3
1958-12-18 11:00:00Z;-0,38;2;3
1958-12-19 11:00:00Z;-0,41;2;3
1958-12-20 11:00:00Z;-0,45;2;3
1958-12-21 11:00:00Z;-0,48;2;3
1958-12-22 11:00:00Z;-0,52;0;3
1958-12-23 11:00:00Z;-0,55;2;3
1958-12-24 11:00:00Z;-0,58;2;3
1958-12-25 11:00:00Z;-0,61;2;3
1958-12-26 11:00:00Z;-0,64;2;3
1958-12-27 11:00:00Z;-0,66;2;3
1958-12-28 11:00:00Z;-0,69;2;3
1958-12-29 11:00:00Z;-0,72;2;3
1958-12-30 11:00:00Z;-0,75;2;3
1958-12-31 11:00:00Z;-0,78;0;3
1959-01-01 11:00:00Z;-0,85;2;3
1959-01-02 11:00:00Z;-0,92;2;3
1959-01-03 11:00:00Z;-0,99;2;3
1959-01-04 11:00:00Z;-1,06;2;3
1959-01-05 11:00:00Z;-1,13;2;3
1959-01-06 11:00:00Z;-1,2;2;3
1959-01-07 11:00:00Z;-1,27;2;3
1959-01-08 11:00:00Z;-1,34;2;3
1959-01-09 11:00:00Z;-1,41;2;3
1959-01-10 11:00:00Z;-1,48;0;3
1959-01-11 11:00:00Z;-1,54;2;3
1959-01-12 11:00:00Z;-1,61;2;3
1959-01-13 11:00:00Z;-1,67;2;3
1959-01-14 11:00:00Z;-1,73;2;3
1959-01-15 11:00:00Z;-1,79;2;3
1959-01-16 11:00:00Z;-1,86;2;3
1959-01-17 11:00:00Z;-1,92;0;3
1959-01-18 11:00:00Z;-1,97;2;3
1959-01-19 11:00:00Z;-2,03;2;3
1959-01-20 11:00:00Z;-2,08;2;3
1959-01-21 11:00:00Z;-2,14;2;3
1959-01-22 11:00:00Z;-2,19;2;3
1959-01-23 11:00:00Z;-2,25;2;3
1959-01-24 11:00:00Z;-2,3;0;3
1959-01-25 11:00:00Z;-2,23;2;3
1959-01-26 11:00:00Z;-2,16;2;3
1959-01-27 11:00:00Z;-2,09;2;3
1959-01-28 11:00:00Z;-2,01;2;3
1959-01-29 11:00:00Z;-1,94;2;3
1959-01-30 11:00:00Z;-1,87;2;3
1959-01-31 11:00:00Z;-1,8;0;3
1959-02-01 11:00:00Z;-1,67;2;3
1959-02-02 11:00:00Z;-1,53;2;3
1959-02-03 11:00:00Z;-1,4;0;3
1959-02-04 11:00:00Z;-1,13;2;3
1959-02-05 11:00:00Z;-0,86;0;3
1959-02-06 11:00:00Z;-0,85;2;3
1959-02-07 11:00:00Z;-0,85;2;3
1959-02-08 11:00:00Z;-0,84;0;3
1959-02-09 11:00:00Z;-0,87;2;3
1959-02-10 11:00:00Z;-0,91;2;3
1959-02-11 11:00:00Z;-0,94;2;3
1959-02-12 11:00:00Z;-0,97;2;3
1959-02-13 11:00:00Z;-1,01;2;3
1959-02-14 11:00:00Z;-1,04;0;3
1959-02-15 11:00:00Z;-0,99;2;3
1959-02-16 11:00:00Z;-0,94;2;3
1959-02-17 11:00:00Z;-0,89;2;3
1959-02-18 11:00:00Z;-0,85;2;3
1959-02-19 11:00:00Z;-0,8;2;3
1959-02-20 11:00:00Z;-0,75;2;3
1959-02-21 11:00:00Z;-0,7;0;3
1959-02-22 11:00:00Z;-0,6;2;3
1959-02-23 11:00:00Z;-0,5;2;3
1959-02-24 11:00:00Z;-0,39;2;3
1959-02-25 11:00:00Z;-0,29;2;3
1959-02-26 11:00:00Z;-0,19;0;3
1959-02-27 11:00:00Z;-0,12;2;3
1959-02-28 11:00:00Z;-0,05;2;3
1959-03-01 11:00:00Z;0,02;2;3
1959-03-02 11:00:00Z;0,09;2;3
1959-03-03 11:00:00Z;0,16;0;3
1959-03-04 11:00:00Z;0,13;2;3
1959-03-05 11:00:00Z;0,09;2;3
1959-03-06 11:00:00Z;0,06;2;3
1959-03-07 11:00:00Z;0,03;0;3
1959-03-08 11:00:00Z;0,01;2;3
1959-03-09 11:00:00Z;-0,01;2;3
1959-03-10 11:00:00Z;-0,03;2;3
1959-03-11 11:00:00Z;-0,04;2;3
1959-03-12 11:00:00Z;-0,06;2;3
1959-03-13 11:00:00Z;-0,08;2;3
1959-03-14 11:00:00Z;-0,1;0;3
1959-03-15 11:00:00Z;-0,1;2;3
1959-03-16 11:00:00Z;-0,09;2;3
1959-03-17 11:00:00Z;-0,09;2;3
1959-03-18 11:00:00Z;-0,08;2;3
1959-03-19 11:00:00Z;-0,08;0;3
1959-03-20 11:00:00Z;-0,08;2;3
1959-03-21 11:00:00Z;-0,08;0;3
1959-03-22 11:00:00Z;-0,09;2;3
1959-03-23 11:00:00Z;-0,11;2;3
1959-03-24 11:00:00Z;-0,12;2;3
1959-03-25 11:00:00Z;-0,13;2;3
1959-03-26 11:00:00Z;-0,14;2;3
1959-03-27 11:00:00Z;-0,16;2;3
1959-03-28 11:00:00Z;-0,17;0;3
1959-03-29 11:00:00Z;-0,18;2;3
1959-03-30 11:00:00Z;-0,19;2;3
1959-03-31 11:00:00Z;-0,2;0;3
1959-04-01 11:00:00Z;-0,25;2;3
1959-04-02 11:00:00Z;-0,29;2;3
1959-04-03 11:00:00Z;-0,34;0;3
1959-04-04 11:00:00Z;-0,39;2;3
1959-04-05 11:00:00Z;-0,44;2;3
1959-04-06 11:00:00Z;-0,49;2;3
1959-04-07 11:00:00Z;-0,54;2;3
1959-04-08 11:00:00Z;-0,59;2;3
1959-04-09 11:00:00Z;-0,63;2;3
1959-04-10 11:00:00Z;-0,68;2;3
1959-04-11 11:00:00Z;-0,73;2;3
1959-04-12 11:00:00Z;-0,78;2;3
1959-04-13 11:00:00Z;-0,83;2;3
1959-04-14 11:00:00Z;-0,88;0;3
1959-04-15 11:00:00Z;-0,92;2;3
1959-04-16 11:00:00Z;-0,95;2;3
1959-04-17 11:00:00Z;-0,99;2;3
1959-04-18 11:00:00Z;-1,02;2;3
1959-04-19 11:00:00Z;-1,06;2;3
1959-04-20 11:00:00Z;-1,09;2;3
1959-04-21 11:00:00Z;-1,13;0;3
1959-04-22 11:00:00Z;-1,13;2;3
1959-04-23 11:00:00Z;-1,13;2;3
1959-04-24 11:00:00Z;-1,13;2;3
1959-04-25 11:00:00Z;-1,13;0;3
1959-04-26 11:00:00Z;-1,1;2;3
1959-04-27 11:00:00Z;-1,08;2;3
1959-04-28 11:00:00Z;-1,05;2;3
1959-04-29 11:00:00Z;-1,03;2;3
1959-04-30 11:00:00Z;-1;0;3
1959-05-01 11:00:00Z;-1;2;3
1959-05-02 11:00:00Z;-1;2;3
1959-05-03 11:00:00Z;-1;2;3
1959-05-04 11:00:00Z;-1;0;3
1959-05-05 11:00:00Z;-1,02;2;3
1959-05-06 11:00:00Z;-1,04;2;3
1959-05-07 11:00:00Z;-1,06;2;3
1959-05-08 11:00:00Z;-1,08;2;3
1959-05-09 11:00:00Z;-1,1;0;3
1959-05-10 11:00:00Z;-1,15;2;3
1959-05-11 11:00:00Z;-1,21;2;3
1959-05-12 11:00:00Z;-1,26;2;3
1959-05-13 11:00:00Z;-1,32;2;3
1959-05-14 11:00:00Z;-1,37;2;3
1959-05-15 11:00:00Z;-1,43;2;3
1959-05-16 11:00:00Z;-1,48;0;3
1959-05-17 11:00:00Z;-1,54;2;3
1959-05-18 11:00:00Z;-1,61;2;3
1959-05-19 11:00:00Z;-1,67;2;3
1959-05-20 11:00:00Z;-1,73;0;3
1959-05-21 11:00:00Z;-1,78;2;3
1959-05-22 11:00:00Z;-1,83;2;3
1959-05-23 11:00:00Z;-1,88;0;3
1959-05-24 11:00:00Z;-1,88;2;3
1959-05-25 11:00:00Z;-1,87;2;3
1959-05-26 11:00:00Z;-1,87;2;3
1959-05-27 11:00:00Z;-1,86;2;3
1959-05-28 11:00:00Z;-1,86;2;3
1959-05-29 11:00:00Z;-1,85;2;3
1959-05-30 11:00:00Z;-1,85;0;3
1959-05-31 11:00:00Z;-1,86;2;3
1959-06-01 11:00:00Z;-1,87;2;3
1959-06-02 11:00:00Z;-1,88;2;3
1959-06-03 11:00:00Z;-1,9;2;3
1959-06-04 11:00:00Z;-1,91;2;3
1959-06-05 11:00:00Z;-1,92;2;3
1959-06-06 11:00:00Z;-1,93;0;3
1959-06-07 11:00:00Z;-1,98;2;3
1959-06-08 11:00:00Z;-2,04;2;3
1959-06-09 11:00:00Z;-2,09;2;3
1959-06-10 11:00:00Z;-2,14;0;3
1959-06-11 11:00:00Z;-2,07;2;3
1959-06-12 11:00:00Z;-1,99;2;3
1959-06-13 11:00:00Z;-1,92;2;3
1959-06-14 11:00:00Z;-1,85;2;3
1959-06-15 11:00:00Z;-1,77;2;3
1959-06-16 11:00:00Z;-1,7;0;3
1959-06-17 11:00:00Z;-1,62;2;3
1959-06-18 11:00:00Z;-1,55;2;3
1959-06-19 11:00:00Z;-1,48;2;3
1959-06-20 11:00:00Z;-1,4;0;3
1959-06-21 11:00:00Z;-1,44;2;3
1959-06-22 11:00:00Z;-1,47;2;3
1959-06-23 11:00:00Z;-1,51;2;3
1959-06-24 11:00:00Z;-1,54;2;3
1959-06-25 11:00:00Z;-1,58;2;3
1959-06-26 11:00:00Z;-1,62;2;3
1959-06-27 11:00:00Z;-1,65;2;3
1959-06-28 11:00:00Z;-1,69;2;3
1959-06-29 11:00:00Z;-1,72;2;3
1959-06-30 11:00:00Z;-1,76;0;3
1959-07-01 11:00:00Z;-1,82;2;3
1959-07-02 11:00:00Z;-1,88;2;3
1959-07-03 11:00:00Z;-1,94;2;3
1959-07-04 11:00:00Z;-2;0;3
1959-07-05 11:00:00Z;-2,03;2;3
1959-07-06 11:00:00Z;-2,06;2;3
1959-07-07 11:00:00Z;-2,09;2;3
1959-07-08 11:00:00Z;-2,11;2;3
1959-07-09 11:00:00Z;-2,14;2;3
1959-07-10 11:00:00Z;-2,17;2;3
1959-07-11 11:00:00Z;-2,2;0;3
1959-07-12 11:00:00Z;-2,24;2;3
1959-07-13 11:00:00Z;-2,29;2;3
1959-07-14 11:00:00Z;-2,33;2;3
1959-07-15 11:00:00Z;-2,37;2;3
1959-07-16 11:00:00Z;-2,41;2;3
1959-07-17 11:00:00Z;-2,46;2;3
1959-07-18 11:00:00Z;-2,5;0;3
1959-07-19 11:00:00Z;-2,54;2;3
1959-07-20 11:00:00Z;-2,59;2;3
1959-07-21 11:00:00Z;-2,63;2;3
1959-07-22 11:00:00Z;-2,67;2;3
1959-07-23 11:00:00Z;-2,71;2;3
1959-07-24 11:00:00Z;-2,76;2;3
1959-07-25 11:00:00Z;-2,8;0;3
1959-07-26 11:00:00Z;-2,86;2;3
1959-07-27 11:00:00Z;-2,91;2;3
1959-07-28 11:00:00Z;-2,97;2;3
1959-07-29 11:00:00Z;-3,03;2;3
1959-07-30 11:00:00Z;-3,08;2;3
1959-07-31 11:00:00Z;-3,14;0;3
1959-08-01 11:00:00Z;-3,14;2;3
1959-08-02 11:00:00Z;-3,14;2;3
1959-08-03 11:00:00Z;-3,14;2;3
1959-08-04 11:00:00Z;-3,14;2;3
1959-08-05 11:00:00Z;-3,14;2;3
1959-08-06 11:00:00Z;-3,14;2;3
1959-08-07 11:00:00Z;-3,14;2;3
1959-08-08 11:00:00Z;-3,14;0;3
1959-08-09 11:00:00Z;-3,26;2;3
1959-08-10 11:00:00Z;-3,39;2;3
1959-08-11 11:00:00Z;-3,51;2;3
1959-08-12 11:00:00Z;-3,63;2;3
1959-08-13 11:00:00Z;-3,75;2;3
1959-08-14 11:00:00Z;-3,88;2;3
1959-08-15 11:00:00Z;-4;0;3
1959-08-16 11:00:00Z;-3,92;2;3
1959-08-17 11:00:00Z;-3,84;2;3
1959-08-18 11:00:00Z;-3,76;2;3
1959-08-19 11:00:00Z;-3,67;2;3
1959-08-20 11:00:00Z;-3,59;2;3
1959-08-21 11:00:00Z;-3,51;2;3
1959-08-22 11:00:00Z;-3,43;2;3
1959-08-23 11:00:00Z;-3,35;2;3
1959-08-24 11:00:00Z;-3,27;2;3
1959-08-25 11:00:00Z;-3,19;2;3
1959-08-26 11:00:00Z;-3,1;2;3
1959-08-27 11:00:00Z;-3,02;2;3
1959-08-28 11:00:00Z;-2,94;2;3
1959-08-29 11:00:00Z;-2,86;0;3
1959-08-30 11:00:00Z;-2,85;2;3
1959-08-31 11:00:00Z;-2,84;0;3
1959-09-01 11:00:00Z;-2,83;2;3
1959-09-02 11:00:00Z;-2,82;2;3
1959-09-03 11:00:00Z;-2,81;2;3
1959-09-04 11:00:00Z;-2,8;0;3
1959-09-05 11:00:00Z;-2,73;2;3
1959-09-06 11:00:00Z;-2,67;2;3
1959-09-07 11:00:00Z;-2,61;2;3
1959-09-08 11:00:00Z;-2,54;2;3
1959-09-09 11:00:00Z;-2,47;2;3
1959-09-10 11:00:00Z;-2,41;2;3
1959-09-11 11:00:00Z;-2,35;2;3
1959-09-12 11:00:00Z;-2,28;0;3
1959-09-13 11:00:00Z;-2,12;2;3
1959-09-14 11:00:00Z;-1,96;2;3
1959-09-15 11:00:00Z;-1,8;0;3
1959-09-16 11:00:00Z;-1,66;2;3
1959-09-17 11:00:00Z;-1,52;2;3
1959-09-18 11:00:00Z;-1,38;2;3
1959-09-19 11:00:00Z;-1,24;2;3
1959-09-20 11:00:00Z;-1,1;2;3
1959-09-21 11:00:00Z;-0,96;2;3
1959-09-22 11:00:00Z;-0,82;0;3
1959-09-23 11:00:00Z;-0,78;2;3
1959-09-24 11:00:00Z;-0,75;2;3
1959-09-25 11:00:00Z;-0,71;2;3
1959-09-26 11:00:00Z;-0,67;2;3
1959-09-27 11:00:00Z;-0,64;2;3
1959-09-28 11:00:00Z;-0,6;2;3
1959-09-29 11:00:00Z;-0,57;2;3
1959-09-30 11:00:00Z;-0,53;0;3
1959-10-01 11:00:00Z;-0,53;2;3
1959-10-02 11:00:00Z;-0,53;2;3
1959-10-03 11:00:00Z;-0,53;0;3
1959-10-04 11:00:00Z;-0,58;2;3
1959-10-05 11:00:00Z;-0,62;2;3
1959-10-06 11:00:00Z;-0,67;2;3
1959-10-07 11:00:00Z;-0,71;2;3
1959-10-08 11:00:00Z;-0,76;2;3
1959-10-09 11:00:00Z;-0,8;2;3
1959-10-10 11:00:00Z;-0,85;0;3
1959-10-11 11:00:00Z;-0,92;2;3
1959-10-12 11:00:00Z;-0,99;2;3
1959-10-13 11:00:00Z;-1,06;2;3
1959-10-14 11:00:00Z;-1,14;2;3
1959-10-15 11:00:00Z;-1,21;2;3
1959-10-16 11:00:00Z;-1,28;2;3
1959-10-17 11:00:00Z;-1,35;0;3
1959-10-18 11:00:00Z;-1,41;2;3
1959-10-19 11:00:00Z;-1,48;2;3
1959-10-20 11:00:00Z;-1,54;2;3
1959-10-21 11:00:00Z;-1,61;2;3
1959-10-22 11:00:00Z;-1,67;2;3
1959-10-23 11:00:00Z;-1,74;2;3
1959-10-24 11:00:00Z;-1,8;0;3
1959-10-25 11:00:00Z;-1,79;2;3
1959-10-26 11:00:00Z;-1,78;2;3
1959-10-27 11:00:00Z;-1,77;2;3
1959-10-28 11:00:00Z;-1,75;2;3
1959-10-29 11:00:00Z;-1,74;2;3
1959-10-30 11:00:00Z;-1,73;2;3
1959-10-31 11:00:00Z;-1,72;0;3
1959-11-01 11:00:00Z;-1,74;2;3
1959-11-02 11:00:00Z;-1,75;2;3
1959-11-03 11:00:00Z;-1,77;2;3
1959-11-04 11:00:00Z;-1,79;2;3
1959-11-05 11:00:00Z;-1,81;2;3
1959-11-06 11:00:00Z;-1,82;2;3
1959-11-07 11:00:00Z;-1,84;0;3
1959-11-08 11:00:00Z;-1,89;2;3
1959-11-09 11:00:00Z;-1,94;2;3
1959-11-10 11:00:00Z;-1,99;2;3
1959-11-11 11:00:00Z;-2,04;2;3
1959-11-12 11:00:00Z;-2,09;2;3
1959-11-13 11:00:00Z;-2,14;2;3
1959-11-14 11:00:00Z;-2,19;0;3
1959-11-15 11:00:00Z;-2,25;2;3
1959-11-16 11:00:00Z;-2,31;2;3
1959-11-17 11:00:00Z;-2,37;2;3
1959-11-18 11:00:00Z;-2,42;2;3
1959-11-19 11:00:00Z;-2,48;2;3
1959-11-20 11:00:00Z;-2,54;2;3
1959-11-21 11:00:00Z;-2,6;0;3
1959-11-22 11:00:00Z;-2,56;2;3
1959-11-23 11:00:00Z;-2,51;2;3
1959-11-24 11:00:00Z;-2,47;2;3
1959-11-25 11:00:00Z;-2,43;2;3
1959-11-26 11:00:00Z;-2,39;2;3
1959-11-27 11:00:00Z;-2,34;2;3
1959-11-28 11:00:00Z;-2,3;0;3
1959-11-29 11:00:00Z;-2,37;2;3
1959-11-30 11:00:00Z;-2,44;2;3
1959-12-01 11:00:00Z;-2,51;2;3
1959-12-02 11:00:00Z;-2,58;2;3
1959-12-03 11:00:00Z;-2,65;0;3
1959-12-04 11:00:00Z;-2,69;2;3
1959-12-05 11:00:00Z;-2,73;2;3
1959-12-06 11:00:00Z;-2,77;2;3
1959-12-07 11:00:00Z;-2,81;2;3
1959-12-08 11:00:00Z;-2,86;2;3
1959-12-09 11:00:00Z;-2,9;2;3
1959-12-10 11:00:00Z;-2,94;2;3
1959-12-11 11:00:00Z;-2,98;2;3
1959-12-12 11:00:00Z;-3,02;0;3
1959-12-13 11:00:00Z;-3,16;2;3
1959-12-14 11:00:00Z;-3,3;2;3
1959-12-15 11:00:00Z;-3,44;2;3
1959-12-16 11:00:00Z;-3,58;2;3
1959-12-17 11:00:00Z;-3,72;2;3
1959-12-18 11:00:00Z;-3,86;2;3
1959-12-19 11:00:00Z;-4;0;3
1959-12-20 11:00:00Z;-3,97;2;3
1959-12-21 11:00:00Z;-3,95;2;3
1959-12-22 11:00:00Z;-3,92;2;3
1959-12-23 11:00:00Z;-3,89;2;3
1959-12-24 11:00:00Z;-3,87;2;3
1959-12-25 11:00:00Z;-3,84;2;3
1959-12-26 11:00:00Z;-3,82;2;3
1959-12-27 11:00:00Z;-3,79;2;3
1959-12-28 11:00:00Z;-3,76;2;3
1959-12-29 11:00:00Z;-3,74;2;3
1959-12-30 11:00:00Z;-3,71;2;3
1959-12-31 11:00:00Z;-3,68;2;3
1960-01-01 11:00:00Z;-3,65;2;3
1960-01-02 11:00:00Z;-3,63;2;3
1960-01-03 11:00:00Z;-3,6;2;3
1960-01-04 11:00:00Z;-3,58;2;3
1960-01-05 11:00:00Z;-3,55;2;3
1960-01-06 11:00:00Z;-3,53;2;3
1960-01-07 11:00:00Z;-3,5;0;3
1960-01-08 11:00:00Z;-3,5;2;3
1960-01-09 11:00:00Z;-3,5;2;3
1960-01-10 11:00:00Z;-3,5;2;3
1960-01-11 11:00:00Z;-3,5;2;3
1960-01-12 11:00:00Z;-3,5;2;3
1960-01-13 11:00:00Z;-3,5;2;3
1960-01-14 11:00:00Z;-3,5;2;3
1960-01-15 11:00:00Z;-3,5;0;3
1960-01-16 11:00:00Z;-3,44;2;3
1960-01-17 11:00:00Z;-3,38;2;3
1960-01-18 11:00:00Z;-3,32;2;3
1960-01-19 11:00:00Z;-3,26;2;3
1960-01-20 11:00:00Z;-3,2;2;3
1960-01-21 11:00:00Z;-3,14;2;3
1960-01-22 11:00:00Z;-3,08;2;3
1960-01-23 11:00:00Z;-3,02;2;3
1960-01-24 11:00:00Z;-2,96;2;3
1960-01-25 11:00:00Z;-2,9;2;3
1960-01-26 11:00:00Z;-2,84;2;3
1960-01-27 11:00:00Z;-2,78;2;3
1960-01-28 11:00:00Z;-2,72;2;3
1960-01-29 11:00:00Z;-2,66;2;3
1960-01-30 11:00:00Z;-2,6;2;3
1960-01-31 11:00:00Z;-2,54;2;3
1960-02-01 11:00:00Z;-2,48;2;3
1960-02-02 11:00:00Z;-2,42;2;3
1960-02-03 11:00:00Z;-2,36;2;3
1960-02-04 11:00:00Z;-2,3;2;3
1960-02-05 11:00:00Z;-2,24;2;3
1960-02-06 11:00:00Z;-2,18;2;3
1960-02-07 11:00:00Z;-2,12;2;3
1960-02-08 11:00:00Z;-2,06;2;3
1960-02-09 11:00:00Z;-2;0;3
1960-02-10 11:00:00Z;-1,9;0;3
1960-02-11 11:00:00Z;-1,97;2;3
1960-02-12 11:00:00Z;-2,04;2;3
1960-02-13 11:00:00Z;-2,11;2;3
1960-02-14 11:00:00Z;-2,18;2;3
1960-02-15 11:00:00Z;-2,24;2;3
1960-02-16 11:00:00Z;-2,31;2;3
1960-02-17 11:00:00Z;-2,38;2;3
1960-02-18 11:00:00Z;-2,45;2;3
1960-02-19 11:00:00Z;-2,52;0;3
1960-02-20 11:00:00Z;-2,56;2;3
1960-02-21 11:00:00Z;-2,6;2;3
1960-02-22 11:00:00Z;-2,64;2;3
1960-02-23 11:00:00Z;-2,68;2;3
1960-02-24 11:00:00Z;-2,72;2;3
1960-02-25 11:00:00Z;-2,76;2;3
1960-02-26 11:00:00Z;-2,8;2;3
1960-02-27 11:00:00Z;-2,84;0;3
1960-02-28 11:00:00Z;-2,93;2;3
1960-02-29 11:00:00Z;-3,03;2;3
1960-03-01 11:00:00Z;-3,12;2;3
1960-03-02 11:00:00Z;-3,22;2;3
1960-03-03 11:00:00Z;-3,31;2;3
1960-03-04 11:00:00Z;-3,41;2;3
1960-03-05 11:00:00Z;-3,5;0;3
1960-03-06 11:00:00Z;-3,46;2;3
1960-03-07 11:00:00Z;-3,43;2;3
1960-03-08 11:00:00Z;-3,39;2;3
1960-03-09 11:00:00Z;-3,36;2;3
1960-03-10 11:00:00Z;-3,32;2;3
1960-03-11 11:00:00Z;-3,29;2;3
1960-03-12 11:00:00Z;-3,25;0;3
1960-03-13 11:00:00Z;-3,24;2;3
1960-03-14 11:00:00Z;-3,23;2;3
1960-03-15 11:00:00Z;-3,22;2;3
1960-03-16 11:00:00Z;-3,21;2;3
1960-03-17 11:00:00Z;-3,2;2;3
1960-03-18 11:00:00Z;-3,19;2;3
1960-03-19 11:00:00Z;-3,18;0;3
1960-03-20 11:00:00Z;-3,17;2;3
1960-03-21 11:00:00Z;-3,16;2;3
1960-03-22 11:00:00Z;-3,15;2;3
1960-03-23 11:00:00Z;-3,15;2;3
1960-03-24 11:00:00Z;-3,14;2;3
1960-03-25 11:00:00Z;-3,13;2;3
1960-03-26 11:00:00Z;-3,12;0;3
1960-03-27 11:00:00Z;-3,11;2;3
1960-03-28 11:00:00Z;-3,11;2;3
1960-03-29 11:00:00Z;-3,11;2;3
1960-03-30 11:00:00Z;-3,1;0;3
1960-03-31 11:00:00Z;-3,1;2;3
1960-04-01 11:00:00Z;-3,1;2;3
1960-04-02 11:00:00Z;-3,1;0;3
1960-04-03 11:00:00Z;-3,09;2;3
1960-04-04 11:00:00Z;-3,09;2;3
1960-04-05 11:00:00Z;-3,09;2;3
1960-04-06 11:00:00Z;-3,08;0;3
1960-04-07 11:00:00Z;-3,08;2;3
1960-04-08 11:00:00Z;-3,08;2;3
1960-04-09 11:00:00Z;-3,08;0;3
1960-04-10 11:00:00Z;-3,06;2;3
1960-04-11 11:00:00Z;-3,05;2;3
1960-04-12 11:00:00Z;-3,03;2;3
1960-04-13 11:00:00Z;-3,01;2;3
1960-04-14 11:00:00Z;-3;2;3
1960-04-15 11:00:00Z;-2,98;2;3
1960-04-16 11:00:00Z;-2,96;2;3
1960-04-17 11:00:00Z;-2,94;2;3
1960-04-18 11:00:00Z;-2,93;2;3
1960-04-19 11:00:00Z;-2,91;2;3
1960-04-20 11:00:00Z;-2,89;2;3
1960-04-21 11:00:00Z;-2,88;2;3
1960-04-22 11:00:00Z;-2,86;0;3
1960-04-23 11:00:00Z;-2,82;2;3
1960-04-24 11:00:00Z;-2,77;2;3
1960-04-25 11:00:00Z;-2,73;2;3
1960-04-26 11:00:00Z;-2,69;2;3
1960-04-27 11:00:00Z;-2,65;2;3
1960-04-28 11:00:00Z;-2,61;2;3
1960-04-29 11:00:00Z;-2,56;2;3
1960-04-30 11:00:00Z;-2,52;0;3
1960-05-01 11:00:00Z;-2,49;2;3
1960-05-02 11:00:00Z;-2,46;2;3
1960-05-03 11:00:00Z;-2,43;2;3
1960-05-04 11:00:00Z;-2,41;2;3
1960-05-05 11:00:00Z;-2,38;2;3
1960-05-06 11:00:00Z;-2,35;2;3
1960-05-07 11:00:00Z;-2,32;0;3
1960-05-08 11:00:00Z;-2,32;2;3
1960-05-09 11:00:00Z;-2,32;2;3
1960-05-10 11:00:00Z;-2,32;2;3
1960-05-11 11:00:00Z;-2,33;2;3
1960-05-12 11:00:00Z;-2,33;2;3
1960-05-13 11:00:00Z;-2,33;2;3
1960-05-14 11:00:00Z;-2,33;0;3
1960-05-15 11:00:00Z;-2,35;2;3
1960-05-16 11:00:00Z;-2,38;2;3
1960-05-17 11:00:00Z;-2,4;2;3
1960-05-18 11:00:00Z;-2,42;2;3
1960-05-19 11:00:00Z;-2,44;2;3
1960-05-20 11:00:00Z;-2,47;2;3
1960-05-21 11:00:00Z;-2,49;2;3
1960-05-22 11:00:00Z;-2,51;2;3
1960-05-23 11:00:00Z;-2,54;2;3
1960-05-24 11:00:00Z;-2,56;0;3
1960-05-25 11:00:00Z;-2,55;2;3
1960-05-26 11:00:00Z;-2,54;2;3
1960-05-27 11:00:00Z;-2,53;2;3
1960-05-28 11:00:00Z;-2,52;2;3
1960-05-29 11:00:00Z;-2,51;2;3
1960-05-30 11:00:00Z;-2,5;0;3
1960-05-31 11:00:00Z;-2,51;2;3
1960-06-01 11:00:00Z;-2,52;2;3
1960-06-02 11:00:00Z;-2,53;2;3
1960-06-03 11:00:00Z;-2,54;2;3
1960-06-04 11:00:00Z;-2,55;0;3
1960-06-05 11:00:00Z;-2,53;2;3
1960-06-06 11:00:00Z;-2,51;2;3
1960-06-07 11:00:00Z;-2,49;2;3
1960-06-08 11:00:00Z;-2,46;2;3
1960-06-09 11:00:00Z;-2,44;2;3
1960-06-10 11:00:00Z;-2,42;2;3
1960-06-11 11:00:00Z;-2,4;0;3
1960-06-12 11:00:00Z;-2,4;2;3
1960-06-13 11:00:00Z;-2,39;2;3
1960-06-14 11:00:00Z;-2,39;2;3
1960-06-15 11:00:00Z;-2,39;2;3
1960-06-16 11:00:00Z;-2,38;2;3
1960-06-17 11:00:00Z;-2,38;0;3
1960-06-18 11:00:00Z;-2,16;2;3
1960-06-19 11:00:00Z;-1,94;2;3
1960-06-20 11:00:00Z;-1,72;2;3
1960-06-21 11:00:00Z;-1,5;0;3
1960-06-22 11:00:00Z;-1,48;2;3
1960-06-23 11:00:00Z;-1,46;2;3
1960-06-24 11:00:00Z;-1,44;2;3
1960-06-25 11:00:00Z;-1,42;0;3
1960-06-26 11:00:00Z;-1,37;2;3
1960-06-27 11:00:00Z;-1,33;2;3
1960-06-28 11:00:00Z;-1,28;2;3
1960-06-29 11:00:00Z;-1,24;2;3
1960-06-30 11:00:00Z;-1,19;0;3
1960-07-01 11:00:00Z;-1,08;2;3
1960-07-02 11:00:00Z;-0,97;0;3
1960-07-03 11:00:00Z;-0,93;2;3
1960-07-04 11:00:00Z;-0,89;0;3
1960-07-05 11:00:00Z;-0,91;0;3
1960-07-06 11:00:00Z;-0,94;2;3
1960-07-07 11:00:00Z;-0,97;2;3
1960-07-08 11:00:00Z;-0,99;2;3
1960-07-09 11:00:00Z;-1,02;0;3
1960-07-10 11:00:00Z;-1,06;2;3
1960-07-11 11:00:00Z;-1,09;2;3
1960-07-12 11:00:00Z;-1,13;2;3
1960-07-13 11:00:00Z;-1,17;2;3
1960-07-14 11:00:00Z;-1,21;2;3
1960-07-15 11:00:00Z;-1,24;2;3
1960-07-16 11:00:00Z;-1,28;0;3
1960-07-17 11:00:00Z;-1,31;2;3
1960-07-18 11:00:00Z;-1,34;2;3
1960-07-19 11:00:00Z;-1,37;2;3
1960-07-20 11:00:00Z;-1,4;2;3
1960-07-21 11:00:00Z;-1,43;2;3
1960-07-22 11:00:00Z;-1,46;2;3
1960-07-23 11:00:00Z;-1,49;0;3
1960-07-24 11:00:00Z;-1,52;2;3
1960-07-25 11:00:00Z;-1,55;2;3
1960-07-26 11:00:00Z;-1,58;2;3
1960-07-27 11:00:00Z;-1,6;2;3
1960-07-28 11:00:00Z;-1,63;2;3
1960-07-29 11:00:00Z;-1,66;2;3
1960-07-30 11:00:00Z;-1,69;0;3
1960-07-31 11:00:00Z;-1,75;2;3
1960-08-01 11:00:00Z;-1,8;2;3
1960-08-02 11:00:00Z;-1,86;2;3
1960-08-03 11:00:00Z;-1,91;2;3
1960-08-04 11:00:00Z;-1,97;2;3
1960-08-05 11:00:00Z;-2,02;2;3
1960-08-06 11:00:00Z;-2,08;0;3
1960-08-07 11:00:00Z;-2,11;2;3
1960-08-08 11:00:00Z;-2,15;2;3
1960-08-09 11:00:00Z;-2,18;2;3
1960-08-10 11:00:00Z;-2,21;2;3
1960-08-11 11:00:00Z;-2,25;2;3
1960-08-12 11:00:00Z;-2,28;0;3
1960-08-13 11:00:00Z;-2,28;2;3
1960-08-14 11:00:00Z;-2,28;2;3
1960-08-15 11:00:00Z;-2,27;2;3
1960-08-16 11:00:00Z;-2,27;2;3
1960-08-17 11:00:00Z;-2,27;2;3
1960-08-18 11:00:00Z;-2,26;2;3
1960-08-19 11:00:00Z;-2,26;2;3
1960-08-20 11:00:00Z;-2,26;0;3
1960-08-21 11:00:00Z;-2,21;2;3
1960-08-22 11:00:00Z;-2,16;2;3
1960-08-23 11:00:00Z;-2,11;2;3
1960-08-24 11:00:00Z;-2,07;2;3
1960-08-25 11:00:00Z;-2,02;2;3
1960-08-26 11:00:00Z;-1,97;2;3
1960-08-27 11:00:00Z;-1,92;0;3
1960-08-28 11:00:00Z;-1,94;2;3
1960-08-29 11:00:00Z;-1,96;2;3
1960-08-30 11:00:00Z;-1,98;0;3
1960-08-31 11:00:00Z;-1,88;2;3
1960-09-01 11:00:00Z;-1,79;2;3
1960-09-02 11:00:00Z;-1,7;2;3
1960-09-03 11:00:00Z;-1,6;0;3
1960-09-04 11:00:00Z;-1,58;2;3
1960-09-05 11:00:00Z;-1,56;2;3
1960-09-06 11:00:00Z;-1,53;2;3
1960-09-07 11:00:00Z;-1,51;0;3
1960-09-08 11:00:00Z;-1,53;2;3
1960-09-09 11:00:00Z;-1,54;2;3
1960-09-10 11:00:00Z;-1,56;0;3
1960-09-11 11:00:00Z;-1,57;2;3
1960-09-12 11:00:00Z;-1,58;2;3
1960-09-13 11:00:00Z;-1,59;2;3
1960-09-14 11:00:00Z;-1,59;2;3
1960-09-15 11:00:00Z;-1,6;2;3
1960-09-16 11:00:00Z;-1,61;2;3
1960-09-17 11:00:00Z;-1,62;0;3
1960-09-18 11:00:00Z;-1,64;2;3
1960-09-19 11:00:00Z;-1,65;2;3
1960-09-20 11:00:00Z;-1,67;2;3
1960-09-21 11:00:00Z;-1,69;2;3
1960-09-22 11:00:00Z;-1,71;2;3
1960-09-23 11:00:00Z;-1,72;2;3
1960-09-24 11:00:00Z;-1,74;0;3
1960-09-25 11:00:00Z;-1,63;2;3
1960-09-26 11:00:00Z;-1,53;2;3
1960-09-27 11:00:00Z;-1,42;2;3
1960-09-28 11:00:00Z;-1,31;2;3
1960-09-29 11:00:00Z;-1,21;2;3
1960-09-30 11:00:00Z;-1,1;0;3
1960-10-01 11:00:00Z;-1,12;2;3
1960-10-02 11:00:00Z;-1,13;2;3
1960-10-03 11:00:00Z;-1,14;2;3
1960-10-04 11:00:00Z;-1,16;2;3
1960-10-05 11:00:00Z;-1,18;2;3
1960-10-06 11:00:00Z;-1,19;2;3
1960-10-07 11:00:00Z;-1,21;2;3
1960-10-08 11:00:00Z;-1,22;0;3
1960-10-09 11:00:00Z;-1,25;2;3
1960-10-10 11:00:00Z;-1,27;2;3
1960-10-11 11:00:00Z;-1,3;2;3
1960-10-12 11:00:00Z;-1,33;2;3
1960-10-13 11:00:00Z;-1,36;2;3
1960-10-14 11:00:00Z;-1,38;2;3
1960-10-15 11:00:00Z;-1,41;0;3
1960-10-16 11:00:00Z;-1,43;2;3
1960-10-17 11:00:00Z;-1,46;2;3
1960-10-18 11:00:00Z;-1,48;2;3
1960-10-19 11:00:00Z;-1,51;2;3
1960-10-20 11:00:00Z;-1,53;2;3
1960-10-21 11:00:00Z;-1,56;2;3
1960-10-22 11:00:00Z;-1,58;0;3
1960-10-23 11:00:00Z;-1,62;2;3
1960-10-24 11:00:00Z;-1,67;2;3
1960-10-25 11:00:00Z;-1,71;2;3
1960-10-26 11:00:00Z;-1,75;2;3
1960-10-27 11:00:00Z;-1,79;2;3
1960-10-28 11:00:00Z;-1,84;2;3
1960-10-29 11:00:00Z;-1,88;0;3
1960-10-30 11:00:00Z;-1,91;2;3
1960-10-31 11:00:00Z;-1,94;0;3
1960-11-01 11:00:00Z;-1,98;2;3
1960-11-02 11:00:00Z;-2,03;2;3
1960-11-03 11:00:00Z;-2,07;2;3
1960-11-04 11:00:00Z;-2,12;2;3
1960-11-05 11:00:00Z;-2,16;0;3
1960-11-06 11:00:00Z;-2,2;2;3
1960-11-07 11:00:00Z;-2,24;2;3
1960-11-08 11:00:00Z;-2,28;2;3
1960-11-09 11:00:00Z;-2,32;2;3
1960-11-10 11:00:00Z;-2,36;2;3
1960-11-11 11:00:00Z;-2,4;2;3
1960-11-12 11:00:00Z;-2,44;0;3
1960-11-13 11:00:00Z;-2,47;2;3
1960-11-14 11:00:00Z;-2,5;2;3
1960-11-15 11:00:00Z;-2,53;2;3
1960-11-16 11:00:00Z;-2,56;2;3
1960-11-17 11:00:00Z;-2,59;2;3
1960-11-18 11:00:00Z;-2,62;2;3
1960-11-19 11:00:00Z;-2,65;0;3
1960-11-20 11:00:00Z;-2,67;2;3
1960-11-21 11:00:00Z;-2,7;2;3
1960-11-22 11:00:00Z;-2,72;2;3
1960-11-23 11:00:00Z;-2,75;2;3
1960-11-24 11:00:00Z;-2,77;2;3
1960-11-25 11:00:00Z;-2,8;2;3
1960-11-26 11:00:00Z;-2,82;0;3
1960-11-27 11:00:00Z;-2,84;2;3
1960-11-28 11:00:00Z;-2,86;2;3
1960-11-29 11:00:00Z;-2,87;2;3
1960-11-30 11:00:00Z;-2,89;0;3
1960-12-01 11:00:00Z;-2,85;2;3
1960-12-02 11:00:00Z;-2,82;2;3
1960-12-03 11:00:00Z;-2,78;0;3
1960-12-04 11:00:00Z;-2,78;2;3
1960-12-05 11:00:00Z;-2,78;2;3
1960-12-06 11:00:00Z;-2,77;2;3
1960-12-07 11:00:00Z;-2,77;0;3
1960-12-08 11:00:00Z;-2,78;2;3
1960-12-09 11:00:00Z;-2,79;2;3
1960-12-10 11:00:00Z;-2,8;0;3
1960-12-11 11:00:00Z;-2,82;2;3
1960-12-12 11:00:00Z;-2,83;2;3
1960-12-13 11:00:00Z;-2,85;2;3
1960-12-14 11:00:00Z;-2,87;2;3
1960-12-15 11:00:00Z;-2,88;2;3
1960-12-16 11:00:00Z;-2,9;0;3
1960-12-17 11:00:00Z;-2,88;0;3
1960-12-18 11:00:00Z;-2,76;0;3
1960-12-19 11:00:00Z;-2,78;2;3
1960-12-20 11:00:00Z;-2,8;2;3
1960-12-21 11:00:00Z;-2,82;2;3
1960-12-22 11:00:00Z;-2,84;2;3
1960-12-23 11:00:00Z;-2,86;2;3
1960-12-24 11:00:00Z;-2,88;0;3
1960-12-25 11:00:00Z;-2,91;2;3
1960-12-26 11:00:00Z;-2,94;2;3
1960-12-27 11:00:00Z;-2,97;2;3
1960-12-28 11:00:00Z;-3,01;2;3
1960-12-29 11:00:00Z;-3,04;2;3
1960-12-30 11:00:00Z;-3,07;2;3
1960-12-31 11:00:00Z;-3,1;0;3
1961-01-01 11:00:00Z;-3,11;2;3
1961-01-02 11:00:00Z;-3,12;2;3
1961-01-03 11:00:00Z;-3,13;2;3
1961-01-04 11:00:00Z;-3,15;2;3
1961-01-05 11:00:00Z;-3,16;2;3
1961-01-06 11:00:00Z;-3,17;2;3
1961-01-07 11:00:00Z;-3,18;0;3
1961-01-08 11:00:00Z;-3,17;2;3
1961-01-09 11:00:00Z;-3,15;2;3
1961-01-10 11:00:00Z;-3,14;2;3
1961-01-11 11:00:00Z;-3,12;2;3
1961-01-12 11:00:00Z;-3,11;2;3
1961-01-13 11:00:00Z;-3,09;2;3
1961-01-14 11:00:00Z;-3,08;0;3
1961-01-15 11:00:00Z;-2,8;2;3
1961-01-16 11:00:00Z;-2,52;2;3
1961-01-17 11:00:00Z;-2,24;2;3
1961-01-18 11:00:00Z;-1,96;0;3
1961-01-19 11:00:00Z;-1,97;2;3
1961-01-20 11:00:00Z;-1,97;2;3
1961-01-21 11:00:00Z;-1,98;0;3
1961-01-22 11:00:00Z;-2,01;2;3
1961-01-23 11:00:00Z;-2,04;2;3
1961-01-24 11:00:00Z;-2,07;2;3
1961-01-25 11:00:00Z;-2,09;2;3
1961-01-26 11:00:00Z;-2,12;2;3
1961-01-27 11:00:00Z;-2,15;2;3
1961-01-28 11:00:00Z;-2,18;0;3
1961-01-29 11:00:00Z;-2,2;2;3
1961-01-30 11:00:00Z;-2,23;0;3
1961-01-31 11:00:00Z;-2,28;2;3
1961-02-01 11:00:00Z;-2,34;2;3
1961-02-02 11:00:00Z;-2,39;2;3
1961-02-03 11:00:00Z;-2,44;0;3
1961-02-04 11:00:00Z;-2,47;2;3
1961-02-05 11:00:00Z;-2,51;2;3
1961-02-06 11:00:00Z;-2,54;2;3
1961-02-07 11:00:00Z;-2,57;2;3
1961-02-08 11:00:00Z;-2,6;2;3
1961-02-09 11:00:00Z;-2,63;2;3
1961-02-10 11:00:00Z;-2,67;2;3
1961-02-11 11:00:00Z;-2,7;0;3
1961-02-12 11:00:00Z;-2,65;2;3
1961-02-13 11:00:00Z;-2,61;2;3
1961-02-14 11:00:00Z;-2,56;2;3
1961-02-15 11:00:00Z;-2,51;0;3
1961-02-16 11:00:00Z;-2,01;2;3
1961-02-17 11:00:00Z;-1,5;0;3
1961-02-18 11:00:00Z;-1,34;2;3
1961-02-19 11:00:00Z;-1,18;2;3
1961-02-20 11:00:00Z;-1,02;0;3
1961-02-21 11:00:00Z;-0,82;2;3
1961-02-22 11:00:00Z;-0,62;0;3
1961-02-23 11:00:00Z;-0,65;2;3
1961-02-24 11:00:00Z;-0,67;2;3
1961-02-25 11:00:00Z;-0,7;0;3
1961-02-26 11:00:00Z;-0,72;2;3
1961-02-27 11:00:00Z;-0,73;2;3
1961-02-28 11:00:00Z;-0,75;0;3
1961-03-01 11:00:00Z;-0,63;2;3
1961-03-02 11:00:00Z;-0,51;2;3
1961-03-03 11:00:00Z;-0,39;2;3
1961-03-04 11:00:00Z;-0,27;0;3
1961-03-05 11:00:00Z;-0,23;2;3
1961-03-06 11:00:00Z;-0,18;2;3
1961-03-07 11:00:00Z;-0,14;0;3
1961-03-08 11:00:00Z;0,09;2;3
1961-03-09 11:00:00Z;0,32;0;3
1961-03-10 11:00:00Z;0,25;2;3
1961-03-11 11:00:00Z;0,18;0;3
1961-03-12 11:00:00Z;0,16;2;3
1961-03-13 11:00:00Z;0,14;2;3
1961-03-14 11:00:00Z;0,12;2;3
1961-03-15 11:00:00Z;0,1;0;3
1961-03-16 11:00:00Z;0,13;2;3
1961-03-17 11:00:00Z;0,17;2;3
1961-03-18 11:00:00Z;0,2;0;3
1961-03-19 11:00:00Z;0,18;2;3
1961-03-20 11:00:00Z;0,17;2;3
1961-03-21 11:00:00Z;0,15;2;3
1961-03-22 11:00:00Z;0,13;2;3
1961-03-23 11:00:00Z;0,11;2;3
1961-03-24 11:00:00Z;0,1;2;3
1961-03-25 11:00:00Z;0,08;0;3
1961-03-26 11:00:00Z;0,08;2;3
1961-03-27 11:00:00Z;0,08;2;3
1961-03-28 11:00:00Z;0,07;2;3
1961-03-29 11:00:00Z;0,07;0;3
1961-03-30 11:00:00Z;0,05;2;3
1961-03-31 11:00:00Z;0,03;0;3
1961-04-01 11:00:00Z;0,02;2;3
1961-04-02 11:00:00Z;0,01;2;3
1961-04-03 11:00:00Z;0;2;3
1961-04-04 11:00:00Z;-0,01;2;3
1961-04-05 11:00:00Z;-0,02;2;3
1961-04-06 11:00:00Z;-0,03;2;3
1961-04-07 11:00:00Z;-0,04;0;3
1961-04-08 11:00:00Z;-0,05;2;3
1961-04-09 11:00:00Z;-0,06;2;3
1961-04-10 11:00:00Z;-0,07;2;3
1961-04-11 11:00:00Z;-0,08;2;3
1961-04-12 11:00:00Z;-0,1;2;3
1961-04-13 11:00:00Z;-0,11;2;3
1961-04-14 11:00:00Z;-0,12;2;3
1961-04-15 11:00:00Z;-0,13;0;3
1961-04-16 11:00:00Z;-0,14;2;3
1961-04-17 11:00:00Z;-0,16;2;3
1961-04-18 11:00:00Z;-0,17;2;3
1961-04-19 11:00:00Z;-0,18;2;3
1961-04-20 11:00:00Z;-0,19;2;3
1961-04-21 11:00:00Z;-0,21;2;3
1961-04-22 11:00:00Z;-0,22;0;3
1961-04-23 11:00:00Z;-0,18;2;3
1961-04-24 11:00:00Z;-0,15;2;3
1961-04-25 11:00:00Z;-0,11;2;3
1961-04-26 11:00:00Z;-0,08;2;3
1961-04-27 11:00:00Z;-0,04;2;3
1961-04-28 11:00:00Z;-0,01;2;3
1961-04-29 11:00:00Z;0,03;0;3
1961-04-30 11:00:00Z;0,03;2;3
1961-05-01 11:00:00Z;0,02;2;3
1961-05-02 11:00:00Z;0,02;2;3
1961-05-03 11:00:00Z;0,02;2;3
1961-05-04 11:00:00Z;0,02;2;3
1961-05-05 11:00:00Z;0,01;2;3
1961-05-06 11:00:00Z;0,01;0;3
1961-05-07 11:00:00Z;-0,01;2;3
1961-05-08 11:00:00Z;-0,03;2;3
1961-05-09 11:00:00Z;-0,05;2;3
1961-05-10 11:00:00Z;-0,08;2;3
1961-05-11 11:00:00Z;-0,1;2;3
1961-05-12 11:00:00Z;-0,12;0;3
1961-05-13 11:00:00Z;-0,12;2;3
1961-05-14 11:00:00Z;-0,13;2;3
1961-05-15 11:00:00Z;-0,13;2;3
1961-05-16 11:00:00Z;-0,14;2;3
1961-05-17 11:00:00Z;-0,14;2;3
1961-05-18 11:00:00Z;-0,15;2;3
1961-05-19 11:00:00Z;-0,16;2;3
1961-05-20 11:00:00Z;-0,16;0;3
1961-05-21 11:00:00Z;-0,12;2;3
1961-05-22 11:00:00Z;-0,08;2;3
1961-05-23 11:00:00Z;-0,04;2;3
1961-05-24 11:00:00Z;0;2;3
1961-05-25 11:00:00Z;0,04;2;3
1961-05-26 11:00:00Z;0,08;0;3
1961-05-27 11:00:00Z;0,04;2;3
1961-05-28 11:00:00Z;0,01;2;3
1961-05-29 11:00:00Z;-0,03;2;3
1961-05-30 11:00:00Z;-0,06;2;3
1961-05-31 11:00:00Z;-0,1;0;3
1961-06-01 11:00:00Z;-0,13;2;3
1961-06-02 11:00:00Z;-0,17;2;3
1961-06-03 11:00:00Z;-0,2;0;3
1961-06-04 11:00:00Z;-0,27;2;3
1961-06-05 11:00:00Z;-0,34;2;3
1961-06-06 11:00:00Z;-0,41;2;3
1961-06-07 11:00:00Z;-0,49;2;3
1961-06-08 11:00:00Z;-0,56;2;3
1961-06-09 11:00:00Z;-0,63;2;3
1961-06-10 11:00:00Z;-0,7;0;3
1961-06-11 11:00:00Z;-0,8;2;3
1961-06-12 11:00:00Z;-0,9;2;3
1961-06-13 11:00:00Z;-1;2;3
1961-06-14 11:00:00Z;-1,1;0;3
1961-06-15 11:00:00Z;-1,06;2;3
1961-06-16 11:00:00Z;-1,02;2;3
1961-06-17 11:00:00Z;-0,98;0;3
1961-06-18 11:00:00Z;-0,98;2;3
1961-06-19 11:00:00Z;-0,99;2;3
1961-06-20 11:00:00Z;-0,99;2;3
1961-06-21 11:00:00Z;-0,99;2;3
1961-06-22 11:00:00Z;-0,99;2;3
1961-06-23 11:00:00Z;-1;2;3
1961-06-24 11:00:00Z;-1;0;3
1961-06-25 11:00:00Z;-1;2;3
1961-06-26 11:00:00Z;-1,01;2;3
1961-06-27 11:00:00Z;-1,01;2;3
1961-06-28 11:00:00Z;-1,01;2;3
1961-06-29 11:00:00Z;-1,02;2;3
1961-06-30 11:00:00Z;-1,02;0;3
1961-07-01 11:00:00Z;-1,07;2;3
1961-07-02 11:00:00Z;-1,12;2;3
1961-07-03 11:00:00Z;-1,17;2;3
1961-07-04 11:00:00Z;-1,21;2;3
1961-07-05 11:00:00Z;-1,26;2;3
1961-07-06 11:00:00Z;-1,31;2;3
1961-07-07 11:00:00Z;-1,36;0;3
1961-07-08 11:00:00Z;-1,41;2;3
1961-07-09 11:00:00Z;-1,46;2;3
1961-07-10 11:00:00Z;-1,51;2;3
1961-07-11 11:00:00Z;-1,56;2;3
1961-07-12 11:00:00Z;-1,61;2;3
1961-07-13 11:00:00Z;-1,66;2;3
1961-07-14 11:00:00Z;-1,71;2;3
1961-07-15 11:00:00Z;-1,76;0;3
1961-07-16 11:00:00Z;-1,79;2;3
1961-07-17 11:00:00Z;-1,83;2;3
1961-07-18 11:00:00Z;-1,86;2;3
1961-07-19 11:00:00Z;-1,9;2;3
1961-07-20 11:00:00Z;-1,93;2;3
1961-07-21 11:00:00Z;-1,97;2;3
1961-07-22 11:00:00Z;-2;0;3
1961-07-23 11:00:00Z;-2,03;2;3
1961-07-24 11:00:00Z;-2,06;2;3
1961-07-25 11:00:00Z;-2,09;2;3
1961-07-26 11:00:00Z;-2,13;2;3
1961-07-27 11:00:00Z;-2,16;2;3
1961-07-28 11:00:00Z;-2,19;2;3
1961-07-29 11:00:00Z;-2,22;0;3
1961-07-30 11:00:00Z;-2,25;2;3
1961-07-31 11:00:00Z;-2,28;0;3
1961-08-01 11:00:00Z;-2,21;2;3
1961-08-02 11:00:00Z;-2,14;2;3
1961-08-03 11:00:00Z;-2,06;2;3
1961-08-04 11:00:00Z;-1,99;2;3
1961-08-05 11:00:00Z;-1,92;0;3
1961-08-06 11:00:00Z;-1,91;2;3
1961-08-07 11:00:00Z;-1,9;2;3
1961-08-08 11:00:00Z;-1,89;2;3
1961-08-09 11:00:00Z;-1,87;2;3
1961-08-10 11:00:00Z;-1,86;2;3
1961-08-11 11:00:00Z;-1,85;2;3
1961-08-12 11:00:00Z;-1,84;0;3
1961-08-13 11:00:00Z;-1,88;2;3
1961-08-14 11:00:00Z;-1,93;2;3
1961-08-15 11:00:00Z;-1,97;2;3
1961-08-16 11:00:00Z;-2,01;2;3
1961-08-17 11:00:00Z;-2,05;2;3
1961-08-18 11:00:00Z;-2,1;2;3
1961-08-19 11:00:00Z;-2,14;0;3
1961-08-20 11:00:00Z;-2,16;2;3
1961-08-21 11:00:00Z;-2,19;2;3
1961-08-22 11:00:00Z;-2,21;2;3
1961-08-23 11:00:00Z;-2,23;2;3
1961-08-24 11:00:00Z;-2,26;2;3
1961-08-25 11:00:00Z;-2,28;0;3
1961-08-26 11:00:00Z;-2,28;2;3
1961-08-27 11:00:00Z;-2,28;2;3
1961-08-28 11:00:00Z;-2,28;2;3
1961-08-29 11:00:00Z;-2,29;2;3
1961-08-30 11:00:00Z;-2,29;2;3
1961-08-31 11:00:00Z;-2,29;0;3
1961-09-01 11:00:00Z;-2,3;2;3
1961-09-02 11:00:00Z;-2,32;0;3
1961-09-03 11:00:00Z;-2,34;2;3
1961-09-04 11:00:00Z;-2,37;2;3
1961-09-05 11:00:00Z;-2,39;2;3
1961-09-06 11:00:00Z;-2,41;2;3
1961-09-07 11:00:00Z;-2,43;2;3
1961-09-08 11:00:00Z;-2,46;2;3
1961-09-09 11:00:00Z;-2,48;0;3
1961-09-10 11:00:00Z;-2,47;2;3
1961-09-11 11:00:00Z;-2,45;2;3
1961-09-12 11:00:00Z;-2,44;2;3
1961-09-13 11:00:00Z;-2,42;2;3
1961-09-14 11:00:00Z;-2,41;2;3
1961-09-15 11:00:00Z;-2,39;2;3
1961-09-16 11:00:00Z;-2,38;0;3
1961-09-17 11:00:00Z;-2,36;2;3
1961-09-18 11:00:00Z;-2,33;2;3
1961-09-19 11:00:00Z;-2,31;2;3
1961-09-20 11:00:00Z;-2,29;2;3
1961-09-21 11:00:00Z;-2,27;2;3
1961-09-22 11:00:00Z;-2,24;2;3
1961-09-23 11:00:00Z;-2,22;0;3
1961-09-24 11:00:00Z;-2,18;2;3
1961-09-25 11:00:00Z;-2,15;2;3
1961-09-26 11:00:00Z;-2,11;2;3
1961-09-27 11:00:00Z;-2,07;2;3
1961-09-28 11:00:00Z;-2,03;2;3
1961-09-29 11:00:00Z;-2;2;3
1961-09-30 11:00:00Z;-1,96;0;3
1961-10-01 11:00:00Z;-1,98;2;3
1961-10-02 11:00:00Z;-2,01;2;3
1961-10-03 11:00:00Z;-2,03;2;3
1961-10-04 11:00:00Z;-2,05;2;3
1961-10-05 11:00:00Z;-2,07;2;3
1961-10-06 11:00:00Z;-2,1;2;3
1961-10-07 11:00:00Z;-2,12;0;3
1961-10-08 11:00:00Z;-2,07;2;3
1961-10-09 11:00:00Z;-2,02;2;3
1961-10-10 11:00:00Z;-1,97;2;3
1961-10-11 11:00:00Z;-1,93;2;3
1961-10-12 11:00:00Z;-1,88;2;3
1961-10-13 11:00:00Z;-1,83;2;3
1961-10-14 11:00:00Z;-1,78;0;3
1961-10-15 11:00:00Z;-1,74;2;3
1961-10-16 11:00:00Z;-1,69;2;3
1961-10-17 11:00:00Z;-1,65;2;3
1961-10-18 11:00:00Z;-1,6;2;3
1961-10-19 11:00:00Z;-1,56;0;3
1961-10-20 11:00:00Z;-1,57;2;3
1961-10-21 11:00:00Z;-1,58;0;3
1961-10-22 11:00:00Z;-1,55;2;3
1961-10-23 11:00:00Z;-1,53;2;3
1961-10-24 11:00:00Z;-1,5;2;3
1961-10-25 11:00:00Z;-1,48;2;3
1961-10-26 11:00:00Z;-1,45;2;3
1961-10-27 11:00:00Z;-1,43;2;3
1961-10-28 11:00:00Z;-1,4;0;3
1961-10-29 11:00:00Z;-1,38;2;3
1961-10-30 11:00:00Z;-1,37;0;3
1961-10-31 11:00:00Z;-1,3;2;3
1961-11-01 11:00:00Z;-1,24;2;3
1961-11-02 11:00:00Z;-1,17;0;3
1961-11-03 11:00:00Z;-1,09;2;3
1961-11-04 11:00:00Z;-1;0;3
1961-11-05 11:00:00Z;-0,96;2;3
1961-11-06 11:00:00Z;-0,93;2;3
1961-11-07 11:00:00Z;-0,89;2;3
1961-11-08 11:00:00Z;-0,85;2;3
1961-11-09 11:00:00Z;-0,82;2;3
1961-11-10 11:00:00Z;-0,78;0;3
1961-11-11 11:00:00Z;-0,75;2;3
1961-11-12 11:00:00Z;-0,72;2;3
1961-11-13 11:00:00Z;-0,7;2;3
1961-11-14 11:00:00Z;-0,67;2;3
1961-11-15 11:00:00Z;-0,64;2;3
1961-11-16 11:00:00Z;-0,62;2;3
1961-11-17 11:00:00Z;-0,59;2;3
1961-11-18 11:00:00Z;-0,56;0;3
1961-11-19 11:00:00Z;-0,39;2;3
1961-11-20 11:00:00Z;-0,23;2;3
1961-11-21 11:00:00Z;-0,06;2;3
1961-11-22 11:00:00Z;0,1;0;3
1961-11-23 11:00:00Z;0,08;2;3
1961-11-24 11:00:00Z;0,06;2;3
1961-11-25 11:00:00Z;0,04;0;3
1961-11-26 11:00:00Z;0,02;2;3
1961-11-27 11:00:00Z;-0,01;2;3
1961-11-28 11:00:00Z;-0,03;2;3
1961-11-29 11:00:00Z;-0,06;2;3
1961-11-30 11:00:00Z;-0,08;0;3
1961-12-01 11:00:00Z;-0,14;2;3
1961-12-02 11:00:00Z;-0,2;0;3
1961-12-03 11:00:00Z;-0,21;2;3
1961-12-04 11:00:00Z;-0,22;2;3
1961-12-05 11:00:00Z;-0,23;2;3
1961-12-06 11:00:00Z;-0,25;2;3
1961-12-07 11:00:00Z;-0,26;2;3
1961-12-08 11:00:00Z;-0,27;2;3
1961-12-09 11:00:00Z;-0,28;0;3
1961-12-10 11:00:00Z;-0,32;2;3
1961-12-11 11:00:00Z;-0,35;2;3
1961-12-12 11:00:00Z;-0,39;2;3
1961-12-13 11:00:00Z;-0,43;2;3
1961-12-14 11:00:00Z;-0,46;2;3
1961-12-15 11:00:00Z;-0,5;2;3
1961-12-16 11:00:00Z;-0,53;2;3
1961-12-17 11:00:00Z;-0,57;0;3
1961-12-18 11:00:00Z;-0,44;2;3
1961-12-19 11:00:00Z;-0,31;2;3
1961-12-20 11:00:00Z;-0,18;2;3
1961-12-21 11:00:00Z;-0,05;2;3
1961-12-22 11:00:00Z;0,08;0;3
1961-12-23 11:00:00Z;0,06;2;3
1961-12-24 11:00:00Z;0,03;2;3
1961-12-25 11:00:00Z;0,01;2;3
1961-12-26 11:00:00Z;-0,01;2;3
1961-12-27 11:00:00Z;-0,03;2;3
1961-12-28 11:00:00Z;-0,06;2;3
1961-12-29 11:00:00Z;-0,08;2;3
1961-12-30 11:00:00Z;-0,1;0;3
1961-12-31 11:00:00Z;-0,07;2;3
1962-01-01 11:00:00Z;-0,04;2;3
1962-01-02 11:00:00Z;-0,01;2;3
1962-01-03 11:00:00Z;0,02;2;3
1962-01-04 11:00:00Z;0,04;2;3
1962-01-05 11:00:00Z;0,07;2;3
1962-01-06 11:00:00Z;0,1;0;3
1962-01-07 11:00:00Z;0,1;2;3
1962-01-08 11:00:00Z;0,09;2;3
1962-01-09 11:00:00Z;0,09;2;3
1962-01-10 11:00:00Z;0,09;0;3
1962-01-11 11:00:00Z;0,07;2;3
1962-01-12 11:00:00Z;0,06;2;3
1962-01-13 11:00:00Z;0,04;2;3
1962-01-14 11:00:00Z;0,03;2;3
1962-01-15 11:00:00Z;0,01;0;3
1962-01-16 11:00:00Z;-0,04;2;3
1962-01-17 11:00:00Z;-0,08;2;3
1962-01-18 11:00:00Z;-0,13;2;3
1962-01-19 11:00:00Z;-0,17;2;3
1962-01-20 11:00:00Z;-0,22;0;3
1962-01-21 11:00:00Z;-0,25;2;3
1962-01-22 11:00:00Z;-0,29;2;3
1962-01-23 11:00:00Z;-0,32;2;3
1962-01-24 11:00:00Z;-0,36;2;3
1962-01-25 11:00:00Z;-0,39;2;3
1962-01-26 11:00:00Z;-0,43;2;3
1962-01-27 11:00:00Z;-0,46;0;3
1962-01-28 11:00:00Z;-0,49;2;3
1962-01-29 11:00:00Z;-0,51;2;3
1962-01-30 11:00:00Z;-0,54;0;3
1962-01-31 11:00:00Z;-0,59;2;3
1962-02-01 11:00:00Z;-0,64;2;3
1962-02-02 11:00:00Z;-0,69;2;3
1962-02-03 11:00:00Z;-0,74;0;3
1962-02-04 11:00:00Z;-0,78;2;3
1962-02-05 11:00:00Z;-0,82;0;3
1962-02-06 11:00:00Z;-0,84;2;3
1962-02-07 11:00:00Z;-0,85;2;3
1962-02-08 11:00:00Z;-0,87;2;3
1962-02-09 11:00:00Z;-0,88;2;3
1962-02-10 11:00:00Z;-0,9;0;3
1962-02-11 11:00:00Z;-0,97;2;3
1962-02-12 11:00:00Z;-1,04;2;3
1962-02-13 11:00:00Z;-1,11;2;3
1962-02-14 11:00:00Z;-1,17;2;3
1962-02-15 11:00:00Z;-1,24;2;3
1962-02-16 11:00:00Z;-1,31;2;3
1962-02-17 11:00:00Z;-1,38;0;3
1962-02-18 11:00:00Z;-1,06;2;3
1962-02-19 11:00:00Z;-0,73;2;3
1962-02-20 11:00:00Z;-0,41;2;3
1962-02-21 11:00:00Z;-0,08;0;3
1962-02-22 11:00:00Z;-0,05;2;3
1962-02-23 11:00:00Z;-0,01;2;3
1962-02-24 11:00:00Z;0,02;0;3
1962-02-25 11:00:00Z;0,01;2;3
1962-02-26 11:00:00Z;0;2;3
1962-02-27 11:00:00Z;-0,02;2;3
1962-02-28 11:00:00Z;-0,03;0;3
1962-03-01 11:00:00Z;-0,11;2;3
1962-03-02 11:00:00Z;-0,2;2;3
1962-03-03 11:00:00Z;-0,28;0;3
1962-03-04 11:00:00Z;-0,35;2;3
1962-03-05 11:00:00Z;-0,42;2;3
1962-03-06 11:00:00Z;-0,49;2;3
1962-03-07 11:00:00Z;-0,57;2;3
1962-03-08 11:00:00Z;-0,64;2;3
1962-03-09 11:00:00Z;-0,71;2;3
1962-03-10 11:00:00Z;-0,78;0;3
1962-03-11 11:00:00Z;-0,87;2;3
1962-03-12 11:00:00Z;-0,95;2;3
1962-03-13 11:00:00Z;-1,04;2;3
1962-03-14 11:00:00Z;-1,13;2;3
1962-03-15 11:00:00Z;-1,21;2;3
1962-03-16 11:00:00Z;-1,3;0;3
1962-03-17 11:00:00Z;-1,36;2;3
1962-03-18 11:00:00Z;-1,41;2;3
1962-03-19 11:00:00Z;-1,47;2;3
1962-03-20 11:00:00Z;-1,53;2;3
1962-03-21 11:00:00Z;-1,59;2;3
1962-03-22 11:00:00Z;-1,64;2;3
1962-03-23 11:00:00Z;-1,7;2;3
1962-03-24 11:00:00Z;-1,76;0;3
1962-03-25 11:00:00Z;-1,84;2;3
1962-03-26 11:00:00Z;-1,91;2;3
1962-03-27 11:00:00Z;-1,99;2;3
1962-03-28 11:00:00Z;-2,07;2;3
1962-03-29 11:00:00Z;-2,15;2;3
1962-03-30 11:00:00Z;-2,22;2;3
1962-03-31 11:00:00Z;-2,3;0;3
1962-04-01 11:00:00Z;-2,39;2;3
1962-04-02 11:00:00Z;-2,49;2;3
1962-04-03 11:00:00Z;-2,58;2;3
1962-04-04 11:00:00Z;-2,68;2;3
1962-04-05 11:00:00Z;-2,77;2;3
1962-04-06 11:00:00Z;-2,87;2;3
1962-04-07 11:00:00Z;-2,96;0;3
1962-04-08 11:00:00Z;-2,99;2;3
1962-04-09 11:00:00Z;-3,02;2;3
1962-04-10 11:00:00Z;-3,05;2;3
1962-04-11 11:00:00Z;-3,07;2;3
1962-04-12 11:00:00Z;-3,1;2;3
1962-04-13 11:00:00Z;-3,13;2;3
1962-04-14 11:00:00Z;-3,16;0;3
1962-04-15 11:00:00Z;-3,13;2;3
1962-04-16 11:00:00Z;-3,1;2;3
1962-04-17 11:00:00Z;-3,07;2;3
1962-04-18 11:00:00Z;-3,05;2;3
1962-04-19 11:00:00Z;-3,02;2;3
1962-04-20 11:00:00Z;-2,99;2;3
1962-04-21 11:00:00Z;-2,96;0;3
1962-04-22 11:00:00Z;-2,71;2;3
1962-04-23 11:00:00Z;-2,45;2;3
1962-04-24 11:00:00Z;-2,2;0;3
1962-04-25 11:00:00Z;-1,98;2;3
1962-04-26 11:00:00Z;-1,75;2;3
1962-04-27 11:00:00Z;-1,52;2;3
1962-04-28 11:00:00Z;-1,3;0;3
1962-04-29 11:00:00Z;-1,12;2;3
1962-04-30 11:00:00Z;-0,93;0;3
1962-05-01 11:00:00Z;-0,89;2;3
1962-05-02 11:00:00Z;-0,84;2;3
1962-05-03 11:00:00Z;-0,8;2;3
1962-05-04 11:00:00Z;-0,75;2;3
1962-05-05 11:00:00Z;-0,71;0;3
1962-05-06 11:00:00Z;-0,58;2;3
1962-05-07 11:00:00Z;-0,46;2;3
1962-05-08 11:00:00Z;-0,33;2;3
1962-05-09 11:00:00Z;-0,21;2;3
1962-05-10 11:00:00Z;-0,08;2;3
1962-05-11 11:00:00Z;0,04;2;3
1962-05-12 11:00:00Z;0,17;0;3
1962-05-13 11:00:00Z;0,17;2;3
1962-05-14 11:00:00Z;0,17;2;3
1962-05-15 11:00:00Z;0,17;2;3
1962-05-16 11:00:00Z;0,16;2;3
1962-05-17 11:00:00Z;0,16;2;3
1962-05-18 11:00:00Z;0,16;2;3
1962-05-19 11:00:00Z;0,16;0;3
1962-05-20 11:00:00Z;0,15;2;3
1962-05-21 11:00:00Z;0,13;2;3
1962-05-22 11:00:00Z;0,12;2;3
1962-05-23 11:00:00Z;0,1;2;3
1962-05-24 11:00:00Z;0,09;2;3
1962-05-25 11:00:00Z;0,07;2;3
1962-05-26 11:00:00Z;0,06;0;3
1962-05-27 11:00:00Z;0,04;2;3
1962-05-28 11:00:00Z;0,01;2;3
1962-05-29 11:00:00Z;-0,01;2;3
1962-05-30 11:00:00Z;-0,04;0;3
1962-05-31 11:00:00Z;-0,03;2;3
1962-06-01 11:00:00Z;-0,03;2;3
1962-06-02 11:00:00Z;-0,02;2;3
1962-06-03 11:00:00Z;-0,02;2;3
1962-06-04 11:00:00Z;-0,01;2;3
1962-06-05 11:00:00Z;0;2;3
1962-06-06 11:00:00Z;0;2;3
1962-06-07 11:00:00Z;0,01;2;3
1962-06-08 11:00:00Z;0,01;2;3
1962-06-09 11:00:00Z;0,02;0;3
1962-06-10 11:00:00Z;0;2;3
1962-06-11 11:00:00Z;-0,02;2;3
1962-06-12 11:00:00Z;-0,04;2;3
1962-06-13 11:00:00Z;-0,05;2;3
1962-06-14 11:00:00Z;-0,07;2;3
1962-06-15 11:00:00Z;-0,09;2;3
1962-06-16 11:00:00Z;-0,11;0;3
1962-06-17 11:00:00Z;-0,13;2;3
1962-06-18 11:00:00Z;-0,14;2;3
1962-06-19 11:00:00Z;-0,16;2;3
1962-06-20 11:00:00Z;-0,17;2;3
1962-06-21 11:00:00Z;-0,19;2;3
1962-06-22 11:00:00Z;-0,2;2;3
1962-06-23 11:00:00Z;-0,22;0;3
1962-06-24 11:00:00Z;-0,21;2;3
1962-06-25 11:00:00Z;-0,19;2;3
1962-06-26 11:00:00Z;-0,18;2;3
1962-06-27 11:00:00Z;-0,16;2;3
1962-06-28 11:00:00Z;-0,15;2;3
1962-06-29 11:00:00Z;-0,13;2;3
1962-06-30 11:00:00Z;-0,12;0;3
1962-07-01 11:00:00Z;-0,15;2;3
1962-07-02 11:00:00Z;-0,19;2;3
1962-07-03 11:00:00Z;-0,22;2;3
1962-07-04 11:00:00Z;-0,26;2;3
1962-07-05 11:00:00Z;-0,29;2;3
1962-07-06 11:00:00Z;-0,33;2;3
1962-07-07 11:00:00Z;-0,36;0;3
1962-07-08 11:00:00Z;-0,43;2;3
1962-07-09 11:00:00Z;-0,49;2;3
1962-07-10 11:00:00Z;-0,56;2;3
1962-07-11 11:00:00Z;-0,63;2;3
1962-07-12 11:00:00Z;-0,7;2;3
1962-07-13 11:00:00Z;-0,76;2;3
1962-07-14 11:00:00Z;-0,83;0;3
1962-07-15 11:00:00Z;-0,91;2;3
1962-07-16 11:00:00Z;-0,98;2;3
1962-07-17 11:00:00Z;-1,06;2;3
1962-07-18 11:00:00Z;-1,13;2;3
1962-07-19 11:00:00Z;-1,21;2;3
1962-07-20 11:00:00Z;-1,28;2;3
1962-07-21 11:00:00Z;-1,36;0;3
1962-07-22 11:00:00Z;-1,41;2;3
1962-07-23 11:00:00Z;-1,47;2;3
1962-07-24 11:00:00Z;-1,52;2;3
1962-07-25 11:00:00Z;-1,57;2;3
1962-07-26 11:00:00Z;-1,62;2;3
1962-07-27 11:00:00Z;-1,68;2;3
1962-07-28 11:00:00Z;-1,73;0;3
1962-07-29 11:00:00Z;-1,77;2;3
1962-07-30 11:00:00Z;-1,8;2;3
1962-07-31 11:00:00Z;-1,84;0;3
1962-08-01 11:00:00Z;-1,92;2;3
1962-08-02 11:00:00Z;-2;2;3
1962-08-03 11:00:00Z;-2,07;2;3
1962-08-04 11:00:00Z;-2,15;0;3
1962-08-05 11:00:00Z;-2,16;2;3
1962-08-06 11:00:00Z;-2,17;2;3
1962-08-07 11:00:00Z;-2,18;2;3
1962-08-08 11:00:00Z;-2,2;2;3
1962-08-09 11:00:00Z;-2,21;2;3
1962-08-10 11:00:00Z;-2,22;0;3
1962-08-11 11:00:00Z;-2,15;2;3
1962-08-12 11:00:00Z;-2,09;2;3
1962-08-13 11:00:00Z;-2,02;2;3
1962-08-14 11:00:00Z;-1,95;2;3
1962-08-15 11:00:00Z;-1,88;2;3
1962-08-16 11:00:00Z;-1,81;2;3
1962-08-17 11:00:00Z;-1,75;2;3
1962-08-18 11:00:00Z;-1,68;0;3
1962-08-19 11:00:00Z;-1,72;2;3
1962-08-20 11:00:00Z;-1,77;2;3
1962-08-21 11:00:00Z;-1,81;2;3
1962-08-22 11:00:00Z;-1,85;2;3
1962-08-23 11:00:00Z;-1,89;2;3
1962-08-24 11:00:00Z;-1,94;2;3
1962-08-25 11:00:00Z;-1,98;0;3
1962-08-26 11:00:00Z;-2;2;3
1962-08-27 11:00:00Z;-2,02;2;3
1962-08-28 11:00:00Z;-2,04;2;3
1962-08-29 11:00:00Z;-2,06;2;3
1962-08-30 11:00:00Z;-2,08;2;3
1962-08-31 11:00:00Z;-2,1;0;3
1962-09-01 11:00:00Z;-2,05;2;3
1962-09-02 11:00:00Z;-2;2;3
1962-09-03 11:00:00Z;-1,95;2;3
1962-09-04 11:00:00Z;-1,9;2;3
1962-09-05 11:00:00Z;-1,85;2;3
1962-09-06 11:00:00Z;-1,8;2;3
1962-09-07 11:00:00Z;-1,75;2;3
1962-09-08 11:00:00Z;-1,7;0;3
1962-09-09 11:00:00Z;-1,59;2;3
1962-09-10 11:00:00Z;-1,49;2;3
1962-09-11 11:00:00Z;-1,38;2;3
1962-09-12 11:00:00Z;-1,28;2;3
1962-09-13 11:00:00Z;-1,17;2;3
1962-09-14 11:00:00Z;-1,07;2;3
1962-09-15 11:00:00Z;-0,96;0;3
1962-09-16 11:00:00Z;-0,96;2;3
1962-09-17 11:00:00Z;-0,96;2;3
1962-09-18 11:00:00Z;-0,96;2;3
1962-09-19 11:00:00Z;-0,97;2;3
1962-09-20 11:00:00Z;-0,97;2;3
1962-09-21 11:00:00Z;-0,97;2;3
1962-09-22 11:00:00Z;-0,97;0;3
1962-09-23 11:00:00Z;-0,98;2;3
1962-09-24 11:00:00Z;-0,99;2;3
1962-09-25 11:00:00Z;-1;2;3
1962-09-26 11:00:00Z;-1,01;2;3
1962-09-27 11:00:00Z;-1,02;2;3
1962-09-28 11:00:00Z;-1,03;2;3
1962-09-29 11:00:00Z;-1,04;0;3
1962-09-30 11:00:00Z;-1,06;2;3
1962-10-01 11:00:00Z;-1,08;2;3
1962-10-02 11:00:00Z;-1,1;2;3
1962-10-03 11:00:00Z;-1,13;2;3
1962-10-04 11:00:00Z;-1,15;2;3
1962-10-05 11:00:00Z;-1,17;2;3
1962-10-06 11:00:00Z;-1,19;0;3
1962-10-07 11:00:00Z;-1,16;2;3
1962-10-08 11:00:00Z;-1,13;2;3
1962-10-09 11:00:00Z;-1,1;2;3
1962-10-10 11:00:00Z;-1,07;2;3
1962-10-11 11:00:00Z;-1,04;2;3
1962-10-12 11:00:00Z;-1,01;2;3
1962-10-13 11:00:00Z;-0,98;0;3
1962-10-14 11:00:00Z;-0,81;2;3
1962-10-15 11:00:00Z;-0,64;2;3
1962-10-16 11:00:00Z;-0,47;2;3
1962-10-17 11:00:00Z;-0,29;2;3
1962-10-18 11:00:00Z;-0,12;2;3
1962-10-19 11:00:00Z;0,05;2;3
1962-10-20 11:00:00Z;0,22;0;3
1962-10-21 11:00:00Z;0,23;2;3
1962-10-22 11:00:00Z;0,23;2;3
1962-10-23 11:00:00Z;0,24;2;3
1962-10-24 11:00:00Z;0,25;2;3
1962-10-25 11:00:00Z;0,26;2;3
1962-10-26 11:00:00Z;0,26;2;3
1962-10-27 11:00:00Z;0,27;0;3
1962-10-28 11:00:00Z;0,22;2;3
1962-10-29 11:00:00Z;0,17;2;3
1962-10-30 11:00:00Z;0,12;0;3
1962-10-31 11:00:00Z;0,1;2;3
1962-11-01 11:00:00Z;0,08;2;3
1962-11-02 11:00:00Z;0,06;2;3
1962-11-03 11:00:00Z;0,04;0;3
1962-11-04 11:00:00Z;0,03;2;3
1962-11-05 11:00:00Z;0,02;2;3
1962-11-06 11:00:00Z;0,01;2;3
1962-11-07 11:00:00Z;0;2;3
1962-11-08 11:00:00Z;-0,01;2;3
1962-11-09 11:00:00Z;-0,02;2;3
1962-11-10 11:00:00Z;-0,03;0;3
1962-11-11 11:00:00Z;-0,05;2;3
1962-11-12 11:00:00Z;-0,07;2;3
1962-11-13 11:00:00Z;-0,09;2;3
1962-11-14 11:00:00Z;-0,12;2;3
1962-11-15 11:00:00Z;-0,14;2;3
1962-11-16 11:00:00Z;-0,16;2;3
1962-11-17 11:00:00Z;-0,18;0;3
1962-11-18 11:00:00Z;-0,22;2;3
1962-11-19 11:00:00Z;-0,26;2;3
1962-11-20 11:00:00Z;-0,3;2;3
1962-11-21 11:00:00Z;-0,34;2;3
1962-11-22 11:00:00Z;-0,38;2;3
1962-11-23 11:00:00Z;-0,42;2;3
1962-11-24 11:00:00Z;-0,46;0;3
1962-11-25 11:00:00Z;-0,41;2;3
1962-11-26 11:00:00Z;-0,36;2;3
1962-11-27 11:00:00Z;-0,31;2;3
1962-11-28 11:00:00Z;-0,25;2;3
1962-11-29 11:00:00Z;-0,2;2;3
1962-11-30 11:00:00Z;-0,15;0;3
1962-12-01 11:00:00Z;-0,15;0;3
1962-12-02 11:00:00Z;0,12;2;3
1962-12-03 11:00:00Z;0,4;0;3
1962-12-04 11:00:00Z;0,43;2;3
1962-12-05 11:00:00Z;0,45;0;3
1962-12-06 11:00:00Z;0,35;2;3
1962-12-07 11:00:00Z;0,25;2;3
1962-12-08 11:00:00Z;0,15;0;3
1962-12-09 11:00:00Z;0,12;2;3
1962-12-10 11:00:00Z;0,09;2;3
1962-12-11 11:00:00Z;0,06;2;3
1962-12-12 11:00:00Z;0,04;2;3
1962-12-13 11:00:00Z;0,01;2;3
1962-12-14 11:00:00Z;-0,02;2;3
1962-12-15 11:00:00Z;-0,05;0;3
1962-12-16 11:00:00Z;-0,08;2;3
1962-12-17 11:00:00Z;-0,11;2;3
1962-12-18 11:00:00Z;-0,14;2;3
1962-12-19 11:00:00Z;-0,17;2;3
1962-12-20 11:00:00Z;-0,2;2;3
1962-12-21 11:00:00Z;-0,23;2;3
1962-12-22 11:00:00Z;-0,26;0;3
1962-12-23 11:00:00Z;-0,29;2;3
1962-12-24 11:00:00Z;-0,32;2;3
1962-12-25 11:00:00Z;-0,35;2;3
1962-12-26 11:00:00Z;-0,39;2;3
1962-12-27 11:00:00Z;-0,42;2;3
1962-12-28 11:00:00Z;-0,45;2;3
1962-12-29 11:00:00Z;-0,48;0;3
1962-12-30 11:00:00Z;-0,5;2;3
1962-12-31 11:00:00Z;-0,52;0;3
1963-01-01 11:00:00Z;-0,48;2;3
1963-01-02 11:00:00Z;-0,45;2;3
1963-01-03 11:00:00Z;-0,41;2;3
1963-01-04 11:00:00Z;-0,38;2;3
1963-01-05 11:00:00Z;-0,34;0;3
1963-01-06 11:00:00Z;-0,36;2;3
1963-01-07 11:00:00Z;-0,38;2;3
1963-01-08 11:00:00Z;-0,4;2;3
1963-01-09 11:00:00Z;-0,42;2;3
1963-01-10 11:00:00Z;-0,44;2;3
1963-01-11 11:00:00Z;-0,46;2;3
1963-01-12 11:00:00Z;-0,48;0;3
1963-01-13 11:00:00Z;-0,5;2;3
1963-01-14 11:00:00Z;-0,53;2;3
1963-01-15 11:00:00Z;-0,55;2;3
1963-01-16 11:00:00Z;-0,58;2;3
1963-01-17 11:00:00Z;-0,6;2;3
1963-01-18 11:00:00Z;-0,63;2;3
1963-01-19 11:00:00Z;-0,65;0;3
1963-01-20 11:00:00Z;-0,67;2;3
1963-01-21 11:00:00Z;-0,68;2;3
1963-01-22 11:00:00Z;-0,7;2;3
1963-01-23 11:00:00Z;-0,71;2;3
1963-01-24 11:00:00Z;-0,73;2;3
1963-01-25 11:00:00Z;-0,74;2;3
1963-01-26 11:00:00Z;-0,76;0;3
1963-01-27 11:00:00Z;-0,68;2;3
1963-01-28 11:00:00Z;-0,6;2;3
1963-01-29 11:00:00Z;-0,52;2;3
1963-01-30 11:00:00Z;-0,44;2;3
1963-01-31 11:00:00Z;-0,36;0;3
1963-02-01 11:00:00Z;-0,33;2;3
1963-02-02 11:00:00Z;-0,3;0;3
1963-02-03 11:00:00Z;-0,34;2;3
1963-02-04 11:00:00Z;-0,38;2;3
1963-02-05 11:00:00Z;-0,42;2;3
1963-02-06 11:00:00Z;-0,46;2;3
1963-02-07 11:00:00Z;-0,5;2;3
1963-02-08 11:00:00Z;-0,54;2;3
1963-02-09 11:00:00Z;-0,58;0;3
1963-02-10 11:00:00Z;-0,64;2;3
1963-02-11 11:00:00Z;-0,71;2;3
1963-02-12 11:00:00Z;-0,77;2;3
1963-02-13 11:00:00Z;-0,84;2;3
1963-02-14 11:00:00Z;-0,9;2;3
1963-02-15 11:00:00Z;-0,97;0;3
1963-02-16 11:00:00Z;-1,02;2;3
1963-02-17 11:00:00Z;-1,08;2;3
1963-02-18 11:00:00Z;-1,13;2;3
1963-02-19 11:00:00Z;-1,18;2;3
1963-02-20 11:00:00Z;-1,24;2;3
1963-02-21 11:00:00Z;-1,29;2;3
1963-02-22 11:00:00Z;-1,35;2;3
1963-02-23 11:00:00Z;-1,4;0;3
1963-02-24 11:00:00Z;-1,53;2;3
1963-02-25 11:00:00Z;-1,66;2;3
1963-02-26 11:00:00Z;-1,78;2;3
1963-02-27 11:00:00Z;-1,91;2;3
1963-02-28 11:00:00Z;-2,04;0;3
1963-03-01 11:00:00Z;-2,1;2;3
1963-03-02 11:00:00Z;-2,16;0;3
1963-03-03 11:00:00Z;-2,18;2;3
1963-03-04 11:00:00Z;-2,19;2;3
1963-03-05 11:00:00Z;-2,21;2;3
1963-03-06 11:00:00Z;-2,23;2;3
1963-03-07 11:00:00Z;-2,25;2;3
1963-03-08 11:00:00Z;-2,26;2;3
1963-03-09 11:00:00Z;-2,28;0;3
1963-03-10 11:00:00Z;-2,3;2;3
1963-03-11 11:00:00Z;-2,31;2;3
1963-03-12 11:00:00Z;-2,33;2;3
1963-03-13 11:00:00Z;-2,35;2;3
1963-03-14 11:00:00Z;-2,37;2;3
1963-03-15 11:00:00Z;-2,38;2;3
1963-03-16 11:00:00Z;-2,4;0;3
1963-03-17 11:00:00Z;-2,46;2;3
1963-03-18 11:00:00Z;-2,52;2;3
1963-03-19 11:00:00Z;-2,58;2;3
1963-03-20 11:00:00Z;-2,64;2;3
1963-03-21 11:00:00Z;-2,7;2;3
1963-03-22 11:00:00Z;-2,76;2;3
1963-03-23 11:00:00Z;-2,82;0;3
1963-03-24 11:00:00Z;-2,76;2;3
1963-03-25 11:00:00Z;-2,7;2;3
1963-03-26 11:00:00Z;-2,64;2;3
1963-03-27 11:00:00Z;-2,58;2;3
1963-03-28 11:00:00Z;-2,52;2;3
1963-03-29 11:00:00Z;-2,46;2;3
1963-03-30 11:00:00Z;-2,4;0;3
1963-03-31 11:00:00Z;-2,4;2;3
1963-04-01 11:00:00Z;-2,41;2;3
1963-04-02 11:00:00Z;-2,41;2;3
1963-04-03 11:00:00Z;-2,41;2;3
1963-04-04 11:00:00Z;-2,41;2;3
1963-04-05 11:00:00Z;-2,42;2;3
1963-04-06 11:00:00Z;-2,42;0;3
1963-04-07 11:00:00Z;-2,41;2;3
1963-04-08 11:00:00Z;-2,41;2;3
1963-04-09 11:00:00Z;-2,4;2;3
1963-04-10 11:00:00Z;-2,39;2;3
1963-04-11 11:00:00Z;-2,38;2;3
1963-04-12 11:00:00Z;-2,38;2;3
1963-04-13 11:00:00Z;-2,37;0;3
1963-04-14 11:00:00Z;-2,31;2;3
1963-04-15 11:00:00Z;-2,24;2;3
1963-04-16 11:00:00Z;-2,18;2;3
1963-04-17 11:00:00Z;-2,11;2;3
1963-04-18 11:00:00Z;-2,05;2;3
1963-04-19 11:00:00Z;-1,98;2;3
1963-04-20 11:00:00Z;-1,92;0;3
1963-04-21 11:00:00Z;-1,8;2;3
1963-04-22 11:00:00Z;-1,68;2;3
1963-04-23 11:00:00Z;-1,56;2;3
1963-04-24 11:00:00Z;-1,44;2;3
1963-04-25 11:00:00Z;-1,32;2;3
1963-04-26 11:00:00Z;-1,2;2;3
1963-04-27 11:00:00Z;-1,08;0;3
1963-04-28 11:00:00Z;-0,86;2;3
1963-04-29 11:00:00Z;-0,64;2;3
1963-04-30 11:00:00Z;-0,42;0;3
1963-05-01 11:00:00Z;-0,34;2;3
1963-05-02 11:00:00Z;-0,27;2;3
1963-05-03 11:00:00Z;-0,19;2;3
1963-05-04 11:00:00Z;-0,12;0;3
1963-05-05 11:00:00Z;-0,12;2;3
1963-05-06 11:00:00Z;-0,12;2;3
1963-05-07 11:00:00Z;-0,12;2;3
1963-05-08 11:00:00Z;-0,12;2;3
1963-05-09 11:00:00Z;-0,12;2;3
1963-05-10 11:00:00Z;-0,12;2;3
1963-05-11 11:00:00Z;-0,12;0;3
1963-05-12 11:00:00Z;-0,18;2;3
1963-05-13 11:00:00Z;-0,24;2;3
1963-05-14 11:00:00Z;-0,3;2;3
1963-05-15 11:00:00Z;-0,36;2;3
1963-05-16 11:00:00Z;-0,42;2;3
1963-05-17 11:00:00Z;-0,48;2;3
1963-05-18 11:00:00Z;-0,54;0;3
1963-05-19 11:00:00Z;-0,58;2;3
1963-05-20 11:00:00Z;-0,63;2;3
1963-05-21 11:00:00Z;-0,67;2;3
1963-05-22 11:00:00Z;-0,72;2;3
1963-05-23 11:00:00Z;-0,76;2;3
1963-05-24 11:00:00Z;-0,81;2;3
1963-05-25 11:00:00Z;-0,85;0;3
1963-05-26 11:00:00Z;-0,9;2;3
1963-05-27 11:00:00Z;-0,95;2;3
1963-05-28 11:00:00Z;-1;2;3
1963-05-29 11:00:00Z;-1,04;2;3
1963-05-30 11:00:00Z;-1,09;2;3
1963-05-31 11:00:00Z;-1,14;0;3
1963-06-01 11:00:00Z;-1,29;2;3
1963-06-02 11:00:00Z;-1,44;0;3
1963-06-03 11:00:00Z;-1,46;2;3
1963-06-04 11:00:00Z;-1,49;2;3
1963-06-05 11:00:00Z;-1,51;2;3
1963-06-06 11:00:00Z;-1,53;2;3
1963-06-07 11:00:00Z;-1,56;2;3
1963-06-08 11:00:00Z;-1,58;0;3
1963-06-09 11:00:00Z;-1,62;2;3
1963-06-10 11:00:00Z;-1,66;2;3
1963-06-11 11:00:00Z;-1,7;2;3
1963-06-12 11:00:00Z;-1,73;2;3
1963-06-13 11:00:00Z;-1,77;2;3
1963-06-14 11:00:00Z;-1,81;2;3
1963-06-15 11:00:00Z;-1,85;0;3
1963-06-16 11:00:00Z;-1,88;2;3
1963-06-17 11:00:00Z;-1,92;2;3
1963-06-18 11:00:00Z;-1,95;2;3
1963-06-19 11:00:00Z;-1,98;2;3
1963-06-20 11:00:00Z;-2,01;2;3
1963-06-21 11:00:00Z;-2,05;2;3
1963-06-22 11:00:00Z;-2,08;0;3
1963-06-23 11:00:00Z;-2,1;2;3
1963-06-24 11:00:00Z;-2,12;2;3
1963-06-25 11:00:00Z;-2,14;2;3
1963-06-26 11:00:00Z;-2,16;2;3
1963-06-27 11:00:00Z;-2,18;2;3
1963-06-28 11:00:00Z;-2,2;0;3
1963-06-29 11:00:00Z;-2,23;2;3
1963-06-30 11:00:00Z;-2,25;2;3
1963-07-01 11:00:00Z;-2,28;2;3
1963-07-02 11:00:00Z;-2,3;2;3
1963-07-03 11:00:00Z;-2,33;2;3
1963-07-04 11:00:00Z;-2,35;2;3
1963-07-05 11:00:00Z;-2,38;2;3
1963-07-06 11:00:00Z;-2,4;0;3
1963-07-07 11:00:00Z;-2,43;2;3
1963-07-08 11:00:00Z;-2,46;2;3
1963-07-09 11:00:00Z;-2,49;2;3
1963-07-10 11:00:00Z;-2,51;2;3
1963-07-11 11:00:00Z;-2,54;2;3
1963-07-12 11:00:00Z;-2,57;2;3
1963-07-13 11:00:00Z;-2,6;0;3
1963-07-14 11:00:00Z;-2,6;2;3
1963-07-15 11:00:00Z;-2,59;2;3
1963-07-16 11:00:00Z;-2,59;2;3
1963-07-17 11:00:00Z;-2,58;2;3
1963-07-18 11:00:00Z;-2,58;2;3
1963-07-19 11:00:00Z;-2,57;2;3
1963-07-20 11:00:00Z;-2,57;2;3
1963-07-21 11:00:00Z;-2,56;2;3
1963-07-22 11:00:00Z;-2,56;0;3
1963-07-23 11:00:00Z;-2,55;2;3
1963-07-24 11:00:00Z;-2,54;2;3
1963-07-25 11:00:00Z;-2,53;2;3
1963-07-26 11:00:00Z;-2,52;2;3
1963-07-27 11:00:00Z;-2,51;2;3
1963-07-28 11:00:00Z;-2,5;2;3
1963-07-29 11:00:00Z;-2,49;0;3
1963-07-30 11:00:00Z;-2,52;2;3
1963-07-31 11:00:00Z;-2,55;2;3
1963-08-01 11:00:00Z;-2,58;2;3
1963-08-02 11:00:00Z;-2,6;2;3
1963-08-03 11:00:00Z;-2,63;2;3
1963-08-04 11:00:00Z;-2,66;0;3
1963-08-05 11:00:00Z;-2,69;2;3
1963-08-06 11:00:00Z;-2,72;2;3
1963-08-07 11:00:00Z;-2,75;2;3
1963-08-08 11:00:00Z;-2,79;2;3
1963-08-09 11:00:00Z;-2,82;2;3
1963-08-10 11:00:00Z;-2,85;2;3
1963-08-11 11:00:00Z;-2,88;0;3
1963-08-12 11:00:00Z;-2,89;2;3
1963-08-13 11:00:00Z;-2,89;2;3
1963-08-14 11:00:00Z;-2,89;2;3
1963-08-15 11:00:00Z;-2,9;2;3
1963-08-16 11:00:00Z;-2,91;2;3
1963-08-17 11:00:00Z;-2,91;2;3
1963-08-18 11:00:00Z;-2,91;2;3
1963-08-19 11:00:00Z;-2,92;0;3
1963-08-20 11:00:00Z;-2,9;2;3
1963-08-21 11:00:00Z;-2,89;2;3
1963-08-22 11:00:00Z;-2,87;2;3
1963-08-23 11:00:00Z;-2,85;2;3
1963-08-24 11:00:00Z;-2,83;2;3
1963-08-25 11:00:00Z;-2,82;2;3
1963-08-26 11:00:00Z;-2,8;0;3
1963-08-27 11:00:00Z;-2,84;2;3
1963-08-28 11:00:00Z;-2,89;2;3
1963-08-29 11:00:00Z;-2,93;2;3
1963-08-30 11:00:00Z;-2,98;2;3
1963-08-31 11:00:00Z;-3,02;0;3
1963-09-01 11:00:00Z;-3,07;2;3
1963-09-02 11:00:00Z;-3,12;0;3
1963-09-03 11:00:00Z;-3,13;2;3
1963-09-04 11:00:00Z;-3,14;2;3
1963-09-05 11:00:00Z;-3,15;2;3
1963-09-06 11:00:00Z;-3,17;2;3
1963-09-07 11:00:00Z;-3,18;2;3
1963-09-08 11:00:00Z;-3,19;2;3
1963-09-09 11:00:00Z;-3,2;0;3
1963-09-10 11:00:00Z;-3,09;2;3
1963-09-11 11:00:00Z;-2,99;2;3
1963-09-12 11:00:00Z;-2,88;2;3
1963-09-13 11:00:00Z;-2,77;2;3
1963-09-14 11:00:00Z;-2,66;2;3
1963-09-15 11:00:00Z;-2,56;2;3
1963-09-16 11:00:00Z;-2,45;0;3
1963-09-17 11:00:00Z;-2,4;2;3
1963-09-18 11:00:00Z;-2,35;2;3
1963-09-19 11:00:00Z;-2,3;2;3
1963-09-20 11:00:00Z;-2,25;2;3
1963-09-21 11:00:00Z;-2,2;2;3
1963-09-22 11:00:00Z;-2,15;2;3
1963-09-23 11:00:00Z;-2,1;0;3
1963-09-24 11:00:00Z;-1,84;2;3
1963-09-25 11:00:00Z;-1,57;2;3
1963-09-26 11:00:00Z;-1,31;2;3
1963-09-27 11:00:00Z;-1,04;2;3
1963-09-28 11:00:00Z;-0,78;2;3
1963-09-29 11:00:00Z;-0,51;2;3
1963-09-30 11:00:00Z;-0,25;0;3
1963-10-01 11:00:00Z;0,15;0;3
1963-10-02 11:00:00Z;0,14;2;3
1963-10-03 11:00:00Z;0,12;2;3
1963-10-04 11:00:00Z;0,11;2;3
1963-10-05 11:00:00Z;0,09;2;3
1963-10-06 11:00:00Z;0,08;2;3
1963-10-07 11:00:00Z;0,06;0;3
1963-10-08 11:00:00Z;0,07;2;3
1963-10-09 11:00:00Z;0,08;2;3
1963-10-10 11:00:00Z;0,09;2;3
1963-10-11 11:00:00Z;0,1;2;3
1963-10-12 11:00:00Z;0,11;2;3
1963-10-13 11:00:00Z;0,12;0;3
1963-10-14 11:00:00Z;0,11;2;3
1963-10-15 11:00:00Z;0,1;2;3
1963-10-16 11:00:00Z;0,09;2;3
1963-10-17 11:00:00Z;0,08;2;3
1963-10-18 11:00:00Z;0,06;2;3
1963-10-19 11:00:00Z;0,05;2;3
1963-10-20 11:00:00Z;0,04;2;3
1963-10-21 11:00:00Z;0,03;0;3
1963-10-22 11:00:00Z;0,08;2;3
1963-10-23 11:00:00Z;0,12;2;3
1963-10-24 11:00:00Z;0,17;2;3
1963-10-25 11:00:00Z;0,21;2;3
1963-10-26 11:00:00Z;0,25;2;3
1963-10-27 11:00:00Z;0,3;0;3
1963-10-28 11:00:00Z;0,26;0;3
1963-10-29 11:00:00Z;0,21;2;3
1963-10-30 11:00:00Z;0,17;2;3
1963-10-31 11:00:00Z;0,12;0;3
1963-11-01 11:00:00Z;0,1;2;3
1963-11-02 11:00:00Z;0,09;2;3
1963-11-03 11:00:00Z;0,08;2;3
1963-11-04 11:00:00Z;0,06;0;3
1963-11-05 11:00:00Z;0,07;2;3
1963-11-06 11:00:00Z;0,07;2;3
1963-11-07 11:00:00Z;0,08;2;3
1963-11-08 11:00:00Z;0,08;2;3
1963-11-09 11:00:00Z;0,09;2;3
1963-11-10 11:00:00Z;0,09;2;3
1963-11-11 11:00:00Z;0,1;0;3
1963-11-12 11:00:00Z;0,09;2;3
1963-11-13 11:00:00Z;0,08;2;3
1963-11-14 11:00:00Z;0,07;2;3
1963-11-15 11:00:00Z;0,05;2;3
1963-11-16 11:00:00Z;0,04;2;3
1963-11-17 11:00:00Z;0,03;2;3
1963-11-18 11:00:00Z;0,02;0;3
1963-11-19 11:00:00Z;0,01;2;3
1963-11-20 11:00:00Z;0;2;3
1963-11-21 11:00:00Z;-0,01;2;3
1963-11-22 11:00:00Z;-0,01;2;3
1963-11-23 11:00:00Z;-0,02;2;3
1963-11-24 11:00:00Z;-0,03;2;3
1963-11-25 11:00:00Z;-0,04;0;3
1963-11-26 11:00:00Z;-0,08;2;3
1963-11-27 11:00:00Z;-0,12;2;3
1963-11-28 11:00:00Z;-0,17;2;3
1963-11-29 11:00:00Z;-0,21;2;3
1963-11-30 11:00:00Z;-0,25;0;3
1963-12-01 11:00:00Z;-0,28;2;3
1963-12-02 11:00:00Z;-0,32;0;3
1963-12-03 11:00:00Z;-0,29;2;3
1963-12-04 11:00:00Z;-0,26;2;3
1963-12-05 11:00:00Z;-0,23;2;3
1963-12-06 11:00:00Z;-0,21;2;3
1963-12-07 11:00:00Z;-0,18;2;3
1963-12-08 11:00:00Z;-0,15;2;3
1963-12-09 11:00:00Z;-0,12;0;3
1963-12-10 11:00:00Z;-0,09;2;3
1963-12-11 11:00:00Z;-0,05;2;3
1963-12-12 11:00:00Z;-0,02;2;3
1963-12-13 11:00:00Z;0,01;2;3
1963-12-14 11:00:00Z;0,05;2;3
1963-12-15 11:00:00Z;0,08;0;3
1963-12-16 11:00:00Z;0,06;2;3
1963-12-17 11:00:00Z;0,03;2;3
1963-12-18 11:00:00Z;0,01;2;3
1963-12-19 11:00:00Z;-0,01;2;3
1963-12-20 11:00:00Z;-0,03;2;3
1963-12-21 11:00:00Z;-0,06;2;3
1963-12-22 11:00:00Z;-0,08;2;3
1963-12-23 11:00:00Z;-0,1;0;3
1963-12-24 11:00:00Z;-0,07;2;3
1963-12-25 11:00:00Z;-0,05;2;3
1963-12-26 11:00:00Z;-0,02;2;3
1963-12-27 11:00:00Z;0,01;2;3
1963-12-28 11:00:00Z;0,03;2;3
1963-12-29 11:00:00Z;0,06;2;3
1963-12-30 11:00:00Z;0,08;2;3
1963-12-31 11:00:00Z;0,11;0;3
1964-01-01 11:00:00Z;0,12;2;3
1964-01-02 11:00:00Z;0,12;2;3
1964-01-03 11:00:00Z;0,12;2;3
1964-01-04 11:00:00Z;0,13;2;3
1964-01-05 11:00:00Z;0,14;2;3
1964-01-06 11:00:00Z;0,14;0;3
1964-01-07 11:00:00Z;0,13;2;3
1964-01-08 11:00:00Z;0,12;2;3
1964-01-09 11:00:00Z;0,11;2;3
1964-01-10 11:00:00Z;0,11;2;3
1964-01-11 11:00:00Z;0,1;2;3
1964-01-12 11:00:00Z;0,09;2;3
1964-01-13 11:00:00Z;0,08;0;3
1964-01-14 11:00:00Z;0,07;2;3
1964-01-15 11:00:00Z;0,07;2;3
1964-01-16 11:00:00Z;0,06;2;3
1964-01-17 11:00:00Z;0,06;2;3
1964-01-18 11:00:00Z;0,05;2;3
1964-01-19 11:00:00Z;0,05;2;3
1964-01-20 11:00:00Z;0,04;0;3
1964-01-21 11:00:00Z;0,04;2;3
1964-01-22 11:00:00Z;0,04;2;3
1964-01-23 11:00:00Z;0,04;2;3
1964-01-24 11:00:00Z;0,03;2;3
1964-01-25 11:00:00Z;0,03;2;3
1964-01-26 11:00:00Z;0,03;2;3
1964-01-27 11:00:00Z;0,03;0;3
1964-01-28 11:00:00Z;0,04;2;3
1964-01-29 11:00:00Z;0,04;2;3
1964-01-30 11:00:00Z;0,05;2;3
1964-01-31 11:00:00Z;0,06;0;3
1964-02-01 11:00:00Z;0,05;2;3
1964-02-02 11:00:00Z;0,03;2;3
1964-02-03 11:00:00Z;0,02;0;3
1964-02-04 11:00:00Z;0,12;2;3
1964-02-05 11:00:00Z;0,22;2;3
1964-02-06 11:00:00Z;0,31;2;3
1964-02-07 11:00:00Z;0,41;2;3
1964-02-08 11:00:00Z;0,51;0;3
1964-02-09 11:00:00Z;0,32;0;3
1964-02-10 11:00:00Z;0,26;0;3
1964-02-11 11:00:00Z;0,24;2;3
1964-02-12 11:00:00Z;0,21;2;3
1964-02-13 11:00:00Z;0,19;2;3
1964-02-14 11:00:00Z;0,17;2;3
1964-02-15 11:00:00Z;0,15;2;3
1964-02-16 11:00:00Z;0,12;2;3
1964-02-17 11:00:00Z;0,1;0;3
1964-02-18 11:00:00Z;0,08;2;3
1964-02-19 11:00:00Z;0,05;2;3
1964-02-20 11:00:00Z;0,03;2;3
1964-02-21 11:00:00Z;0,01;2;3
1964-02-22 11:00:00Z;-0,01;2;3
1964-02-23 11:00:00Z;-0,04;2;3
1964-02-24 11:00:00Z;-0,06;0;3
1964-02-25 11:00:00Z;-0,1;2;3
1964-02-26 11:00:00Z;-0,15;2;3
1964-02-27 11:00:00Z;-0,19;2;3
1964-02-28 11:00:00Z;-0,23;2;3
1964-02-29 11:00:00Z;-0,27;2;3
1964-03-01 11:00:00Z;-0,32;2;3
1964-03-02 11:00:00Z;-0,36;0;3
1964-03-03 11:00:00Z;-0,28;2;3
1964-03-04 11:00:00Z;-0,2;2;3
1964-03-05 11:00:00Z;-0,12;2;3
1964-03-06 11:00:00Z;-0,04;2;3
1964-03-07 11:00:00Z;0,04;2;3
1964-03-08 11:00:00Z;0,12;2;3
1964-03-09 11:00:00Z;0,2;0;3
1964-03-10 11:00:00Z;0,17;2;3
1964-03-11 11:00:00Z;0,15;2;3
1964-03-12 11:00:00Z;0,12;2;3
1964-03-13 11:00:00Z;0,1;2;3
1964-03-14 11:00:00Z;0,07;2;3
1964-03-15 11:00:00Z;0,05;2;3
1964-03-16 11:00:00Z;0,02;0;3
1964-03-17 11:00:00Z;-0,01;2;3
1964-03-18 11:00:00Z;-0,04;2;3
1964-03-19 11:00:00Z;-0,07;2;3
1964-03-20 11:00:00Z;-0,09;2;3
1964-03-21 11:00:00Z;-0,12;2;3
1964-03-22 11:00:00Z;-0,15;2;3
1964-03-23 11:00:00Z;-0,18;0;3
1964-03-24 11:00:00Z;-0,23;2;3
1964-03-25 11:00:00Z;-0,28;2;3
1964-03-26 11:00:00Z;-0,33;2;3
1964-03-27 11:00:00Z;-0,38;2;3
1964-03-28 11:00:00Z;-0,43;2;3
1964-03-29 11:00:00Z;-0,48;2;3
1964-03-30 11:00:00Z;-0,53;2;3
1964-03-31 11:00:00Z;-0,58;0;3
1964-04-01 11:00:00Z;-0,63;2;3
1964-04-02 11:00:00Z;-0,67;2;3
1964-04-03 11:00:00Z;-0,72;2;3
1964-04-04 11:00:00Z;-0,77;2;3
1964-04-05 11:00:00Z;-0,81;2;3
1964-04-06 11:00:00Z;-0,86;0;3
1964-04-07 11:00:00Z;-0,84;2;3
1964-04-08 11:00:00Z;-0,81;2;3
1964-04-09 11:00:00Z;-0,79;2;3
1964-04-10 11:00:00Z;-0,77;2;3
1964-04-11 11:00:00Z;-0,75;2;3
1964-04-12 11:00:00Z;-0,72;2;3
1964-04-13 11:00:00Z;-0,7;0;3
1964-04-14 11:00:00Z;-0,71;2;3
1964-04-15 11:00:00Z;-0,72;2;3
1964-04-16 11:00:00Z;-0,73;2;3
1964-04-17 11:00:00Z;-0,75;2;3
1964-04-18 11:00:00Z;-0,76;2;3
1964-04-19 11:00:00Z;-0,77;2;3
1964-04-20 11:00:00Z;-0,78;0;3
1964-04-21 11:00:00Z;-0,83;2;3
1964-04-22 11:00:00Z;-0,88;2;3
1964-04-23 11:00:00Z;-0,93;2;3
1964-04-24 11:00:00Z;-0,99;2;3
1964-04-25 11:00:00Z;-1,04;2;3
1964-04-26 11:00:00Z;-1,09;2;3
1964-04-27 11:00:00Z;-1,14;0;3
1964-04-28 11:00:00Z;-1,2;2;3
1964-04-29 11:00:00Z;-1,26;2;3
1964-04-30 11:00:00Z;-1,32;0;3
1964-05-01 11:00:00Z;-1,22;2;3
1964-05-02 11:00:00Z;-1,12;2;3
1964-05-03 11:00:00Z;-1,01;2;3
1964-05-04 11:00:00Z;-0,91;0;3
1964-05-05 11:00:00Z;-0,93;2;3
1964-05-06 11:00:00Z;-0,95;2;3
1964-05-07 11:00:00Z;-0,97;2;3
1964-05-08 11:00:00Z;-0,99;2;3
1964-05-09 11:00:00Z;-1,01;2;3
1964-05-10 11:00:00Z;-1,03;2;3
1964-05-11 11:00:00Z;-1,05;0;3
1964-05-12 11:00:00Z;-1,05;2;3
1964-05-13 11:00:00Z;-1,06;2;3
1964-05-14 11:00:00Z;-1,06;2;3
1964-05-15 11:00:00Z;-1,07;2;3
1964-05-16 11:00:00Z;-1,08;2;3
1964-05-17 11:00:00Z;-1,08;2;3
1964-05-18 11:00:00Z;-1,09;2;3
1964-05-19 11:00:00Z;-1,09;0;3
1964-05-20 11:00:00Z;-1,12;2;3
1964-05-21 11:00:00Z;-1,16;2;3
1964-05-22 11:00:00Z;-1,19;2;3
1964-05-23 11:00:00Z;-1,23;2;3
1964-05-24 11:00:00Z;-1,26;2;3
1964-05-25 11:00:00Z;-1,3;0;3
1964-05-26 11:00:00Z;-1,34;2;3
1964-05-27 11:00:00Z;-1,38;2;3
1964-05-28 11:00:00Z;-1,42;2;3
1964-05-29 11:00:00Z;-1,46;2;3
1964-05-30 11:00:00Z;-1,5;0;3
1964-05-31 11:00:00Z;-1,52;2;3
1964-06-01 11:00:00Z;-1,54;0;3
1964-06-02 11:00:00Z;-1,57;2;3
1964-06-03 11:00:00Z;-1,59;2;3
1964-06-04 11:00:00Z;-1,62;2;3
1964-06-05 11:00:00Z;-1,64;2;3
1964-06-06 11:00:00Z;-1,67;2;3
1964-06-07 11:00:00Z;-1,69;2;3
1964-06-08 11:00:00Z;-1,72;0;3
1964-06-09 11:00:00Z;-1,7;2;3
1964-06-10 11:00:00Z;-1,69;2;3
1964-06-11 11:00:00Z;-1,67;2;3
1964-06-12 11:00:00Z;-1,65;2;3
1964-06-13 11:00:00Z;-1,63;2;3
1964-06-14 11:00:00Z;-1,62;2;3
1964-06-15 11:00:00Z;-1,6;0;3
1964-06-16 11:00:00Z;-1,5;2;3
1964-06-17 11:00:00Z;-1,4;2;3
1964-06-18 11:00:00Z;-1,3;2;3
1964-06-19 11:00:00Z;-1,2;2;3
1964-06-20 11:00:00Z;-1,1;2;3
1964-06-21 11:00:00Z;-1;2;3
1964-06-22 11:00:00Z;-0,9;0;3
1964-06-23 11:00:00Z;-0,79;2;3
1964-06-24 11:00:00Z;-0,67;2;3
1964-06-25 11:00:00Z;-0,56;2;3
1964-06-26 11:00:00Z;-0,44;2;3
1964-06-27 11:00:00Z;-0,33;2;3
1964-06-28 11:00:00Z;-0,21;2;3
1964-06-29 11:00:00Z;-0,1;0;3
1964-06-30 11:00:00Z;-0,06;2;3
1964-07-01 11:00:00Z;-0,01;2;3
1964-07-02 11:00:00Z;0,03;2;3
1964-07-03 11:00:00Z;0,07;2;3
1964-07-04 11:00:00Z;0,12;2;3
1964-07-05 11:00:00Z;0,16;0;3
1964-07-06 11:00:00Z;0,15;2;3
1964-07-07 11:00:00Z;0,14;2;3
1964-07-08 11:00:00Z;0,13;2;3
1964-07-09 11:00:00Z;0,12;2;3
1964-07-10 11:00:00Z;0,11;2;3
1964-07-11 11:00:00Z;0,1;2;3
1964-07-12 11:00:00Z;0,09;2;3
1964-07-13 11:00:00Z;0,08;0;3
1964-07-14 11:00:00Z;0,07;2;3
1964-07-15 11:00:00Z;0,07;2;3
1964-07-16 11:00:00Z;0,06;2;3
1964-07-17 11:00:00Z;0,05;2;3
1964-07-18 11:00:00Z;0,04;2;3
1964-07-19 11:00:00Z;0,04;2;3
1964-07-20 11:00:00Z;0,03;0;3
1964-07-21 11:00:00Z;0,02;2;3
1964-07-22 11:00:00Z;0,02;2;3
1964-07-23 11:00:00Z;0,01;2;3
1964-07-24 11:00:00Z;0,01;2;3
1964-07-25 11:00:00Z;0;2;3
1964-07-26 11:00:00Z;0;2;3
1964-07-27 11:00:00Z;-0,01;0;3
1964-07-28 11:00:00Z;0,04;2;3
1964-07-29 11:00:00Z;0,09;2;3
1964-07-30 11:00:00Z;0,13;2;3
1964-07-31 11:00:00Z;0,18;0;3
1964-08-01 11:00:00Z;0,16;2;3
1964-08-02 11:00:00Z;0,14;2;3
1964-08-03 11:00:00Z;0,12;0;3
1964-08-04 11:00:00Z;0,09;2;3
1964-08-05 11:00:00Z;0,05;2;3
1964-08-06 11:00:00Z;0,02;2;3
1964-08-07 11:00:00Z;-0,02;2;3
1964-08-08 11:00:00Z;-0,05;2;3
1964-08-09 11:00:00Z;-0,09;2;3
1964-08-10 11:00:00Z;-0,12;0;3
1964-08-11 11:00:00Z;-0,17;2;3
1964-08-12 11:00:00Z;-0,21;2;3
1964-08-13 11:00:00Z;-0,26;2;3
1964-08-14 11:00:00Z;-0,3;2;3
1964-08-15 11:00:00Z;-0,35;2;3
1964-08-16 11:00:00Z;-0,39;2;3
1964-08-17 11:00:00Z;-0,44;0;3
1964-08-18 11:00:00Z;-0,48;2;3
1964-08-19 11:00:00Z;-0,53;2;3
1964-08-20 11:00:00Z;-0,57;2;3
1964-08-21 11:00:00Z;-0,61;2;3
1964-08-22 11:00:00Z;-0,65;2;3
1964-08-23 11:00:00Z;-0,7;2;3
1964-08-24 11:00:00Z;-0,74;0;3
1964-08-25 11:00:00Z;-0,76;2;3
1964-08-26 11:00:00Z;-0,77;2;3
1964-08-27 11:00:00Z;-0,79;2;3
1964-08-28 11:00:00Z;-0,81;2;3
1964-08-29 11:00:00Z;-0,83;2;3
1964-08-30 11:00:00Z;-0,84;2;3
1964-08-31 11:00:00Z;-0,86;0;3
1964-09-01 11:00:00Z;-0,45;0;3
1964-09-02 11:00:00Z;-0,46;2;3
1964-09-03 11:00:00Z;-0,47;2;3
1964-09-04 11:00:00Z;-0,48;2;3
1964-09-05 11:00:00Z;-0,5;2;3
1964-09-06 11:00:00Z;-0,51;2;3
1964-09-07 11:00:00Z;-0,52;0;3
1964-09-08 11:00:00Z;-0,44;2;3
1964-09-09 11:00:00Z;-0,35;2;3
1964-09-10 11:00:00Z;-0,27;2;3
1964-09-11 11:00:00Z;-0,19;2;3
1964-09-12 11:00:00Z;-0,11;2;3
1964-09-13 11:00:00Z;-0,02;2;3
1964-09-14 11:00:00Z;0,06;0;3
1964-09-15 11:00:00Z;0,05;2;3
1964-09-16 11:00:00Z;0,05;2;3
1964-09-17 11:00:00Z;0,04;2;3
1964-09-18 11:00:00Z;0,04;2;3
1964-09-19 11:00:00Z;0,03;2;3
1964-09-20 11:00:00Z;0,03;2;3
1964-09-21 11:00:00Z;0,02;0;3
1964-09-22 11:00:00Z;0,02;2;3
1964-09-23 11:00:00Z;0,01;2;3
1964-09-24 11:00:00Z;0,01;2;3
1964-09-25 11:00:00Z;0;2;3
1964-09-26 11:00:00Z;0;2;3
1964-09-27 11:00:00Z;-0,01;2;3
1964-09-28 11:00:00Z;-0,01;0;3
1964-09-29 11:00:00Z;0,05;2;3
1964-09-30 11:00:00Z;0,1;0;3
1964-10-01 11:00:00Z;0,08;2;3
1964-10-02 11:00:00Z;0,07;2;3
1964-10-03 11:00:00Z;0,05;2;3
1964-10-04 11:00:00Z;0,04;2;3
1964-10-05 11:00:00Z;0,02;0;3
1964-10-06 11:00:00Z;0,04;2;3
1964-10-07 11:00:00Z;0,07;2;3
1964-10-08 11:00:00Z;0,09;2;3
1964-10-09 11:00:00Z;0,11;2;3
1964-10-10 11:00:00Z;0,13;2;3
1964-10-11 11:00:00Z;0,16;2;3
1964-10-12 11:00:00Z;0,18;0;3
1964-10-13 11:00:00Z;0,07;2;3
1964-10-14 11:00:00Z;-0,04;2;3
1964-10-15 11:00:00Z;-0,15;2;3
1964-10-16 11:00:00Z;-0,25;2;3
1964-10-17 11:00:00Z;-0,36;2;3
1964-10-18 11:00:00Z;-0,47;2;3
1964-10-19 11:00:00Z;-0,58;0;3
1964-10-20 11:00:00Z;-0,57;2;3
1964-10-21 11:00:00Z;-0,55;2;3
1964-10-22 11:00:00Z;-0,54;2;3
1964-10-23 11:00:00Z;-0,52;2;3
1964-10-24 11:00:00Z;-0,51;2;3
1964-10-25 11:00:00Z;-0,49;2;3
1964-10-26 11:00:00Z;-0,48;0;3
1964-10-27 11:00:00Z;-0,52;2;3
1964-10-28 11:00:00Z;-0,56;2;3
1964-10-29 11:00:00Z;-0,6;2;3
1964-10-30 11:00:00Z;-0,64;2;3
1964-10-31 11:00:00Z;-0,68;0;3
1964-11-01 11:00:00Z;-0,7;2;3
1964-11-02 11:00:00Z;-0,72;0;3
1964-11-03 11:00:00Z;-0,68;2;3
1964-11-04 11:00:00Z;-0,64;2;3
1964-11-05 11:00:00Z;-0,6;2;3
1964-11-06 11:00:00Z;-0,55;2;3
1964-11-07 11:00:00Z;-0,51;2;3
1964-11-08 11:00:00Z;-0,47;2;3
1964-11-09 11:00:00Z;-0,43;0;3
1964-11-10 11:00:00Z;-0,38;2;3
1964-11-11 11:00:00Z;-0,34;2;3
1964-11-12 11:00:00Z;-0,29;2;3
1964-11-13 11:00:00Z;-0,24;2;3
1964-11-14 11:00:00Z;-0,19;2;3
1964-11-15 11:00:00Z;-0,15;2;3
1964-11-16 11:00:00Z;-0,1;0;3
1964-11-17 11:00:00Z;-0,07;2;3
1964-11-18 11:00:00Z;-0,04;2;3
1964-11-19 11:00:00Z;-0,01;2;3
1964-11-20 11:00:00Z;0,03;2;3
1964-11-21 11:00:00Z;0,06;2;3
1964-11-22 11:00:00Z;0,09;2;3
1964-11-23 11:00:00Z;0,12;0;3
1964-11-24 11:00:00Z;0,22;0;3
1964-11-25 11:00:00Z;0,19;2;3
1964-11-26 11:00:00Z;0,17;2;3
1964-11-27 11:00:00Z;0,14;2;3
1964-11-28 11:00:00Z;0,11;2;3
1964-11-29 11:00:00Z;0,09;2;3
1964-11-30 11:00:00Z;0,06;0;3
1964-12-01 11:00:00Z;0,01;2;3
1964-12-02 11:00:00Z;-0,03;2;3
1964-12-03 11:00:00Z;-0,08;2;3
1964-12-04 11:00:00Z;-0,12;2;3
1964-12-05 11:00:00Z;-0,17;2;3
1964-12-06 11:00:00Z;-0,21;2;3
1964-12-07 11:00:00Z;-0,26;0;3
1964-12-08 11:00:00Z;-0,28;2;3
1964-12-09 11:00:00Z;-0,29;2;3
1964-12-10 11:00:00Z;-0,31;2;3
1964-12-11 11:00:00Z;-0,33;2;3
1964-12-12 11:00:00Z;-0,35;2;3
1964-12-13 11:00:00Z;-0,36;2;3
1964-12-14 11:00:00Z;-0,38;0;3
1964-12-15 11:00:00Z;-0,39;2;3
1964-12-16 11:00:00Z;-0,39;2;3
1964-12-17 11:00:00Z;-0,4;2;3
1964-12-18 11:00:00Z;-0,4;2;3
1964-12-19 11:00:00Z;-0,41;2;3
1964-12-20 11:00:00Z;-0,41;2;3
1964-12-21 11:00:00Z;-0,42;0;3
1964-12-22 11:00:00Z;-0,15;2;3
1964-12-23 11:00:00Z;0,12;0;3
1964-12-24 11:00:00Z;0,1;2;3
1964-12-25 11:00:00Z;0,09;2;3
1964-12-26 11:00:00Z;0,07;2;3
1964-12-27 11:00:00Z;0,06;2;3
1964-12-28 11:00:00Z;0,04;0;3
1964-12-29 11:00:00Z;0,01;2;3
1964-12-30 11:00:00Z;-0,01;2;3
1964-12-31 11:00:00Z;-0,04;0;3
1965-01-01 11:00:00Z;-0,05;2;3
1965-01-02 11:00:00Z;-0,06;2;3
1965-01-03 11:00:00Z;-0,07;2;3
1965-01-04 11:00:00Z;-0,08;0;3
1965-01-05 11:00:00Z;-0,1;2;3
1965-01-06 11:00:00Z;-0,12;2;3
1965-01-07 11:00:00Z;-0,14;2;3
1965-01-08 11:00:00Z;-0,16;2;3
1965-01-09 11:00:00Z;-0,18;2;3
1965-01-10 11:00:00Z;-0,2;2;3
1965-01-11 11:00:00Z;-0,22;0;3
1965-01-12 11:00:00Z;-0,23;2;3
1965-01-13 11:00:00Z;-0,24;2;3
1965-01-14 11:00:00Z;-0,25;2;3
1965-01-15 11:00:00Z;-0,27;2;3
1965-01-16 11:00:00Z;-0,28;2;3
1965-01-17 11:00:00Z;-0,29;2;3
1965-01-18 11:00:00Z;-0,3;0;3
1965-01-19 11:00:00Z;-0,34;2;3
1965-01-20 11:00:00Z;-0,39;2;3
1965-01-21 11:00:00Z;-0,43;2;3
1965-01-22 11:00:00Z;-0,47;2;3
1965-01-23 11:00:00Z;-0,51;2;3
1965-01-24 11:00:00Z;-0,56;2;3
1965-01-25 11:00:00Z;-0,6;0;3
1965-01-26 11:00:00Z;-0,68;2;3
1965-01-27 11:00:00Z;-0,75;2;3
1965-01-28 11:00:00Z;-0,83;2;3
1965-01-29 11:00:00Z;-0,91;2;3
1965-01-30 11:00:00Z;-0,98;2;3
1965-01-31 11:00:00Z;-1,06;0;3
1965-02-01 11:00:00Z;-0,91;2;3
1965-02-02 11:00:00Z;-0,76;2;3
1965-02-03 11:00:00Z;-0,62;2;3
1965-02-04 11:00:00Z;-0,47;2;3
1965-02-05 11:00:00Z;-0,32;2;3
1965-02-06 11:00:00Z;-0,17;2;3
1965-02-07 11:00:00Z;-0,03;2;3
1965-02-08 11:00:00Z;0,12;0;3
1965-02-09 11:00:00Z;0,11;2;3
1965-02-10 11:00:00Z;0,09;2;3
1965-02-11 11:00:00Z;0,08;2;3
1965-02-12 11:00:00Z;0,07;2;3
1965-02-13 11:00:00Z;0,06;2;3
1965-02-14 11:00:00Z;0,04;2;3
1965-02-15 11:00:00Z;0,03;0;3
1965-02-16 11:00:00Z;0,04;2;3
1965-02-17 11:00:00Z;0,06;2;3
1965-02-18 11:00:00Z;0,07;2;3
1965-02-19 11:00:00Z;0,09;2;3
1965-02-20 11:00:00Z;0,1;2;3
1965-02-21 11:00:00Z;0,12;2;3
1965-02-22 11:00:00Z;0,13;0;3
1965-02-23 11:00:00Z;0,11;2;3
1965-02-24 11:00:00Z;0,09;2;3
1965-02-25 11:00:00Z;0,07;2;3
1965-02-26 11:00:00Z;0,04;2;3
1965-02-27 11:00:00Z;0,02;2;3
1965-02-28 11:00:00Z;0;2;3
1965-03-01 11:00:00Z;-0,02;0;3
1965-03-02 11:00:00Z;-0,04;2;3
1965-03-03 11:00:00Z;-0,07;2;3
1965-03-04 11:00:00Z;-0,09;2;3
1965-03-05 11:00:00Z;-0,11;2;3
1965-03-06 11:00:00Z;-0,13;2;3
1965-03-07 11:00:00Z;-0,16;2;3
1965-03-08 11:00:00Z;-0,18;0;3
1965-03-09 11:00:00Z;-0,21;2;3
1965-03-10 11:00:00Z;-0,23;2;3
1965-03-11 11:00:00Z;-0,26;2;3
1965-03-12 11:00:00Z;-0,28;2;3
1965-03-13 11:00:00Z;-0,31;2;3
1965-03-14 11:00:00Z;-0,33;2;3
1965-03-15 11:00:00Z;-0,36;0;3
1965-03-16 11:00:00Z;-0,37;2;3
1965-03-17 11:00:00Z;-0,37;2;3
1965-03-18 11:00:00Z;-0,38;2;3
1965-03-19 11:00:00Z;-0,38;2;3
1965-03-20 11:00:00Z;-0,39;2;3
1965-03-21 11:00:00Z;-0,39;2;3
1965-03-22 11:00:00Z;-0,4;0;3
1965-03-23 11:00:00Z;-0,43;2;3
1965-03-24 11:00:00Z;-0,47;2;3
1965-03-25 11:00:00Z;-0,5;2;3
1965-03-26 11:00:00Z;-0,54;2;3
1965-03-27 11:00:00Z;-0,57;2;3
1965-03-28 11:00:00Z;-0,61;2;3
1965-03-29 11:00:00Z;-0,64;0;3
1965-03-30 11:00:00Z;-0,43;2;3
1965-03-31 11:00:00Z;-0,22;0;3
1965-04-01 11:00:00Z;-0,2;2;3
1965-04-02 11:00:00Z;-0,18;2;3
1965-04-03 11:00:00Z;-0,17;2;3
1965-04-04 11:00:00Z;-0,15;2;3
1965-04-05 11:00:00Z;-0,13;0;3
1965-04-06 11:00:00Z;-0,11;2;3
1965-04-07 11:00:00Z;-0,1;2;3
1965-04-08 11:00:00Z;-0,08;2;3
1965-04-09 11:00:00Z;-0,07;2;3
1965-04-10 11:00:00Z;-0,05;2;3
1965-04-11 11:00:00Z;-0,04;2;3
1965-04-12 11:00:00Z;-0,02;0;3
1965-04-13 11:00:00Z;-0,01;2;3
1965-04-14 11:00:00Z;-0,01;2;3
1965-04-15 11:00:00Z;0;2;3
1965-04-16 11:00:00Z;0;2;3
1965-04-17 11:00:00Z;0,01;2;3
1965-04-18 11:00:00Z;0,02;2;3
1965-04-19 11:00:00Z;0,02;2;3
1965-04-20 11:00:00Z;0,03;0;3
1965-04-21 11:00:00Z;0,03;2;3
1965-04-22 11:00:00Z;0,03;2;3
1965-04-23 11:00:00Z;0,02;2;3
1965-04-24 11:00:00Z;0,02;2;3
1965-04-25 11:00:00Z;0,02;2;3
1965-04-26 11:00:00Z;0,02;0;3
1965-04-27 11:00:00Z;0,04;2;3
1965-04-28 11:00:00Z;0,06;2;3
1965-04-29 11:00:00Z;0,09;2;3
1965-04-30 11:00:00Z;0,11;0;3
1965-05-01 11:00:00Z;0,09;2;3
1965-05-02 11:00:00Z;0,06;2;3
1965-05-03 11:00:00Z;0,04;0;3
1965-05-04 11:00:00Z;0,03;2;3
1965-05-05 11:00:00Z;0,01;2;3
1965-05-06 11:00:00Z;0;2;3
1965-05-07 11:00:00Z;-0,02;2;3
1965-05-08 11:00:00Z;-0,03;2;3
1965-05-09 11:00:00Z;-0,05;2;3
1965-05-10 11:00:00Z;-0,06;0;3
1965-05-11 11:00:00Z;-0,08;2;3
1965-05-12 11:00:00Z;-0,11;2;3
1965-05-13 11:00:00Z;-0,13;2;3
1965-05-14 11:00:00Z;-0,16;2;3
1965-05-15 11:00:00Z;-0,18;2;3
1965-05-16 11:00:00Z;-0,2;2;3
1965-05-17 11:00:00Z;-0,23;2;3
1965-05-18 11:00:00Z;-0,25;0;3
1965-05-19 11:00:00Z;-0,29;2;3
1965-05-20 11:00:00Z;-0,33;2;3
1965-05-21 11:00:00Z;-0,38;2;3
1965-05-22 11:00:00Z;-0,42;2;3
1965-05-23 11:00:00Z;-0,46;2;3
1965-05-24 11:00:00Z;-0,5;0;3
1965-05-25 11:00:00Z;-0,49;2;3
1965-05-26 11:00:00Z;-0,48;2;3
1965-05-27 11:00:00Z;-0,47;2;3
1965-05-28 11:00:00Z;-0,47;2;3
1965-05-29 11:00:00Z;-0,46;2;3
1965-05-30 11:00:00Z;-0,45;2;3
1965-05-31 11:00:00Z;-0,44;0;3
1965-06-01 11:00:00Z;-0,47;2;3
1965-06-02 11:00:00Z;-0,5;2;3
1965-06-03 11:00:00Z;-0,52;2;3
1965-06-04 11:00:00Z;-0,55;2;3
1965-06-05 11:00:00Z;-0,58;2;3
1965-06-06 11:00:00Z;-0,61;2;3
1965-06-07 11:00:00Z;-0,63;2;3
1965-06-08 11:00:00Z;-0,66;0;3
1965-06-09 11:00:00Z;-0,67;2;3
1965-06-10 11:00:00Z;-0,68;2;3
1965-06-11 11:00:00Z;-0,7;2;3
1965-06-12 11:00:00Z;-0,71;2;3
1965-06-13 11:00:00Z;-0,72;2;3
1965-06-14 11:00:00Z;-0,73;0;3
1965-06-15 11:00:00Z;-0,69;2;3
1965-06-16 11:00:00Z;-0,65;2;3
1965-06-17 11:00:00Z;-0,61;2;3
1965-06-18 11:00:00Z;-0,57;2;3
1965-06-19 11:00:00Z;-0,54;2;3
1965-06-20 11:00:00Z;-0,5;2;3
1965-06-21 11:00:00Z;-0,46;2;3
1965-06-22 11:00:00Z;-0,42;0;3
1965-06-23 11:00:00Z;-0,44;2;3
1965-06-24 11:00:00Z;-0,47;2;3
1965-06-25 11:00:00Z;-0,5;2;3
1965-06-26 11:00:00Z;-0,52;2;3
1965-06-27 11:00:00Z;-0,54;2;3
1965-06-28 11:00:00Z;-0,57;0;3
1965-06-29 11:00:00Z;-0,28;2;3
1965-06-30 11:00:00Z;0,02;0;3
1965-07-01 11:00:00Z;0,04;2;3
1965-07-02 11:00:00Z;0,07;2;3
1965-07-03 11:00:00Z;0,09;2;3
1965-07-04 11:00:00Z;0,12;2;3
1965-07-05 11:00:00Z;0,14;0;3
1965-07-06 11:00:00Z;0,11;2;3
1965-07-07 11:00:00Z;0,08;2;3
1965-07-08 11:00:00Z;0,05;2;3
1965-07-09 11:00:00Z;0,02;2;3
1965-07-10 11:00:00Z;-0,01;2;3
1965-07-11 11:00:00Z;-0,04;2;3
1965-07-12 11:00:00Z;-0,07;0;3
1965-07-13 11:00:00Z;-0,09;2;3
1965-07-14 11:00:00Z;-0,11;2;3
1965-07-15 11:00:00Z;-0,13;2;3
1965-07-16 11:00:00Z;-0,16;2;3
1965-07-17 11:00:00Z;-0,18;2;3
1965-07-18 11:00:00Z;-0,2;2;3
1965-07-19 11:00:00Z;-0,22;1;3
1965-07-20 11:00:00Z;-0,28;2;3
1965-07-21 11:00:00Z;-0,33;2;3
1965-07-22 11:00:00Z;-0,39;2;3
1965-07-23 11:00:00Z;-0,45;2;3
1965-07-24 11:00:00Z;-0,51;2;3
1965-07-25 11:00:00Z;-0,56;2;3
1965-07-26 11:00:00Z;-0,62;0;3
1965-07-27 11:00:00Z;-0,64;2;3
1965-07-28 11:00:00Z;-0,67;2;3
1965-07-29 11:00:00Z;-0,69;2;3
1965-07-30 11:00:00Z;-0,71;2;3
1965-07-31 11:00:00Z;-0,73;2;3
1965-08-01 11:00:00Z;-0,76;2;3
1965-08-02 11:00:00Z;-0,78;0;3
1965-08-03 11:00:00Z;-0,84;2;3
1965-08-04 11:00:00Z;-0,91;2;3
1965-08-05 11:00:00Z;-0,97;2;3
1965-08-06 11:00:00Z;-1,03;2;3
1965-08-07 11:00:00Z;-1,09;2;3
1965-08-08 11:00:00Z;-1,16;2;3
1965-08-09 11:00:00Z;-1,22;0;3
1965-08-10 11:00:00Z;-1,28;2;3
1965-08-11 11:00:00Z;-1,33;2;3
1965-08-12 11:00:00Z;-1,39;2;3
1965-08-13 11:00:00Z;-1,45;2;3
1965-08-14 11:00:00Z;-1,51;2;3
1965-08-15 11:00:00Z;-1,56;2;3
1965-08-16 11:00:00Z;-1,62;0;3
1965-08-17 11:00:00Z;-1,63;2;3
1965-08-18 11:00:00Z;-1,64;2;3
1965-08-19 11:00:00Z;-1,65;2;3
1965-08-20 11:00:00Z;-1,67;2;3
1965-08-21 11:00:00Z;-1,68;2;3
1965-08-22 11:00:00Z;-1,69;2;3
1965-08-23 11:00:00Z;-1,7;0;3
1965-08-24 11:00:00Z;-1,7;2;3
1965-08-25 11:00:00Z;-1,69;2;3
1965-08-26 11:00:00Z;-1,69;2;3
1965-08-27 11:00:00Z;-1,69;2;3
1965-08-28 11:00:00Z;-1,69;2;3
1965-08-29 11:00:00Z;-1,68;2;3
1965-08-30 11:00:00Z;-1,68;0;3
1965-08-31 11:00:00Z;-1,68;2;3
1965-09-01 11:00:00Z;-1,68;2;3
1965-09-02 11:00:00Z;-1,68;2;3
1965-09-03 11:00:00Z;-1,68;2;3
1965-09-04 11:00:00Z;-1,68;2;3
1965-09-05 11:00:00Z;-1,68;2;3
1965-09-06 11:00:00Z;-1,68;0;3
1965-09-07 11:00:00Z;-1,68;2;3
1965-09-08 11:00:00Z;-1,68;2;3
1965-09-09 11:00:00Z;-1,68;2;3
1965-09-10 11:00:00Z;-1,68;2;3
1965-09-11 11:00:00Z;-1,68;2;3
1965-09-12 11:00:00Z;-1,68;2;3
1965-09-13 11:00:00Z;-1,68;0;3
1965-09-14 11:00:00Z;-1,74;2;3
1965-09-15 11:00:00Z;-1,81;2;3
1965-09-16 11:00:00Z;-1,87;2;3
1965-09-17 11:00:00Z;-1,93;2;3
1965-09-18 11:00:00Z;-1,99;2;3
1965-09-19 11:00:00Z;-2,06;2;3
1965-09-20 11:00:00Z;-2,12;0;3
1965-09-21 11:00:00Z;-2,12;2;3
1965-09-22 11:00:00Z;-2,13;2;3
1965-09-23 11:00:00Z;-2,13;2;3
1965-09-24 11:00:00Z;-2,13;2;3
1965-09-25 11:00:00Z;-2,13;2;3
1965-09-26 11:00:00Z;-2,14;2;3
1965-09-27 11:00:00Z;-2,14;0;3
1965-09-28 11:00:00Z;-2,17;2;3
1965-09-29 11:00:00Z;-2,19;2;3
1965-09-30 11:00:00Z;-2,22;0;3
1965-10-01 11:00:00Z;-2,26;2;3
1965-10-02 11:00:00Z;-2,3;2;3
1965-10-03 11:00:00Z;-2,34;2;3
1965-10-04 11:00:00Z;-2,38;0;3
1965-10-05 11:00:00Z;-2,38;2;3
1965-10-06 11:00:00Z;-2,37;2;3
1965-10-07 11:00:00Z;-2,37;2;3
1965-10-08 11:00:00Z;-2,36;2;3
1965-10-09 11:00:00Z;-2,36;2;3
1965-10-10 11:00:00Z;-2,35;2;3
1965-10-11 11:00:00Z;-2,35;0;3
1965-10-12 11:00:00Z;-2,23;2;3
1965-10-13 11:00:00Z;-2,11;2;3
1965-10-14 11:00:00Z;-1,99;2;3
1965-10-15 11:00:00Z;-1,88;2;3
1965-10-16 11:00:00Z;-1,76;2;3
1965-10-17 11:00:00Z;-1,64;2;3
1965-10-18 11:00:00Z;-1,52;0;3
1965-10-19 11:00:00Z;-1,42;2;3
1965-10-20 11:00:00Z;-1,32;2;3
1965-10-21 11:00:00Z;-1,22;2;3
1965-10-22 11:00:00Z;-1,12;2;3
1965-10-23 11:00:00Z;-1,02;2;3
1965-10-24 11:00:00Z;-0,92;2;3
1965-10-25 11:00:00Z;-0,82;0;3
1965-10-26 11:00:00Z;-0,8;2;3
1965-10-27 11:00:00Z;-0,78;2;3
1965-10-28 11:00:00Z;-0,77;2;3
1965-10-29 11:00:00Z;-0,75;2;3
1965-10-30 11:00:00Z;-0,73;2;3
1965-10-31 11:00:00Z;-0,71;2;3
1965-11-01 11:00:00Z;-0,69;2;3
1965-11-02 11:00:00Z;-0,68;2;3
1965-11-03 11:00:00Z;-0,66;2;3
1965-11-04 11:00:00Z;-0,64;2;3
1965-11-05 11:00:00Z;-0,62;2;3
1965-11-06 11:00:00Z;-0,61;2;3
1965-11-07 11:00:00Z;-0,59;2;3
1965-11-08 11:00:00Z;-0,57;0;3
1965-11-09 11:00:00Z;-0,6;2;3
1965-11-10 11:00:00Z;-0,62;2;3
1965-11-11 11:00:00Z;-0,65;2;3
1965-11-12 11:00:00Z;-0,67;2;3
1965-11-13 11:00:00Z;-0,7;2;3
1965-11-14 11:00:00Z;-0,72;2;3
1965-11-15 11:00:00Z;-0,75;0;3
1965-11-16 11:00:00Z;-0,78;2;3
1965-11-17 11:00:00Z;-0,8;2;3
1965-11-18 11:00:00Z;-0,83;2;3
1965-11-19 11:00:00Z;-0,86;2;3
1965-11-20 11:00:00Z;-0,89;2;3
1965-11-21 11:00:00Z;-0,91;2;3
1965-11-22 11:00:00Z;-0,94;0;3
1965-11-23 11:00:00Z;-0,99;2;3
1965-11-24 11:00:00Z;-1,04;2;3
1965-11-25 11:00:00Z;-1,09;2;3
1965-11-26 11:00:00Z;-1,13;2;3
1965-11-27 11:00:00Z;-1,18;2;3
1965-11-28 11:00:00Z;-1,23;2;3
1965-11-29 11:00:00Z;-1,28;0;3
1965-11-30 11:00:00Z;-1,33;2;3
1965-12-01 11:00:00Z;-1,38;2;3
1965-12-02 11:00:00Z;-1,43;2;3
1965-12-03 11:00:00Z;-1,47;2;3
1965-12-04 11:00:00Z;-1,52;2;3
1965-12-05 11:00:00Z;-1,57;2;3
1965-12-06 11:00:00Z;-1,62;0;3
1965-12-07 11:00:00Z;-1,67;2;3
1965-12-08 11:00:00Z;-1,72;2;3
1965-12-09 11:00:00Z;-1,77;2;3
1965-12-10 11:00:00Z;-1,83;2;3
1965-12-11 11:00:00Z;-1,88;2;3
1965-12-12 11:00:00Z;-1,93;2;3
1965-12-13 11:00:00Z;-1,98;0;3
1965-12-14 11:00:00Z;-2,02;2;3
1965-12-15 11:00:00Z;-2,06;2;3
1965-12-16 11:00:00Z;-2,09;2;3
1965-12-17 11:00:00Z;-2,13;2;3
1965-12-18 11:00:00Z;-2,17;2;3
1965-12-19 11:00:00Z;-2,2;2;3
1965-12-20 11:00:00Z;-2,24;2;3
1965-12-21 11:00:00Z;-2,28;0;3
1965-12-22 11:00:00Z;-2,33;2;3
1965-12-23 11:00:00Z;-2,38;2;3
1965-12-24 11:00:00Z;-2,43;2;3
1965-12-25 11:00:00Z;-2,48;2;3
1965-12-26 11:00:00Z;-2,53;2;3
1965-12-27 11:00:00Z;-2,58;0;3
1965-12-28 11:00:00Z;-2,61;2;3
1965-12-29 11:00:00Z;-2,64;2;3
1965-12-30 11:00:00Z;-2,68;2;3
1965-12-31 11:00:00Z;-2,71;0;3
1966-01-01 11:00:00Z;-2,7;2;3
1966-01-02 11:00:00Z;-2,7;2;3
1966-01-03 11:00:00Z;-2,69;2;3
1966-01-04 11:00:00Z;-2,68;0;3
1966-01-05 11:00:00Z;-2,76;2;3
1966-01-06 11:00:00Z;-2,85;2;3
1966-01-07 11:00:00Z;-2,93;2;3
1966-01-08 11:00:00Z;-3,01;2;3
1966-01-09 11:00:00Z;-3,1;2;3
1966-01-10 11:00:00Z;-3,18;0;3
1966-01-11 11:00:00Z;-3,19;2;3
1966-01-12 11:00:00Z;-3,19;2;3
1966-01-13 11:00:00Z;-3,2;2;3
1966-01-14 11:00:00Z;-3,21;2;3
1966-01-15 11:00:00Z;-3,21;2;3
1966-01-16 11:00:00Z;-3,22;0;3
1966-01-17 11:00:00Z;-3,26;2;3
1966-01-18 11:00:00Z;-3,3;2;3
1966-01-19 11:00:00Z;-3,34;2;3
1966-01-20 11:00:00Z;-3,38;2;3
1966-01-21 11:00:00Z;-3,42;2;3
1966-01-22 11:00:00Z;-3,46;2;3
1966-01-23 11:00:00Z;-3,5;0;3
1966-01-24 11:00:00Z;-3,5;2;3
1966-01-25 11:00:00Z;-3,5;2;3
1966-01-26 11:00:00Z;-3,5;2;3
1966-01-27 11:00:00Z;-3,5;2;3
1966-01-28 11:00:00Z;-3,5;2;3
1966-01-29 11:00:00Z;-3,5;2;3
1966-01-30 11:00:00Z;-3,5;0;3
1966-01-31 11:00:00Z;-3,5;2;3
1966-02-01 11:00:00Z;-3,5;2;3
1966-02-02 11:00:00Z;-3,5;2;3
1966-02-03 11:00:00Z;-3,5;2;3
1966-02-04 11:00:00Z;-3,5;2;3
1966-02-05 11:00:00Z;-3,5;2;3
1966-02-06 11:00:00Z;-3,5;2;3
1966-02-07 11:00:00Z;-3,5;0;3
1966-02-08 11:00:00Z;-3,5;2;3
1966-02-09 11:00:00Z;-3,5;2;3
1966-02-10 11:00:00Z;-3,5;2;3
1966-02-11 11:00:00Z;-3,5;2;3
1966-02-12 11:00:00Z;-3,5;2;3
1966-02-13 11:00:00Z;-3,5;2;3
1966-02-14 11:00:00Z;-3,5;0;3
1966-02-15 11:00:00Z;-3,5;2;3
1966-02-16 11:00:00Z;-3,5;2;3
1966-02-17 11:00:00Z;-3,5;2;3
1966-02-18 11:00:00Z;-3,5;2;3
1966-02-19 11:00:00Z;-3,5;2;3
1966-02-20 11:00:00Z;-3,5;2;3
1966-02-21 11:00:00Z;-3,5;0;3
1966-02-22 11:00:00Z;-3,45;2;3
1966-02-23 11:00:00Z;-3,4;2;3
1966-02-24 11:00:00Z;-3,35;2;3
1966-02-25 11:00:00Z;-3,29;2;3
1966-02-26 11:00:00Z;-3,24;2;3
1966-02-27 11:00:00Z;-3,19;2;3
1966-02-28 11:00:00Z;-3,14;0;3
1966-03-01 11:00:00Z;-3,12;2;3
1966-03-02 11:00:00Z;-3,09;2;3
1966-03-03 11:00:00Z;-3,07;2;3
1966-03-04 11:00:00Z;-3,05;2;3
1966-03-05 11:00:00Z;-3,03;2;3
1966-03-06 11:00:00Z;-3;2;3
1966-03-07 11:00:00Z;-2,98;0;3
1966-03-08 11:00:00Z;-2,98;2;3
1966-03-09 11:00:00Z;-2,97;2;3
1966-03-10 11:00:00Z;-2,97;2;3
1966-03-11 11:00:00Z;-2,97;2;3
1966-03-12 11:00:00Z;-2,97;2;3
1966-03-13 11:00:00Z;-2,96;2;3
1966-03-14 11:00:00Z;-2,96;0;3
1966-03-15 11:00:00Z;-2,83;2;3
1966-03-16 11:00:00Z;-2,7;2;3
1966-03-17 11:00:00Z;-2,57;2;3
1966-03-18 11:00:00Z;-2,45;2;3
1966-03-19 11:00:00Z;-2,32;2;3
1966-03-20 11:00:00Z;-2,19;2;3
1966-03-21 11:00:00Z;-2,06;0;3
1966-03-22 11:00:00Z;-2,09;2;3
1966-03-23 11:00:00Z;-2,12;2;3
1966-03-24 11:00:00Z;-2,15;2;3
1966-03-25 11:00:00Z;-2,19;2;3
1966-03-26 11:00:00Z;-2,22;2;3
1966-03-27 11:00:00Z;-2,25;2;3
1966-03-28 11:00:00Z;-2,28;0;3
1966-03-29 11:00:00Z;-2,35;2;3
1966-03-30 11:00:00Z;-2,43;2;3
1966-03-31 11:00:00Z;-2,5;2;3
1966-04-01 11:00:00Z;-2,58;2;3
1966-04-02 11:00:00Z;-2,65;2;3
1966-04-03 11:00:00Z;-2,73;2;3
1966-04-04 11:00:00Z;-2,8;0;3
1966-04-05 11:00:00Z;-2,9;2;3
1966-04-06 11:00:00Z;-3;2;3
1966-04-07 11:00:00Z;-3,1;2;3
1966-04-08 11:00:00Z;-3,2;2;3
1966-04-09 11:00:00Z;-3,3;2;3
1966-04-10 11:00:00Z;-3,4;2;3
1966-04-11 11:00:00Z;-3,5;0;3
1966-04-12 11:00:00Z;-3,5;2;3
1966-04-13 11:00:00Z;-3,5;2;3
1966-04-14 11:00:00Z;-3,5;2;3
1966-04-15 11:00:00Z;-3,5;2;3
1966-04-16 11:00:00Z;-3,5;2;3
1966-04-17 11:00:00Z;-3,5;2;3
1966-04-18 11:00:00Z;-3,5;0;3
1966-04-19 11:00:00Z;-3,41;2;3
1966-04-20 11:00:00Z;-3,31;2;3
1966-04-21 11:00:00Z;-3,22;2;3
1966-04-22 11:00:00Z;-3,13;2;3
1966-04-23 11:00:00Z;-3,04;2;3
1966-04-24 11:00:00Z;-2,94;2;3
1966-04-25 11:00:00Z;-2,85;0;3
1966-04-26 11:00:00Z;-2,84;2;3
1966-04-27 11:00:00Z;-2,82;2;3
1966-04-28 11:00:00Z;-2,81;2;3
1966-04-29 11:00:00Z;-2,79;2;3
1966-04-30 11:00:00Z;-2,78;0;3
1966-05-01 11:00:00Z;-1,96;2;3
1966-05-02 11:00:00Z;-1,15;0;3
1966-05-03 11:00:00Z;-1,03;2;3
1966-05-04 11:00:00Z;-0,92;2;3
1966-05-05 11:00:00Z;-0,8;2;3
1966-05-06 11:00:00Z;-0,68;2;3
1966-05-07 11:00:00Z;-0,56;2;3
1966-05-08 11:00:00Z;-0,45;2;3
1966-05-09 11:00:00Z;-0,33;0;3
1966-05-10 11:00:00Z;-0,28;2;3
1966-05-11 11:00:00Z;-0,22;2;3
1966-05-12 11:00:00Z;-0,17;2;3
1966-05-13 11:00:00Z;-0,12;2;3
1966-05-14 11:00:00Z;-0,07;2;3
1966-05-15 11:00:00Z;-0,01;2;3
1966-05-16 11:00:00Z;0,04;0;3
1966-05-17 11:00:00Z;0,02;2;3
1966-05-18 11:00:00Z;0,01;2;3
1966-05-19 11:00:00Z;-0,01;2;3
1966-05-20 11:00:00Z;-0,03;2;3
1966-05-21 11:00:00Z;-0,05;2;3
1966-05-22 11:00:00Z;-0,06;2;3
1966-05-23 11:00:00Z;-0,08;0;3
1966-05-24 11:00:00Z;-0,09;2;3
1966-05-25 11:00:00Z;-0,11;2;3
1966-05-26 11:00:00Z;-0,12;2;3
1966-05-27 11:00:00Z;-0,14;2;3
1966-05-28 11:00:00Z;-0,16;2;3
1966-05-29 11:00:00Z;-0,17;2;3
1966-05-30 11:00:00Z;-0,19;2;3
1966-05-31 11:00:00Z;-0,2;0;3
1966-06-01 11:00:00Z;-0,14;2;3
1966-06-02 11:00:00Z;-0,08;2;3
1966-06-03 11:00:00Z;-0,02;2;3
1966-06-04 11:00:00Z;0,03;2;3
1966-06-05 11:00:00Z;0,09;2;3
1966-06-06 11:00:00Z;0,15;0;3
1966-06-07 11:00:00Z;0,11;2;3
1966-06-08 11:00:00Z;0,07;2;3
1966-06-09 11:00:00Z;0,03;2;3
1966-06-10 11:00:00Z;-0,01;2;3
1966-06-11 11:00:00Z;-0,05;2;3
1966-06-12 11:00:00Z;-0,09;2;3
1966-06-13 11:00:00Z;-0,13;0;3
1966-06-14 11:00:00Z;-0,15;2;3
1966-06-15 11:00:00Z;-0,18;2;3
1966-06-16 11:00:00Z;-0,2;2;3
1966-06-17 11:00:00Z;-0,23;2;3
1966-06-18 11:00:00Z;-0,25;2;3
1966-06-19 11:00:00Z;-0,28;2;3
1966-06-20 11:00:00Z;-0,3;0;3
1966-06-21 11:00:00Z;-0,33;2;3
1966-06-22 11:00:00Z;-0,36;2;3
1966-06-23 11:00:00Z;-0,39;2;3
1966-06-24 11:00:00Z;-0,42;2;3
1966-06-25 11:00:00Z;-0,45;2;3
1966-06-26 11:00:00Z;-0,48;2;3
1966-06-27 11:00:00Z;-0,51;0;3
1966-06-28 11:00:00Z;-0,53;2;3
1966-06-29 11:00:00Z;-0,56;2;3
1966-06-30 11:00:00Z;-0,58;0;3
1966-07-01 11:00:00Z;-0,6;2;3
1966-07-02 11:00:00Z;-0,63;2;3
1966-07-03 11:00:00Z;-0,65;2;3
1966-07-04 11:00:00Z;-0,68;2;3
1966-07-05 11:00:00Z;-0,7;0;3
1966-07-06 11:00:00Z;-0,65;2;3
1966-07-07 11:00:00Z;-0,6;2;3
1966-07-08 11:00:00Z;-0,55;2;3
1966-07-09 11:00:00Z;-0,5;2;3
1966-07-10 11:00:00Z;-0,45;2;3
1966-07-11 11:00:00Z;-0,4;0;3
1966-07-12 11:00:00Z;-0,47;2;3
1966-07-13 11:00:00Z;-0,55;2;3
1966-07-14 11:00:00Z;-0,62;2;3
1966-07-15 11:00:00Z;-0,69;2;3
1966-07-16 11:00:00Z;-0,76;2;3
1966-07-17 11:00:00Z;-0,84;2;3
1966-07-18 11:00:00Z;-0,91;0;3
1966-07-19 11:00:00Z;-0,97;2;3
1966-07-20 11:00:00Z;-1,03;2;3
1966-07-21 11:00:00Z;-1,09;2;3
1966-07-22 11:00:00Z;-1,14;2;3
1966-07-23 11:00:00Z;-1,2;2;3
1966-07-24 11:00:00Z;-1,26;2;3
1966-07-25 11:00:00Z;-1,32;0;3
1966-07-26 11:00:00Z;-1,37;2;3
1966-07-27 11:00:00Z;-1,42;2;3
1966-07-28 11:00:00Z;-1,47;2;3
1966-07-29 11:00:00Z;-1,53;2;3
1966-07-30 11:00:00Z;-1,58;2;3
1966-07-31 11:00:00Z;-1,63;2;3
1966-08-01 11:00:00Z;-1,68;0;3
1966-08-02 11:00:00Z;-1,75;2;3
1966-08-03 11:00:00Z;-1,82;2;3
1966-08-04 11:00:00Z;-1,89;2;3
1966-08-05 11:00:00Z;-1,96;2;3
1966-08-06 11:00:00Z;-2,03;2;3
1966-08-07 11:00:00Z;-2,1;2;3
1966-08-08 11:00:00Z;-2,17;0;3
1966-08-09 11:00:00Z;-2,24;2;3
1966-08-10 11:00:00Z;-2,32;2;3
1966-08-11 11:00:00Z;-2,39;2;3
1966-08-12 11:00:00Z;-2,46;2;3
1966-08-13 11:00:00Z;-2,53;2;3
1966-08-14 11:00:00Z;-2,61;2;3
1966-08-15 11:00:00Z;-2,68;0;3
1966-08-16 11:00:00Z;-2,69;2;3
1966-08-17 11:00:00Z;-2,7;2;3
1966-08-18 11:00:00Z;-2,71;2;3
1966-08-19 11:00:00Z;-2,71;2;3
1966-08-20 11:00:00Z;-2,72;2;3
1966-08-21 11:00:00Z;-2,73;2;3
1966-08-22 11:00:00Z;-2,74;0;3
1966-08-23 11:00:00Z;-2,76;2;3
1966-08-24 11:00:00Z;-2,79;2;3
1966-08-25 11:00:00Z;-2,81;2;3
1966-08-26 11:00:00Z;-2,83;2;3
1966-08-27 11:00:00Z;-2,85;2;3
1966-08-28 11:00:00Z;-2,88;2;3
1966-08-29 11:00:00Z;-2,9;0;3
1966-08-30 11:00:00Z;-2,93;2;3
1966-08-31 11:00:00Z;-2,96;0;3
1966-09-01 11:00:00Z;-2,95;2;3
1966-09-02 11:00:00Z;-2,94;2;3
1966-09-03 11:00:00Z;-2,92;2;3
1966-09-04 11:00:00Z;-2,91;2;3
1966-09-05 11:00:00Z;-2,9;0;3
1966-09-06 11:00:00Z;-2,82;2;3
1966-09-07 11:00:00Z;-2,75;2;3
1966-09-08 11:00:00Z;-2,67;2;3
1966-09-09 11:00:00Z;-2,59;2;3
1966-09-10 11:00:00Z;-2,51;2;3
1966-09-11 11:00:00Z;-2,44;2;3
1966-09-12 11:00:00Z;-2,36;0;3
1966-09-13 11:00:00Z;-2,25;2;3
1966-09-14 11:00:00Z;-2,13;2;3
1966-09-15 11:00:00Z;-2,02;2;3
1966-09-16 11:00:00Z;-1,9;2;3
1966-09-17 11:00:00Z;-1,79;2;3
1966-09-18 11:00:00Z;-1,67;2;3
1966-09-19 11:00:00Z;-1,56;0;3
1966-09-20 11:00:00Z;-1,35;2;3
1966-09-21 11:00:00Z;-1,15;2;3
1966-09-22 11:00:00Z;-0,94;2;3
1966-09-23 11:00:00Z;-0,74;2;3
1966-09-24 11:00:00Z;-0,53;2;3
1966-09-25 11:00:00Z;-0,33;2;3
1966-09-26 11:00:00Z;-0,12;0;3
1966-09-27 11:00:00Z;-0,06;2;3
1966-09-28 11:00:00Z;-0,01;2;3
1966-09-29 11:00:00Z;0,04;2;3
1966-09-30 11:00:00Z;0,1;0;3
1966-10-01 11:00:00Z;0,11;2;3
1966-10-02 11:00:00Z;0,11;2;3
1966-10-03 11:00:00Z;0,12;0;3
1966-10-04 11:00:00Z;0,11;2;3
1966-10-05 11:00:00Z;0,1;2;3
1966-10-06 11:00:00Z;0,09;2;3
1966-10-07 11:00:00Z;0,07;2;3
1966-10-08 11:00:00Z;0,06;2;3
1966-10-09 11:00:00Z;0,05;2;3
1966-10-10 11:00:00Z;0,04;0;3
1966-10-11 11:00:00Z;-0,01;2;3
1966-10-12 11:00:00Z;-0,05;2;3
1966-10-13 11:00:00Z;-0,1;2;3
1966-10-14 11:00:00Z;-0,14;2;3
1966-10-15 11:00:00Z;-0,19;2;3
1966-10-16 11:00:00Z;-0,23;2;3
1966-10-17 11:00:00Z;-0,28;0;3
1966-10-18 11:00:00Z;-0,34;2;3
1966-10-19 11:00:00Z;-0,4;2;3
1966-10-20 11:00:00Z;-0,46;2;3
1966-10-21 11:00:00Z;-0,52;2;3
1966-10-22 11:00:00Z;-0,58;2;3
1966-10-23 11:00:00Z;-0,64;2;3
1966-10-24 11:00:00Z;-0,7;0;3
1966-10-25 11:00:00Z;-0,72;2;3
1966-10-26 11:00:00Z;-0,73;2;3
1966-10-27 11:00:00Z;-0,75;2;3
1966-10-28 11:00:00Z;-0,77;2;3
1966-10-29 11:00:00Z;-0,79;2;3
1966-10-30 11:00:00Z;-0,8;2;3
1966-10-31 11:00:00Z;-0,82;0;3
1966-11-01 11:00:00Z;-0,84;2;3
1966-11-02 11:00:00Z;-0,87;2;3
1966-11-03 11:00:00Z;-0,89;2;3
1966-11-04 11:00:00Z;-0,91;2;3
1966-11-05 11:00:00Z;-0,93;2;3
1966-11-06 11:00:00Z;-0,96;2;3
1966-11-07 11:00:00Z;-0,98;0;3
1966-11-08 11:00:00Z;-1;2;3
1966-11-09 11:00:00Z;-1,01;2;3
1966-11-10 11:00:00Z;-1,03;2;3
1966-11-11 11:00:00Z;-1,05;2;3
1966-11-12 11:00:00Z;-1,07;2;3
1966-11-13 11:00:00Z;-1,08;2;3
1966-11-14 11:00:00Z;-1,1;0;3
1966-11-15 11:00:00Z;-1,12;2;3
1966-11-16 11:00:00Z;-1,13;2;3
1966-11-17 11:00:00Z;-1,15;2;3
1966-11-18 11:00:00Z;-1,17;2;3
1966-11-19 11:00:00Z;-1,19;2;3
1966-11-20 11:00:00Z;-1,2;2;3
1966-11-21 11:00:00Z;-1,22;0;3
1966-11-22 11:00:00Z;-1,27;2;3
1966-11-23 11:00:00Z;-1,32;2;3
1966-11-24 11:00:00Z;-1,37;2;3
1966-11-25 11:00:00Z;-1,43;2;3
1966-11-26 11:00:00Z;-1,48;2;3
1966-11-27 11:00:00Z;-1,53;2;3
1966-11-28 11:00:00Z;-1,58;0;3
1966-11-29 11:00:00Z;-1,61;2;3
1966-11-30 11:00:00Z;-1,64;0;3
1966-12-01 11:00:00Z;-1,72;2;3
1966-12-02 11:00:00Z;-1,79;2;3
1966-12-03 11:00:00Z;-1,87;2;3
1966-12-04 11:00:00Z;-1,94;2;3
1966-12-05 11:00:00Z;-2,02;0;3
1966-12-06 11:00:00Z;-2,05;2;3
1966-12-07 11:00:00Z;-2,09;2;3
1966-12-08 11:00:00Z;-2,12;2;3
1966-12-09 11:00:00Z;-2,15;2;3
1966-12-10 11:00:00Z;-2,18;2;3
1966-12-11 11:00:00Z;-2,22;2;3
1966-12-12 11:00:00Z;-2,25;0;3
1966-12-13 11:00:00Z;-2,28;2;3
1966-12-14 11:00:00Z;-2,32;2;3
1966-12-15 11:00:00Z;-2,35;2;3
1966-12-16 11:00:00Z;-2,38;2;3
1966-12-17 11:00:00Z;-2,41;2;3
1966-12-18 11:00:00Z;-2,45;2;3
1966-12-19 11:00:00Z;-2,48;0;3
1966-12-20 11:00:00Z;-2,52;2;3
1966-12-21 11:00:00Z;-2,56;2;3
1966-12-22 11:00:00Z;-2,59;2;3
1966-12-23 11:00:00Z;-2,63;2;3
1966-12-24 11:00:00Z;-2,67;2;3
1966-12-25 11:00:00Z;-2,7;2;3
1966-12-26 11:00:00Z;-2,74;2;3
1966-12-27 11:00:00Z;-2,78;0;3
1966-12-28 11:00:00Z;-2,83;2;3
1966-12-29 11:00:00Z;-2,88;2;3
1966-12-30 11:00:00Z;-2,93;2;3
1966-12-31 11:00:00Z;-2,98;0;3
1967-01-01 11:00:00Z;-3,05;2;3
1967-01-02 11:00:00Z;-3,12;0;3
1967-01-03 11:00:00Z;-3,17;2;3
1967-01-04 11:00:00Z;-3,23;2;3
1967-01-05 11:00:00Z;-3,28;2;3
1967-01-06 11:00:00Z;-3,34;2;3
1967-01-07 11:00:00Z;-3,39;2;3
1967-01-08 11:00:00Z;-3,45;2;3
1967-01-09 11:00:00Z;-3,5;0;3
1967-01-10 11:00:00Z;-3,5;2;3
1967-01-11 11:00:00Z;-3,5;2;3
1967-01-12 11:00:00Z;-3,5;2;3
1967-01-13 11:00:00Z;-3,5;2;3
1967-01-14 11:00:00Z;-3,5;2;3
1967-01-15 11:00:00Z;-3,5;2;3
1967-01-16 11:00:00Z;-3,5;0;3
1967-01-17 11:00:00Z;-3,37;2;3
1967-01-18 11:00:00Z;-3,23;2;3
1967-01-19 11:00:00Z;-3,1;2;3
1967-01-20 11:00:00Z;-2,97;2;3
1967-01-21 11:00:00Z;-2,84;2;3
1967-01-22 11:00:00Z;-2,7;2;3
1967-01-23 11:00:00Z;-2,57;0;3
1967-01-24 11:00:00Z;-2,6;2;3
1967-01-25 11:00:00Z;-2,64;2;3
1967-01-26 11:00:00Z;-2,67;2;3
1967-01-27 11:00:00Z;-2,7;2;3
1967-01-28 11:00:00Z;-2,73;2;3
1967-01-29 11:00:00Z;-2,77;2;3
1967-01-30 11:00:00Z;-2,8;0;3
1967-01-31 11:00:00Z;-2,8;2;3
1967-02-01 11:00:00Z;-2,79;2;3
1967-02-02 11:00:00Z;-2,79;2;3
1967-02-03 11:00:00Z;-2,79;2;3
1967-02-04 11:00:00Z;-2,79;2;3
1967-02-05 11:00:00Z;-2,78;2;3
1967-02-06 11:00:00Z;-2,78;0;3
1967-02-07 11:00:00Z;-2,75;2;3
1967-02-08 11:00:00Z;-2,72;2;3
1967-02-09 11:00:00Z;-2,69;2;3
1967-02-10 11:00:00Z;-2,67;2;3
1967-02-11 11:00:00Z;-2,64;2;3
1967-02-12 11:00:00Z;-2,61;2;3
1967-02-13 11:00:00Z;-2,58;0;3
1967-02-14 11:00:00Z;-2,58;2;3
1967-02-15 11:00:00Z;-2,59;2;3
1967-02-16 11:00:00Z;-2,59;2;3
1967-02-17 11:00:00Z;-2,59;2;3
1967-02-18 11:00:00Z;-2,59;2;3
1967-02-19 11:00:00Z;-2,6;2;3
1967-02-20 11:00:00Z;-2,6;0;3
1967-02-21 11:00:00Z;-2,61;2;3
1967-02-22 11:00:00Z;-2,63;2;3
1967-02-23 11:00:00Z;-2,64;2;3
1967-02-24 11:00:00Z;-2,66;2;3
1967-02-25 11:00:00Z;-2,67;2;3
1967-02-26 11:00:00Z;-2,69;2;3
1967-02-27 11:00:00Z;-2,7;0;3
1967-02-28 11:00:00Z;-2,73;2;3
1967-03-01 11:00:00Z;-2,76;2;3
1967-03-02 11:00:00Z;-2,79;2;3
1967-03-03 11:00:00Z;-2,83;2;3
1967-03-04 11:00:00Z;-2,86;2;3
1967-03-05 11:00:00Z;-2,89;2;3
1967-03-06 11:00:00Z;-2,92;0;3
1967-03-07 11:00:00Z;-2,82;2;3
1967-03-08 11:00:00Z;-2,72;2;3
1967-03-09 11:00:00Z;-2,62;2;3
1967-03-10 11:00:00Z;-2,53;2;3
1967-03-11 11:00:00Z;-2,43;2;3
1967-03-12 11:00:00Z;-2,33;0;3
1967-03-13 11:00:00Z;-2,31;2;3
1967-03-14 11:00:00Z;-2,29;2;3
1967-03-15 11:00:00Z;-2,27;2;3
1967-03-16 11:00:00Z;-2,24;2;3
1967-03-17 11:00:00Z;-2,22;2;3
1967-03-18 11:00:00Z;-2,2;2;3
1967-03-19 11:00:00Z;-2,18;2;3
1967-03-20 11:00:00Z;-2,16;0;3
1967-03-21 11:00:00Z;-2,16;2;3
1967-03-22 11:00:00Z;-2,16;2;3
1967-03-23 11:00:00Z;-2,15;2;3
1967-03-24 11:00:00Z;-2,15;2;3
1967-03-25 11:00:00Z;-2,15;2;3
1967-03-26 11:00:00Z;-2,14;2;3
1967-03-27 11:00:00Z;-2,14;2;3
1967-03-28 11:00:00Z;-2,14;0;3
1967-03-29 11:00:00Z;-2,13;2;3
1967-03-30 11:00:00Z;-2,13;2;3
1967-03-31 11:00:00Z;-2,12;0;3
1967-04-01 11:00:00Z;-2,1;2;3
1967-04-02 11:00:00Z;-2,08;2;3
1967-04-03 11:00:00Z;-2,06;0;3
1967-04-04 11:00:00Z;-2,07;2;3
1967-04-05 11:00:00Z;-2,07;2;3
1967-04-06 11:00:00Z;-2,08;2;3
1967-04-07 11:00:00Z;-2,09;2;3
1967-04-08 11:00:00Z;-2,1;2;3
1967-04-09 11:00:00Z;-2,1;2;3
1967-04-10 11:00:00Z;-2,11;0;3
1967-04-11 11:00:00Z;-1,91;2;3
1967-04-12 11:00:00Z;-1,71;2;3
1967-04-13 11:00:00Z;-1,51;2;3
1967-04-14 11:00:00Z;-1,32;2;3
1967-04-15 11:00:00Z;-1,12;2;3
1967-04-16 11:00:00Z;-0,92;2;3
1967-04-17 11:00:00Z;-0,72;0;3
1967-04-18 11:00:00Z;-0,75;2;3
1967-04-19 11:00:00Z;-0,78;2;3
1967-04-20 11:00:00Z;-0,81;2;3
1967-04-21 11:00:00Z;-0,83;2;3
1967-04-22 11:00:00Z;-0,86;2;3
1967-04-23 11:00:00Z;-0,89;2;3
1967-04-24 11:00:00Z;-0,92;0;3
1967-04-25 11:00:00Z;-0,83;2;3
1967-04-26 11:00:00Z;-0,75;2;3
1967-04-27 11:00:00Z;-0,66;2;3
1967-04-28 11:00:00Z;-0,57;2;3
1967-04-29 11:00:00Z;-0,49;2;3
1967-04-30 11:00:00Z;-0,4;0;3
1967-05-01 11:00:00Z;-0,4;0;3
1967-05-02 11:00:00Z;-0,37;2;3
1967-05-03 11:00:00Z;-0,34;2;3
1967-05-04 11:00:00Z;-0,31;2;3
1967-05-05 11:00:00Z;-0,27;2;3
1967-05-06 11:00:00Z;-0,24;2;3
1967-05-07 11:00:00Z;-0,21;2;3
1967-05-08 11:00:00Z;-0,18;0;3
1967-05-09 11:00:00Z;-0,14;2;3
1967-05-10 11:00:00Z;-0,11;2;3
1967-05-11 11:00:00Z;-0,07;2;3
1967-05-12 11:00:00Z;-0,03;2;3
1967-05-13 11:00:00Z;0;2;3
1967-05-14 11:00:00Z;0,04;2;3
1967-05-15 11:00:00Z;0,07;2;3
1967-05-16 11:00:00Z;0,11;0;3
1967-05-17 11:00:00Z;0,12;2;3
1967-05-18 11:00:00Z;0,12;2;3
1967-05-19 11:00:00Z;0,13;2;3
1967-05-20 11:00:00Z;0,14;2;3
1967-05-21 11:00:00Z;0,14;2;3
1967-05-22 11:00:00Z;0,15;0;3
1967-05-23 11:00:00Z;0,14;2;3
1967-05-24 11:00:00Z;0,12;2;3
1967-05-25 11:00:00Z;0,11;2;3
1967-05-26 11:00:00Z;0,1;2;3
1967-05-27 11:00:00Z;0,09;2;3
1967-05-28 11:00:00Z;0,07;2;3
1967-05-29 11:00:00Z;0,06;0;3
1967-05-30 11:00:00Z;0,04;2;3
1967-05-31 11:00:00Z;0,02;0;3
1967-06-01 11:00:00Z;0,03;2;3
1967-06-02 11:00:00Z;0,04;2;3
1967-06-03 11:00:00Z;0,06;2;3
1967-06-04 11:00:00Z;0,07;2;3
1967-06-05 11:00:00Z;0,08;0;3
1967-06-06 11:00:00Z;0,07;2;3
1967-06-07 11:00:00Z;0,06;2;3
1967-06-08 11:00:00Z;0,05;2;3
1967-06-09 11:00:00Z;0,05;2;3
1967-06-10 11:00:00Z;0,04;2;3
1967-06-11 11:00:00Z;0,03;2;3
1967-06-12 11:00:00Z;0,02;0;3
1967-06-13 11:00:00Z;-0,02;2;3
1967-06-14 11:00:00Z;-0,07;2;3
1967-06-15 11:00:00Z;-0,11;2;3
1967-06-16 11:00:00Z;-0,15;2;3
1967-06-17 11:00:00Z;-0,19;2;3
1967-06-18 11:00:00Z;-0,24;2;3
1967-06-19 11:00:00Z;-0,28;0;3
1967-06-20 11:00:00Z;-0,33;2;3
1967-06-21 11:00:00Z;-0,38;2;3
1967-06-22 11:00:00Z;-0,43;2;3
1967-06-23 11:00:00Z;-0,49;2;3
1967-06-24 11:00:00Z;-0,54;2;3
1967-06-25 11:00:00Z;-0,59;2;3
1967-06-26 11:00:00Z;-0,64;0;3
1967-06-27 11:00:00Z;-0,67;2;3
1967-06-28 11:00:00Z;-0,7;2;3
1967-06-29 11:00:00Z;-0,73;2;3
1967-06-30 11:00:00Z;-0,76;0;3
1967-07-01 11:00:00Z;-0,81;2;3
1967-07-02 11:00:00Z;-0,86;2;3
1967-07-03 11:00:00Z;-0,91;0;3
1967-07-04 11:00:00Z;-0,9;2;3
1967-07-05 11:00:00Z;-0,89;2;3
1967-07-06 11:00:00Z;-0,88;2;3
1967-07-07 11:00:00Z;-0,86;2;3
1967-07-08 11:00:00Z;-0,85;2;3
1967-07-09 11:00:00Z;-0,84;2;3
1967-07-10 11:00:00Z;-0,83;0;3
1967-07-11 11:00:00Z;-0,79;2;3
1967-07-12 11:00:00Z;-0,75;2;3
1967-07-13 11:00:00Z;-0,71;2;3
1967-07-14 11:00:00Z;-0,68;2;3
1967-07-15 11:00:00Z;-0,64;2;3
1967-07-16 11:00:00Z;-0,6;2;3
1967-07-17 11:00:00Z;-0,56;0;3
1967-07-18 11:00:00Z;-0,61;2;3
1967-07-19 11:00:00Z;-0,66;2;3
1967-07-20 11:00:00Z;-0,71;2;3
1967-07-21 11:00:00Z;-0,75;2;3
1967-07-22 11:00:00Z;-0,8;2;3
1967-07-23 11:00:00Z;-0,85;2;3
1967-07-24 11:00:00Z;-0,9;0;3
1967-07-25 11:00:00Z;-0,93;2;3
1967-07-26 11:00:00Z;-0,95;2;3
1967-07-27 11:00:00Z;-0,98;2;3
1967-07-28 11:00:00Z;-1;2;3
1967-07-29 11:00:00Z;-1,03;2;3
1967-07-30 11:00:00Z;-1,05;2;3
1967-07-31 11:00:00Z;-1,08;0;3
1967-08-01 11:00:00Z;-1,09;2;3
1967-08-02 11:00:00Z;-1,11;2;3
1967-08-03 11:00:00Z;-1,12;2;3
1967-08-04 11:00:00Z;-1,14;2;3
1967-08-05 11:00:00Z;-1,15;2;3
1967-08-06 11:00:00Z;-1,17;2;3
1967-08-07 11:00:00Z;-1,18;0;3
1967-08-08 11:00:00Z;-1,24;2;3
1967-08-09 11:00:00Z;-1,3;2;3
1967-08-10 11:00:00Z;-1,36;2;3
1967-08-11 11:00:00Z;-1,42;2;3
1967-08-12 11:00:00Z;-1,48;2;3
1967-08-13 11:00:00Z;-1,54;2;3
1967-08-14 11:00:00Z;-1,6;0;3
1967-08-15 11:00:00Z;-1,63;2;3
1967-08-16 11:00:00Z;-1,65;2;3
1967-08-17 11:00:00Z;-1,68;2;3
1967-08-18 11:00:00Z;-1,7;2;3
1967-08-19 11:00:00Z;-1,73;2;3
1967-08-20 11:00:00Z;-1,75;2;3
1967-08-21 11:00:00Z;-1,78;0;3
1967-08-22 11:00:00Z;-1,77;2;3
1967-08-23 11:00:00Z;-1,76;2;3
1967-08-24 11:00:00Z;-1,75;2;3
1967-08-25 11:00:00Z;-1,73;2;3
1967-08-26 11:00:00Z;-1,72;2;3
1967-08-27 11:00:00Z;-1,71;2;3
1967-08-28 11:00:00Z;-1,7;0;3
1967-08-29 11:00:00Z;-1,73;2;3
1967-08-30 11:00:00Z;-1,75;2;3
1967-08-31 11:00:00Z;-1,78;0;3
1967-09-01 11:00:00Z;-1,8;2;3
1967-09-02 11:00:00Z;-1,83;2;3
1967-09-03 11:00:00Z;-1,86;2;3
1967-09-04 11:00:00Z;-1,88;0;3
1967-09-05 11:00:00Z;-1,93;2;3
1967-09-06 11:00:00Z;-1,99;2;3
1967-09-07 11:00:00Z;-2,04;2;3
1967-09-08 11:00:00Z;-2,09;2;3
1967-09-09 11:00:00Z;-2,14;2;3
1967-09-10 11:00:00Z;-2,2;2;3
1967-09-11 11:00:00Z;-2,25;0;3
1967-09-12 11:00:00Z;-2,3;2;3
1967-09-13 11:00:00Z;-2,35;2;3
1967-09-14 11:00:00Z;-2,4;2;3
1967-09-15 11:00:00Z;-2,45;2;3
1967-09-16 11:00:00Z;-2,5;2;3
1967-09-17 11:00:00Z;-2,55;2;3
1967-09-18 11:00:00Z;-2,6;0;3
1967-09-19 11:00:00Z;-2,64;2;3
1967-09-20 11:00:00Z;-2,68;2;3
1967-09-21 11:00:00Z;-2,72;2;3
1967-09-22 11:00:00Z;-2,76;2;3
1967-09-23 11:00:00Z;-2,8;2;3
1967-09-24 11:00:00Z;-2,84;2;3
1967-09-25 11:00:00Z;-2,88;0;3
1967-09-26 11:00:00Z;-2,91;2;3
1967-09-27 11:00:00Z;-2,94;2;3
1967-09-28 11:00:00Z;-2,96;2;3
1967-09-29 11:00:00Z;-2,99;2;3
1967-09-30 11:00:00Z;-3,02;0;3
1967-10-01 11:00:00Z;-3,12;2;3
1967-10-02 11:00:00Z;-3,22;0;3
1967-10-03 11:00:00Z;-3,26;2;3
1967-10-04 11:00:00Z;-3,3;2;3
1967-10-05 11:00:00Z;-3,34;2;3
1967-10-06 11:00:00Z;-3,38;2;3
1967-10-07 11:00:00Z;-3,42;2;3
1967-10-08 11:00:00Z;-3,46;2;3
1967-10-09 11:00:00Z;-3,5;0;3
1967-10-10 11:00:00Z;-3,5;2;3
1967-10-11 11:00:00Z;-3,5;2;3
1967-10-12 11:00:00Z;-3,5;2;3
1967-10-13 11:00:00Z;-3,5;2;3
1967-10-14 11:00:00Z;-3,5;2;3
1967-10-15 11:00:00Z;-3,5;2;3
1967-10-16 11:00:00Z;-3,5;0;3
1967-10-17 11:00:00Z;-3,39;2;3
1967-10-18 11:00:00Z;-3,27;2;3
1967-10-19 11:00:00Z;-3,16;2;3
1967-10-20 11:00:00Z;-3,05;2;3
1967-10-21 11:00:00Z;-2,93;2;3
1967-10-22 11:00:00Z;-2,82;0;3
1967-10-23 11:00:00Z;-2,78;2;3
1967-10-24 11:00:00Z;-2,73;2;3
1967-10-25 11:00:00Z;-2,69;2;3
1967-10-26 11:00:00Z;-2,65;2;3
1967-10-27 11:00:00Z;-2,61;2;3
1967-10-28 11:00:00Z;-2,57;2;3
1967-10-29 11:00:00Z;-2,52;2;3
1967-10-30 11:00:00Z;-2,48;0;3
1967-10-31 11:00:00Z;-2,49;2;3
1967-11-01 11:00:00Z;-2,5;2;3
1967-11-02 11:00:00Z;-2,51;2;3
1967-11-03 11:00:00Z;-2,53;2;3
1967-11-04 11:00:00Z;-2,54;2;3
1967-11-05 11:00:00Z;-2,55;2;3
1967-11-06 11:00:00Z;-2,56;0;3
1967-11-07 11:00:00Z;-2,59;2;3
1967-11-08 11:00:00Z;-2,62;2;3
1967-11-09 11:00:00Z;-2,65;2;3
1967-11-10 11:00:00Z;-2,69;2;3
1967-11-11 11:00:00Z;-2,72;2;3
1967-11-12 11:00:00Z;-2,75;2;3
1967-11-13 11:00:00Z;-2,78;0;3
1967-11-14 11:00:00Z;-2,72;2;3
1967-11-15 11:00:00Z;-2,66;2;3
1967-11-16 11:00:00Z;-2,6;2;3
1967-11-17 11:00:00Z;-2,54;2;3
1967-11-18 11:00:00Z;-2,48;2;3
1967-11-19 11:00:00Z;-2,42;2;3
1967-11-20 11:00:00Z;-2,36;0;3
1967-11-21 11:00:00Z;-2,26;2;3
1967-11-22 11:00:00Z;-2,15;2;3
1967-11-23 11:00:00Z;-2,05;2;3
1967-11-24 11:00:00Z;-1,94;2;3
1967-11-25 11:00:00Z;-1,84;2;3
1967-11-26 11:00:00Z;-1,73;2;3
1967-11-27 11:00:00Z;-1,63;0;3
1967-11-28 11:00:00Z;-1,61;2;3
1967-11-29 11:00:00Z;-1,6;2;3
1967-11-30 11:00:00Z;-1,58;0;3
1967-12-01 11:00:00Z;-1,05;2;3
1967-12-02 11:00:00Z;-0,51;2;3
1967-12-03 11:00:00Z;0,02;2;3
1967-12-04 11:00:00Z;0,56;0;3
1967-12-05 11:00:00Z;0,41;2;3
1967-12-06 11:00:00Z;0,25;2;3
1967-12-07 11:00:00Z;0,1;2;3
1967-12-08 11:00:00Z;-0,06;2;3
1967-12-09 11:00:00Z;-0,21;2;3
1967-12-10 11:00:00Z;-0,37;2;3
1967-12-11 11:00:00Z;-0,52;0;3
1967-12-12 11:00:00Z;-0,42;2;3
1967-12-13 11:00:00Z;-0,31;2;3
1967-12-14 11:00:00Z;-0,21;2;3
1967-12-15 11:00:00Z;-0,11;2;3
1967-12-16 11:00:00Z;-0,01;2;3
1967-12-17 11:00:00Z;0,1;2;3
1967-12-18 11:00:00Z;0,2;0;3
1967-12-19 11:00:00Z;0,17;2;3
1967-12-20 11:00:00Z;0,14;2;3
1967-12-21 11:00:00Z;0,11;2;3
1967-12-22 11:00:00Z;0,08;2;3
1967-12-23 11:00:00Z;0,05;2;3
1967-12-24 11:00:00Z;0,02;0;3
1967-12-25 11:00:00Z;-0,03;2;3
1967-12-26 11:00:00Z;-0,09;2;3
1967-12-27 11:00:00Z;-0,14;2;3
1967-12-28 11:00:00Z;-0,2;2;3
1967-12-29 11:00:00Z;-0,25;2;3
1967-12-30 11:00:00Z;-0,31;2;3
1967-12-31 11:00:00Z;-0,36;0;3
1968-01-01 11:00:00Z;-0,39;2;3
1968-01-02 11:00:00Z;-0,41;2;3
1968-01-03 11:00:00Z;-0,44;2;3
1968-01-04 11:00:00Z;-0,47;2;3
1968-01-05 11:00:00Z;-0,49;2;3
1968-01-06 11:00:00Z;-0,52;2;3
1968-01-07 11:00:00Z;-0,54;2;3
1968-01-08 11:00:00Z;-0,57;0;3
1968-01-09 11:00:00Z;-0,59;2;3
1968-01-10 11:00:00Z;-0,61;2;3
1968-01-11 11:00:00Z;-0,63;2;3
1968-01-12 11:00:00Z;-0,66;2;3
1968-01-13 11:00:00Z;-0,68;2;3
1968-01-14 11:00:00Z;-0,7;2;3
1968-01-15 11:00:00Z;-0,72;0;3
1968-01-16 11:00:00Z;-0,75;2;3
1968-01-17 11:00:00Z;-0,79;2;3
1968-01-18 11:00:00Z;-0,82;2;3
1968-01-19 11:00:00Z;-0,86;2;3
1968-01-20 11:00:00Z;-0,89;2;3
1968-01-21 11:00:00Z;-0,93;2;3
1968-01-22 11:00:00Z;-0,96;0;3
1968-01-23 11:00:00Z;-0,86;2;3
1968-01-24 11:00:00Z;-0,77;2;3
1968-01-25 11:00:00Z;-0,67;2;3
1968-01-26 11:00:00Z;-0,57;2;3
1968-01-27 11:00:00Z;-0,47;2;3
1968-01-28 11:00:00Z;-0,38;2;3
1968-01-29 11:00:00Z;-0,28;0;3
1968-01-30 11:00:00Z;-0,31;2;3
1968-01-31 11:00:00Z;-0,34;0;3
1968-02-01 11:00:00Z;-0,36;2;3
1968-02-02 11:00:00Z;-0,37;2;3
1968-02-03 11:00:00Z;-0,39;2;3
1968-02-04 11:00:00Z;-0,4;2;3
1968-02-05 11:00:00Z;-0,42;0;3
1968-02-06 11:00:00Z;-0,46;2;3
1968-02-07 11:00:00Z;-0,5;2;3
1968-02-08 11:00:00Z;-0,54;2;3
1968-02-09 11:00:00Z;-0,58;2;3
1968-02-10 11:00:00Z;-0,62;2;3
1968-02-11 11:00:00Z;-0,66;2;3
1968-02-12 11:00:00Z;-0,7;0;3
1968-02-13 11:00:00Z;-0,74;2;3
1968-02-14 11:00:00Z;-0,77;2;3
1968-02-15 11:00:00Z;-0,81;2;3
1968-02-16 11:00:00Z;-0,85;2;3
1968-02-17 11:00:00Z;-0,89;2;3
1968-02-18 11:00:00Z;-0,92;2;3
1968-02-19 11:00:00Z;-0,96;0;3
1968-02-20 11:00:00Z;-1;2;3
1968-02-21 11:00:00Z;-1,03;2;3
1968-02-22 11:00:00Z;-1,07;2;3
1968-02-23 11:00:00Z;-1,11;2;3
1968-02-24 11:00:00Z;-1,15;2;3
1968-02-25 11:00:00Z;-1,18;2;3
1968-02-26 11:00:00Z;-1,22;0;3
1968-02-27 11:00:00Z;-1,17;2;3
1968-02-28 11:00:00Z;-1,12;2;3
1968-02-29 11:00:00Z;-1,07;2;3
1968-03-01 11:00:00Z;-1,03;2;3
1968-03-02 11:00:00Z;-0,98;2;3
1968-03-03 11:00:00Z;-0,93;2;3
1968-03-04 11:00:00Z;-0,88;0;3
1968-03-05 11:00:00Z;-0,81;2;3
1968-03-06 11:00:00Z;-0,74;2;3
1968-03-07 11:00:00Z;-0,67;2;3
1968-03-08 11:00:00Z;-0,59;2;3
1968-03-09 11:00:00Z;-0,52;2;3
1968-03-10 11:00:00Z;-0,45;2;3
1968-03-11 11:00:00Z;-0,38;0;3
1968-03-12 11:00:00Z;-0,37;2;3
1968-03-13 11:00:00Z;-0,35;2;3
1968-03-14 11:00:00Z;-0,34;2;3
1968-03-15 11:00:00Z;-0,32;2;3
1968-03-16 11:00:00Z;-0,31;2;3
1968-03-17 11:00:00Z;-0,29;2;3
1968-03-18 11:00:00Z;-0,28;0;3
1968-03-19 11:00:00Z;-0,32;2;3
1968-03-20 11:00:00Z;-0,37;2;3
1968-03-21 11:00:00Z;-0,41;2;3
1968-03-22 11:00:00Z;-0,45;2;3
1968-03-23 11:00:00Z;-0,49;2;3
1968-03-24 11:00:00Z;-0,54;2;3
1968-03-25 11:00:00Z;-0,58;0;3
1968-03-26 11:00:00Z;-0,5;2;3
1968-03-27 11:00:00Z;-0,43;2;3
1968-03-28 11:00:00Z;-0,35;2;3
1968-03-29 11:00:00Z;-0,28;2;3
1968-03-30 11:00:00Z;-0,21;2;3
1968-03-31 11:00:00Z;-0,13;0;3
1968-04-01 11:00:00Z;-0,16;2;3
1968-04-02 11:00:00Z;-0,19;2;3
1968-04-03 11:00:00Z;-0,21;2;3
1968-04-04 11:00:00Z;-0,24;2;3
1968-04-05 11:00:00Z;-0,27;2;3
1968-04-06 11:00:00Z;-0,29;2;3
1968-04-07 11:00:00Z;-0,32;2;3
1968-04-08 11:00:00Z;-0,35;0;3
1968-04-09 11:00:00Z;-0,34;2;3
1968-04-10 11:00:00Z;-0,33;2;3
1968-04-11 11:00:00Z;-0,32;2;3
1968-04-12 11:00:00Z;-0,31;2;3
1968-04-13 11:00:00Z;-0,3;2;3
1968-04-14 11:00:00Z;-0,29;2;3
1968-04-15 11:00:00Z;-0,28;0;3
1968-04-16 11:00:00Z;-0,23;2;3
1968-04-17 11:00:00Z;-0,17;2;3
1968-04-18 11:00:00Z;-0,12;2;3
1968-04-19 11:00:00Z;-0,07;2;3
1968-04-20 11:00:00Z;-0,02;2;3
1968-04-21 11:00:00Z;0,04;2;3
1968-04-22 11:00:00Z;0,09;0;3
1968-04-23 11:00:00Z;0,11;2;3
1968-04-24 11:00:00Z;0,12;2;3
1968-04-25 11:00:00Z;0,14;2;3
1968-04-26 11:00:00Z;0,16;2;3
1968-04-27 11:00:00Z;0,18;2;3
1968-04-28 11:00:00Z;0,19;2;3
1968-04-29 11:00:00Z;0,21;0;3
1968-04-30 11:00:00Z;0,18;2;3
1968-05-01 11:00:00Z;0,16;2;3
1968-05-02 11:00:00Z;0,13;2;3
1968-05-03 11:00:00Z;0,1;2;3
1968-05-04 11:00:00Z;0,08;2;3
1968-05-05 11:00:00Z;0,05;0;3
1968-05-06 11:00:00Z;0,06;2;3
1968-05-07 11:00:00Z;0,07;2;3
1968-05-08 11:00:00Z;0,08;2;3
1968-05-09 11:00:00Z;0,09;2;3
1968-05-10 11:00:00Z;0,1;2;3
1968-05-11 11:00:00Z;0,11;2;3
1968-05-12 11:00:00Z;0,12;2;3
1968-05-13 11:00:00Z;0,13;0;3
1968-05-14 11:00:00Z;0,12;2;3
1968-05-15 11:00:00Z;0,11;2;3
1968-05-16 11:00:00Z;0,1;2;3
1968-05-17 11:00:00Z;0,08;2;3
1968-05-18 11:00:00Z;0,07;2;3
1968-05-19 11:00:00Z;0,06;2;3
1968-05-20 11:00:00Z;0,05;0;3
1968-05-21 11:00:00Z;0,02;2;3
1968-05-22 11:00:00Z;-0,01;2;3
1968-05-23 11:00:00Z;-0,04;2;3
1968-05-24 11:00:00Z;-0,07;2;3
1968-05-25 11:00:00Z;-0,1;2;3
1968-05-26 11:00:00Z;-0,13;2;3
1968-05-27 11:00:00Z;-0,16;0;3
1968-05-28 11:00:00Z;-0,19;2;3
1968-05-29 11:00:00Z;-0,22;2;3
1968-05-30 11:00:00Z;-0,25;2;3
1968-05-31 11:00:00Z;-0,28;0;3
1968-06-01 11:00:00Z;-0,33;2;3
1968-06-02 11:00:00Z;-0,38;2;3
1968-06-03 11:00:00Z;-0,43;2;3
1968-06-04 11:00:00Z;-0,48;0;3
1968-06-05 11:00:00Z;-0,55;2;3
1968-06-06 11:00:00Z;-0,61;2;3
1968-06-07 11:00:00Z;-0,68;2;3
1968-06-08 11:00:00Z;-0,75;2;3
1968-06-09 11:00:00Z;-0,81;2;3
1968-06-10 11:00:00Z;-0,88;0;3
1968-06-11 11:00:00Z;-0,91;2;3
1968-06-12 11:00:00Z;-0,94;2;3
1968-06-13 11:00:00Z;-0,97;2;3
1968-06-14 11:00:00Z;-0,99;2;3
1968-06-15 11:00:00Z;-1,02;2;3
1968-06-16 11:00:00Z;-1,05;2;3
1968-06-17 11:00:00Z;-1,08;0;3
1968-06-18 11:00:00Z;-1,1;2;3
1968-06-19 11:00:00Z;-1,12;2;3
1968-06-20 11:00:00Z;-1,14;2;3
1968-06-21 11:00:00Z;-1,16;2;3
1968-06-22 11:00:00Z;-1,18;2;3
1968-06-23 11:00:00Z;-1,2;2;3
1968-06-24 11:00:00Z;-1,22;0;3
1968-06-25 11:00:00Z;-1,28;2;3
1968-06-26 11:00:00Z;-1,35;2;3
1968-06-27 11:00:00Z;-1,41;2;3
1968-06-28 11:00:00Z;-1,47;2;3
1968-06-29 11:00:00Z;-1,53;2;3
1968-06-30 11:00:00Z;-1,6;2;3
1968-07-01 11:00:00Z;-1,66;0;3
1968-07-02 11:00:00Z;-1,7;2;3
1968-07-03 11:00:00Z;-1,75;2;3
1968-07-04 11:00:00Z;-1,79;2;3
1968-07-05 11:00:00Z;-1,83;2;3
1968-07-06 11:00:00Z;-1,88;2;3
1968-07-07 11:00:00Z;-1,92;0;3
1968-07-08 11:00:00Z;-1,96;2;3
1968-07-09 11:00:00Z;-2;2;3
1968-07-10 11:00:00Z;-2,05;2;3
1968-07-11 11:00:00Z;-2,09;2;3
1968-07-12 11:00:00Z;-2,13;2;3
1968-07-13 11:00:00Z;-2,17;2;3
1968-07-14 11:00:00Z;-2,22;2;3
1968-07-15 11:00:00Z;-2,26;0;3
1968-07-16 11:00:00Z;-2,35;2;3
1968-07-17 11:00:00Z;-2,43;2;3
1968-07-18 11:00:00Z;-2,52;2;3
1968-07-19 11:00:00Z;-2,61;2;3
1968-07-20 11:00:00Z;-2,7;2;3
1968-07-21 11:00:00Z;-2,79;2;3
1968-07-22 11:00:00Z;-2,87;2;3
1968-07-23 11:00:00Z;-2,96;0;3
1968-07-24 11:00:00Z;-3,02;2;3
1968-07-25 11:00:00Z;-3,07;2;3
1968-07-26 11:00:00Z;-3,13;2;3
1968-07-27 11:00:00Z;-3,19;2;3
1968-07-28 11:00:00Z;-3,24;2;3
1968-07-29 11:00:00Z;-3,3;0;3
1968-07-30 11:00:00Z;-3,3;2;3
1968-07-31 11:00:00Z;-3,3;0;3
1968-08-01 11:00:00Z;-3,28;2;3
1968-08-02 11:00:00Z;-3,25;2;3
1968-08-03 11:00:00Z;-3,22;2;3
1968-08-04 11:00:00Z;-3,2;0;3
1968-08-05 11:00:00Z;-3,23;2;3
1968-08-06 11:00:00Z;-3,25;2;3
1968-08-07 11:00:00Z;-3,28;2;3
1968-08-08 11:00:00Z;-3,3;2;3
1968-08-09 11:00:00Z;-3,33;2;3
1968-08-10 11:00:00Z;-3,35;2;3
1968-08-11 11:00:00Z;-3,38;2;3
1968-08-12 11:00:00Z;-3,4;0;3
1968-08-13 11:00:00Z;-3,4;2;3
1968-08-14 11:00:00Z;-3,4;2;3
1968-08-15 11:00:00Z;-3,4;2;3
1968-08-16 11:00:00Z;-3,4;2;3
1968-08-17 11:00:00Z;-3,4;2;3
1968-08-18 11:00:00Z;-3,4;2;3
1968-08-19 11:00:00Z;-3,4;0;3
1968-08-20 11:00:00Z;-3,4;2;3
1968-08-21 11:00:00Z;-3,4;2;3
1968-08-22 11:00:00Z;-3,4;2;3
1968-08-23 11:00:00Z;-3,4;2;3
1968-08-24 11:00:00Z;-3,4;2;3
1968-08-25 11:00:00Z;-3,4;2;3
1968-08-26 11:00:00Z;-3,4;0;3
1968-08-27 11:00:00Z;-3,4;2;3
1968-08-28 11:00:00Z;-3,4;2;3
1968-08-29 11:00:00Z;-3,4;2;3
1968-08-30 11:00:00Z;-3,4;2;3
1968-08-31 11:00:00Z;-3,4;0;3
1968-09-01 11:00:00Z;-3,4;2;3
1968-09-02 11:00:00Z;-3,4;2;3
1968-09-03 11:00:00Z;-3,4;2;3
1968-09-04 11:00:00Z;-3,4;2;3
1968-09-05 11:00:00Z;-3,4;2;3
1968-09-06 11:00:00Z;-3,4;2;3
1968-09-07 11:00:00Z;-3,4;2;3
1968-09-08 11:00:00Z;-3,4;0;3
1968-09-09 11:00:00Z;-3,4;2;3
1968-09-10 11:00:00Z;-3,4;2;3
1968-09-11 11:00:00Z;-3,4;2;3
1968-09-12 11:00:00Z;-3,4;2;3
1968-09-13 11:00:00Z;-3,4;2;3
1968-09-14 11:00:00Z;-3,4;2;3
1968-09-15 11:00:00Z;-3,4;2;3
1968-09-16 11:00:00Z;-3,4;0;3
1968-09-17 11:00:00Z;-3,4;2;3
1968-09-18 11:00:00Z;-3,4;2;3
1968-09-19 11:00:00Z;-3,4;2;3
1968-09-20 11:00:00Z;-3,4;2;3
1968-09-21 11:00:00Z;-3,4;2;3
1968-09-22 11:00:00Z;-3,4;2;3
1968-09-23 11:00:00Z;-3,4;0;3
1968-09-24 11:00:00Z;-3,4;2;3
1968-09-25 11:00:00Z;-3,4;2;3
1968-09-26 11:00:00Z;-3,4;2;3
1968-09-27 11:00:00Z;-3,4;2;3
1968-09-28 11:00:00Z;-3,4;2;3
1968-09-29 11:00:00Z;-3,4;2;3
1968-09-30 11:00:00Z;-3,4;0;3
1968-10-01 11:00:00Z;-3,4;2;3
1968-10-02 11:00:00Z;-3,4;2;3
1968-10-03 11:00:00Z;-3,4;2;3
1968-10-04 11:00:00Z;-3,4;2;3
1968-10-05 11:00:00Z;-3,4;2;3
1968-10-06 11:00:00Z;-3,4;2;3
1968-10-07 11:00:00Z;-3,4;2;3
1968-10-08 11:00:00Z;-3,4;0;3
1968-10-09 11:00:00Z;-3,4;2;3
1968-10-10 11:00:00Z;-3,4;2;3
1968-10-11 11:00:00Z;-3,4;2;3
1968-10-12 11:00:00Z;-3,4;2;3
1968-10-13 11:00:00Z;-3,4;2;3
1968-10-14 11:00:00Z;-3,4;2;3
1968-10-15 11:00:00Z;-3,4;0;3
1968-10-16 11:00:00Z;-3,4;2;3
1968-10-17 11:00:00Z;-3,4;2;3
1968-10-18 11:00:00Z;-3,4;2;3
1968-10-19 11:00:00Z;-3,4;2;3
1968-10-20 11:00:00Z;-3,4;2;3
1968-10-21 11:00:00Z;-3,4;2;3
1968-10-22 11:00:00Z;-3,4;0;3
1968-10-23 11:00:00Z;-3,1;2;3
1968-10-24 11:00:00Z;-2,79;2;3
1968-10-25 11:00:00Z;-2,49;2;3
1968-10-26 11:00:00Z;-2,19;2;3
1968-10-27 11:00:00Z;-1,88;2;3
1968-10-28 11:00:00Z;-1,58;0;3
1968-10-29 11:00:00Z;-1,62;2;3
1968-10-30 11:00:00Z;-1,67;2;3
1968-10-31 11:00:00Z;-1,71;2;3
1968-11-01 11:00:00Z;-1,75;2;3
1968-11-02 11:00:00Z;-1,79;2;3
1968-11-03 11:00:00Z;-1,84;2;3
1968-11-04 11:00:00Z;-1,88;0;3
1968-11-05 11:00:00Z;-1,91;2;3
1968-11-06 11:00:00Z;-1,94;2;3
1968-11-07 11:00:00Z;-1,97;2;3
1968-11-08 11:00:00Z;-1,99;2;3
1968-11-09 11:00:00Z;-2,02;2;3
1968-11-10 11:00:00Z;-2,05;2;3
1968-11-11 11:00:00Z;-2,08;0;3
1968-11-12 11:00:00Z;-2,12;2;3
1968-11-13 11:00:00Z;-2,17;2;3
1968-11-14 11:00:00Z;-2,21;2;3
1968-11-15 11:00:00Z;-2,25;2;3
1968-11-16 11:00:00Z;-2,29;2;3
1968-11-17 11:00:00Z;-2,34;2;3
1968-11-18 11:00:00Z;-2,38;0;3
1968-11-19 11:00:00Z;-2,45;2;3
1968-11-20 11:00:00Z;-2,53;2;3
1968-11-21 11:00:00Z;-2,6;2;3
1968-11-22 11:00:00Z;-2,68;2;3
1968-11-23 11:00:00Z;-2,75;2;3
1968-11-24 11:00:00Z;-2,83;2;3
1968-11-25 11:00:00Z;-2,9;0;3
1968-11-26 11:00:00Z;-2,85;2;3
1968-11-27 11:00:00Z;-2,79;2;3
1968-11-28 11:00:00Z;-2,74;2;3
1968-11-29 11:00:00Z;-2,68;2;3
1968-11-30 11:00:00Z;-2,63;2;3
1968-12-01 11:00:00Z;-2,57;2;3
1968-12-02 11:00:00Z;-2,52;0;3
1968-12-03 11:00:00Z;-2,51;2;3
1968-12-04 11:00:00Z;-2,49;2;3
1968-12-05 11:00:00Z;-2,48;2;3
1968-12-06 11:00:00Z;-2,47;2;3
1968-12-07 11:00:00Z;-2,46;2;3
1968-12-08 11:00:00Z;-2,45;2;3
1968-12-09 11:00:00Z;-2,43;2;3
1968-12-10 11:00:00Z;-2,42;0;3
1968-12-11 11:00:00Z;-2,43;2;3
1968-12-12 11:00:00Z;-2,44;2;3
1968-12-13 11:00:00Z;-2,45;2;3
1968-12-14 11:00:00Z;-2,46;2;3
1968-12-15 11:00:00Z;-2,47;2;3
1968-12-16 11:00:00Z;-2,48;2;3
1968-12-17 11:00:00Z;-2,49;0;3
1968-12-18 11:00:00Z;-2,49;2;3
1968-12-19 11:00:00Z;-2,49;2;3
1968-12-20 11:00:00Z;-2,49;2;3
1968-12-21 11:00:00Z;-2,49;2;3
1968-12-22 11:00:00Z;-2,49;2;3
1968-12-23 11:00:00Z;-2,49;2;3
1968-12-24 11:00:00Z;-2,49;2;3
1968-12-25 11:00:00Z;-2,49;2;3
1968-12-26 11:00:00Z;-2,49;2;3
1968-12-27 11:00:00Z;-2,49;2;3
1968-12-28 11:00:00Z;-2,48;2;3
1968-12-29 11:00:00Z;-2,48;2;3
1968-12-30 11:00:00Z;-2,48;2;3
1968-12-31 11:00:00Z;-2,48;2;3
1969-01-01 11:00:00Z;-2,48;2;3
1969-01-02 11:00:00Z;-2,48;2;3
1969-01-03 11:00:00Z;-2,48;2;3
1969-01-04 11:00:00Z;-2,48;2;3
1969-01-05 11:00:00Z;-2,48;2;3
1969-01-06 11:00:00Z;-2,48;0;3
1969-01-07 11:00:00Z;-2,53;2;3
1969-01-08 11:00:00Z;-2,58;2;3
1969-01-09 11:00:00Z;-2,63;2;3
1969-01-10 11:00:00Z;-2,67;2;3
1969-01-11 11:00:00Z;-2,72;2;3
1969-01-12 11:00:00Z;-2,77;2;3
1969-01-13 11:00:00Z;-2,82;0;3
1969-01-14 11:00:00Z;-2,88;2;3
1969-01-15 11:00:00Z;-2,94;2;3
1969-01-16 11:00:00Z;-3;2;3
1969-01-17 11:00:00Z;-3,07;2;3
1969-01-18 11:00:00Z;-3,13;2;3
1969-01-19 11:00:00Z;-3,19;2;3
1969-01-20 11:00:00Z;-3,25;0;3
1969-01-21 11:00:00Z;-3,25;2;3
1969-01-22 11:00:00Z;-3,26;2;3
1969-01-23 11:00:00Z;-3,26;2;3
1969-01-24 11:00:00Z;-3,26;2;3
1969-01-25 11:00:00Z;-3,26;2;3
1969-01-26 11:00:00Z;-3,27;2;3
1969-01-27 11:00:00Z;-3,27;0;3
1969-01-28 11:00:00Z;-3,25;2;3
1969-01-29 11:00:00Z;-3,23;2;3
1969-01-30 11:00:00Z;-3,21;2;3
1969-01-31 11:00:00Z;-3,19;2;3
1969-02-01 11:00:00Z;-3,17;2;3
1969-02-02 11:00:00Z;-3,15;2;3
1969-02-03 11:00:00Z;-3,12;2;3
1969-02-04 11:00:00Z;-3,1;2;3
1969-02-05 11:00:00Z;-3,08;2;3
1969-02-06 11:00:00Z;-3,06;2;3
1969-02-07 11:00:00Z;-3,04;2;3
1969-02-08 11:00:00Z;-3,02;2;3
1969-02-09 11:00:00Z;-3;2;3
1969-02-10 11:00:00Z;-2,98;0;3
1969-02-11 11:00:00Z;-3,03;2;3
1969-02-12 11:00:00Z;-3,07;2;3
1969-02-13 11:00:00Z;-3,12;2;3
1969-02-14 11:00:00Z;-3,16;2;3
1969-02-15 11:00:00Z;-3,21;2;3
1969-02-16 11:00:00Z;-3,25;2;3
1969-02-17 11:00:00Z;-3,3;0;3
1969-02-18 11:00:00Z;-3,31;2;3
1969-02-19 11:00:00Z;-3,33;2;3
1969-02-20 11:00:00Z;-3,34;2;3
1969-02-21 11:00:00Z;-3,35;2;3
1969-02-22 11:00:00Z;-3,37;2;3
1969-02-23 11:00:00Z;-3,38;0;3
1969-02-24 11:00:00Z;-3,38;2;3
1969-02-25 11:00:00Z;-3,38;2;3
1969-02-26 11:00:00Z;-3,38;2;3
1969-02-27 11:00:00Z;-3,38;2;3
1969-02-28 11:00:00Z;-3,38;0;3
1969-03-01 11:00:00Z;-3,35;2;3
1969-03-02 11:00:00Z;-3,33;2;3
1969-03-03 11:00:00Z;-3,3;0;3
1969-03-04 11:00:00Z;-3,3;2;3
1969-03-05 11:00:00Z;-3,3;2;3
1969-03-06 11:00:00Z;-3,3;2;3
1969-03-07 11:00:00Z;-3,3;2;3
1969-03-08 11:00:00Z;-3,3;2;3
1969-03-09 11:00:00Z;-3,3;2;3
1969-03-10 11:00:00Z;-3,3;0;3
1969-03-11 11:00:00Z;-3,3;2;3
1969-03-12 11:00:00Z;-3,3;2;3
1969-03-13 11:00:00Z;-3,3;2;3
1969-03-14 11:00:00Z;-3,3;2;3
1969-03-15 11:00:00Z;-3,3;2;3
1969-03-16 11:00:00Z;-3,3;2;3
1969-03-17 11:00:00Z;-3,3;0;3
1969-03-18 11:00:00Z;-3,3;2;3
1969-03-19 11:00:00Z;-3,3;2;3
1969-03-20 11:00:00Z;-3,3;2;3
1969-03-21 11:00:00Z;-3,3;2;3
1969-03-22 11:00:00Z;-3,3;2;3
1969-03-23 11:00:00Z;-3,3;2;3
1969-03-24 11:00:00Z;-3,3;0;3
1969-03-25 11:00:00Z;-3,3;2;3
1969-03-26 11:00:00Z;-3,3;2;3
1969-03-27 11:00:00Z;-3,3;2;3
1969-03-28 11:00:00Z;-3,3;2;3
1969-03-29 11:00:00Z;-3,3;2;3
1969-03-30 11:00:00Z;-3,3;0;3
1969-03-31 11:00:00Z;-3,04;2;3
1969-04-01 11:00:00Z;-2,78;2;3
1969-04-02 11:00:00Z;-2,52;2;3
1969-04-03 11:00:00Z;-2,26;2;3
1969-04-04 11:00:00Z;-1,99;2;3
1969-04-05 11:00:00Z;-1,73;2;3
1969-04-06 11:00:00Z;-1,47;2;3
1969-04-07 11:00:00Z;-1,21;2;3
1969-04-08 11:00:00Z;-0,95;0;3
1969-04-09 11:00:00Z;-0,87;2;3
1969-04-10 11:00:00Z;-0,78;2;3
1969-04-11 11:00:00Z;-0,7;2;3
1969-04-12 11:00:00Z;-0,62;2;3
1969-04-13 11:00:00Z;-0,53;2;3
1969-04-14 11:00:00Z;-0,45;0;3
1969-04-15 11:00:00Z;-0,45;2;3
1969-04-16 11:00:00Z;-0,46;2;3
1969-04-17 11:00:00Z;-0,46;2;3
1969-04-18 11:00:00Z;-0,47;2;3
1969-04-19 11:00:00Z;-0,47;2;3
1969-04-20 11:00:00Z;-0,48;2;3
1969-04-21 11:00:00Z;-0,48;0;3
1969-04-22 11:00:00Z;-0,5;2;3
1969-04-23 11:00:00Z;-0,53;2;3
1969-04-24 11:00:00Z;-0,55;2;3
1969-04-25 11:00:00Z;-0,58;2;3
1969-04-26 11:00:00Z;-0,6;2;3
1969-04-27 11:00:00Z;-0,63;2;3
1969-04-28 11:00:00Z;-0,65;0;3
1969-04-29 11:00:00Z;-0,67;2;3
1969-04-30 11:00:00Z;-0,68;2;3
1969-05-01 11:00:00Z;-0,7;2;3
1969-05-02 11:00:00Z;-0,72;2;3
1969-05-03 11:00:00Z;-0,74;2;3
1969-05-04 11:00:00Z;-0,75;2;3
1969-05-05 11:00:00Z;-0,77;0;3
1969-05-06 11:00:00Z;-0,85;2;3
1969-05-07 11:00:00Z;-0,92;2;3
1969-05-08 11:00:00Z;-1;2;3
1969-05-09 11:00:00Z;-1,07;2;3
1969-05-10 11:00:00Z;-1,15;2;3
1969-05-11 11:00:00Z;-1,22;2;3
1969-05-12 11:00:00Z;-1,3;0;3
1969-05-13 11:00:00Z;-1,35;2;3
1969-05-14 11:00:00Z;-1,4;2;3
1969-05-15 11:00:00Z;-1,45;2;3
1969-05-16 11:00:00Z;-1,51;2;3
1969-05-17 11:00:00Z;-1,56;2;3
1969-05-18 11:00:00Z;-1,61;2;3
1969-05-19 11:00:00Z;-1,66;0;3
1969-05-20 11:00:00Z;-1,71;2;3
1969-05-21 11:00:00Z;-1,76;2;3
1969-05-22 11:00:00Z;-1,81;2;3
1969-05-23 11:00:00Z;-1,86;2;3
1969-05-24 11:00:00Z;-1,91;2;3
1969-05-25 11:00:00Z;-1,96;2;3
1969-05-26 11:00:00Z;-2,01;2;3
1969-05-27 11:00:00Z;-2,06;0;3
1969-05-28 11:00:00Z;-2,11;2;3
1969-05-29 11:00:00Z;-2,16;2;3
1969-05-30 11:00:00Z;-2,21;2;3
1969-05-31 11:00:00Z;-2,26;0;3
1969-06-01 11:00:00Z;-2,32;2;3
1969-06-02 11:00:00Z;-2,37;2;3
1969-06-03 11:00:00Z;-2,43;2;3
1969-06-04 11:00:00Z;-2,48;2;3
1969-06-05 11:00:00Z;-2,54;2;3
1969-06-06 11:00:00Z;-2,59;2;3
1969-06-07 11:00:00Z;-2,65;2;3
1969-06-08 11:00:00Z;-2,7;2;3
1969-06-09 11:00:00Z;-2,76;0;3
1969-06-10 11:00:00Z;-2,82;2;3
1969-06-11 11:00:00Z;-2,89;2;3
1969-06-12 11:00:00Z;-2,95;2;3
1969-06-13 11:00:00Z;-3,01;2;3
1969-06-14 11:00:00Z;-3,07;2;3
1969-06-15 11:00:00Z;-3,14;2;3
1969-06-16 11:00:00Z;-3,2;0;3
1969-06-17 11:00:00Z;-3,23;2;3
1969-06-18 11:00:00Z;-3,26;2;3
1969-06-19 11:00:00Z;-3,29;2;3
1969-06-20 11:00:00Z;-3,31;2;3
1969-06-21 11:00:00Z;-3,34;2;3
1969-06-22 11:00:00Z;-3,37;2;3
1969-06-23 11:00:00Z;-3,4;0;3
1969-06-24 11:00:00Z;-3,4;2;3
1969-06-25 11:00:00Z;-3,4;2;3
1969-06-26 11:00:00Z;-3,4;2;3
1969-06-27 11:00:00Z;-3,4;2;3
1969-06-28 11:00:00Z;-3,4;2;3
1969-06-29 11:00:00Z;-3,4;2;3
1969-06-30 11:00:00Z;-3,4;0;3
1969-07-01 11:00:00Z;-3,38;2;3
1969-07-02 11:00:00Z;-3,35;2;3
1969-07-03 11:00:00Z;-3,33;2;3
1969-07-04 11:00:00Z;-3,31;2;3
1969-07-05 11:00:00Z;-3,28;2;3
1969-07-06 11:00:00Z;-3,26;2;3
1969-07-07 11:00:00Z;-3,24;2;3
1969-07-08 11:00:00Z;-3,21;2;3
1969-07-09 11:00:00Z;-3,19;2;3
1969-07-10 11:00:00Z;-3,17;2;3
1969-07-11 11:00:00Z;-3,15;2;3
1969-07-12 11:00:00Z;-3,12;2;3
1969-07-13 11:00:00Z;-3,1;2;3
1969-07-14 11:00:00Z;-3,08;2;3
1969-07-15 11:00:00Z;-3,05;2;3
1969-07-16 11:00:00Z;-3,03;2;3
1969-07-17 11:00:00Z;-3,01;2;3
1969-07-18 11:00:00Z;-2,98;2;3
1969-07-19 11:00:00Z;-2,96;2;3
1969-07-20 11:00:00Z;-2,94;2;3
1969-07-21 11:00:00Z;-2,91;2;3
1969-07-22 11:00:00Z;-2,89;2;3
1969-07-23 11:00:00Z;-2,87;2;3
1969-07-24 11:00:00Z;-2,84;2;3
1969-07-25 11:00:00Z;-2,82;2;3
1969-07-26 11:00:00Z;-2,8;2;3
1969-07-27 11:00:00Z;-2,78;2;3
1969-07-28 11:00:00Z;-2,75;2;3
1969-07-29 11:00:00Z;-2,73;2;3
1969-07-30 11:00:00Z;-2,71;2;3
1969-07-31 11:00:00Z;-2,68;2;3
1969-08-01 11:00:00Z;-2,66;2;3
1969-08-02 11:00:00Z;-2,64;2;3
1969-08-03 11:00:00Z;-2,61;2;3
1969-08-04 11:00:00Z;-2,59;0;3
1969-08-05 11:00:00Z;-2,58;2;3
1969-08-06 11:00:00Z;-2,58;2;3
1969-08-07 11:00:00Z;-2,57;2;3
1969-08-08 11:00:00Z;-2,57;2;3
1969-08-09 11:00:00Z;-2,56;2;3
1969-08-10 11:00:00Z;-2,56;2;3
1969-08-11 11:00:00Z;-2,55;0;3
1969-08-12 11:00:00Z;-2,54;2;3
1969-08-13 11:00:00Z;-2,54;2;3
1969-08-14 11:00:00Z;-2,53;2;3
1969-08-15 11:00:00Z;-2,52;2;3
1969-08-16 11:00:00Z;-2,51;2;3
1969-08-17 11:00:00Z;-2,51;2;3
1969-08-18 11:00:00Z;-2,5;0;3
1969-08-19 11:00:00Z;-2,54;2;3
1969-08-20 11:00:00Z;-2,59;2;3
1969-08-21 11:00:00Z;-2,63;2;3
1969-08-22 11:00:00Z;-2,67;2;3
1969-08-23 11:00:00Z;-2,71;2;3
1969-08-24 11:00:00Z;-2,76;2;3
1969-08-25 11:00:00Z;-2,8;0;3
1969-08-26 11:00:00Z;-2,88;2;3
1969-08-27 11:00:00Z;-2,96;2;3
1969-08-28 11:00:00Z;-3,04;2;3
1969-08-29 11:00:00Z;-3,12;2;3
1969-08-30 11:00:00Z;-3,2;0;3
1969-08-31 11:00:00Z;-3,15;2;3
1969-09-01 11:00:00Z;-3,1;2;3
1969-09-02 11:00:00Z;-3,04;2;3
1969-09-03 11:00:00Z;-2,99;2;3
1969-09-04 11:00:00Z;-2,94;2;3
1969-09-05 11:00:00Z;-2,89;2;3
1969-09-06 11:00:00Z;-2,83;2;3
1969-09-07 11:00:00Z;-2,78;2;3
1969-09-08 11:00:00Z;-2,73;0;3
1969-09-09 11:00:00Z;-2,67;2;3
1969-09-10 11:00:00Z;-2,61;2;3
1969-09-11 11:00:00Z;-2,55;2;3
1969-09-12 11:00:00Z;-2,5;2;3
1969-09-13 11:00:00Z;-2,44;2;3
1969-09-14 11:00:00Z;-2,38;2;3
1969-09-15 11:00:00Z;-2,32;0;3
1969-09-16 11:00:00Z;-2,34;2;3
1969-09-17 11:00:00Z;-2,35;2;3
1969-09-18 11:00:00Z;-2,37;2;3
1969-09-19 11:00:00Z;-2,38;2;3
1969-09-20 11:00:00Z;-2,39;2;3
1969-09-21 11:00:00Z;-2,41;0;3
1969-09-22 11:00:00Z;-2,39;2;3
1969-09-23 11:00:00Z;-2,37;2;3
1969-09-24 11:00:00Z;-2,34;2;3
1969-09-25 11:00:00Z;-2,32;2;3
1969-09-26 11:00:00Z;-2,3;2;3
1969-09-27 11:00:00Z;-2,28;2;3
1969-09-28 11:00:00Z;-2,25;2;3
1969-09-29 11:00:00Z;-2,23;0;3
1969-09-30 11:00:00Z;-2,13;2;3
1969-10-01 11:00:00Z;-2,02;2;3
1969-10-02 11:00:00Z;-1,92;2;3
1969-10-03 11:00:00Z;-1,81;2;3
1969-10-04 11:00:00Z;-1,71;2;3
1969-10-05 11:00:00Z;-1,6;2;3
1969-10-06 11:00:00Z;-1,5;0;3
1969-10-07 11:00:00Z;-1,43;2;3
1969-10-08 11:00:00Z;-1,35;2;3
1969-10-09 11:00:00Z;-1,28;2;3
1969-10-10 11:00:00Z;-1,2;2;3
1969-10-11 11:00:00Z;-1,13;2;3
1969-10-12 11:00:00Z;-1,05;2;3
1969-10-13 11:00:00Z;-0,98;0;3
1969-10-14 11:00:00Z;-1;2;3
1969-10-15 11:00:00Z;-1,02;2;3
1969-10-16 11:00:00Z;-1,04;2;3
1969-10-17 11:00:00Z;-1,06;2;3
1969-10-18 11:00:00Z;-1,08;2;3
1969-10-19 11:00:00Z;-1,1;2;3
1969-10-20 11:00:00Z;-1,12;0;3
1969-10-21 11:00:00Z;-1,11;2;3
1969-10-22 11:00:00Z;-1,09;2;3
1969-10-23 11:00:00Z;-1,08;2;3
1969-10-24 11:00:00Z;-1,07;2;3
1969-10-25 11:00:00Z;-1,06;2;3
1969-10-26 11:00:00Z;-1,04;2;3
1969-10-27 11:00:00Z;-1,03;0;3
1969-10-28 11:00:00Z;-0,87;2;3
1969-10-29 11:00:00Z;-0,71;2;3
1969-10-30 11:00:00Z;-0,55;0;3
1969-10-31 11:00:00Z;-0,48;2;3
1969-11-01 11:00:00Z;-0,41;2;3
1969-11-02 11:00:00Z;-0,33;2;3
1969-11-03 11:00:00Z;-0,26;0;3
1969-11-04 11:00:00Z;-0,3;2;3
1969-11-05 11:00:00Z;-0,34;2;3
1969-11-06 11:00:00Z;-0,38;2;3
1969-11-07 11:00:00Z;-0,42;2;3
1969-11-08 11:00:00Z;-0,46;2;3
1969-11-09 11:00:00Z;-0,5;2;3
1969-11-10 11:00:00Z;-0,54;0;3
1969-11-11 11:00:00Z;-0,61;2;3
1969-11-12 11:00:00Z;-0,69;2;3
1969-11-13 11:00:00Z;-0,76;2;3
1969-11-14 11:00:00Z;-0,84;2;3
1969-11-15 11:00:00Z;-0,91;2;3
1969-11-16 11:00:00Z;-0,99;2;3
1969-11-17 11:00:00Z;-1,06;0;3
1969-11-18 11:00:00Z;-1,09;2;3
1969-11-19 11:00:00Z;-1,13;2;3
1969-11-20 11:00:00Z;-1,16;2;3
1969-11-21 11:00:00Z;-1,2;2;3
1969-11-22 11:00:00Z;-1,23;2;3
1969-11-23 11:00:00Z;-1,27;2;3
1969-11-24 11:00:00Z;-1,3;0;3
1969-11-25 11:00:00Z;-1,3;2;3
1969-11-26 11:00:00Z;-1,3;2;3
1969-11-27 11:00:00Z;-1,3;2;3
1969-11-28 11:00:00Z;-1,3;2;3
1969-11-29 11:00:00Z;-1,3;2;3
1969-11-30 11:00:00Z;-1,3;0;3
1969-12-01 11:00:00Z;-1,33;0;3
1969-12-02 11:00:00Z;-1,34;2;3
1969-12-03 11:00:00Z;-1,34;2;3
1969-12-04 11:00:00Z;-1,35;2;3
1969-12-05 11:00:00Z;-1,36;2;3
1969-12-06 11:00:00Z;-1,37;2;3
1969-12-07 11:00:00Z;-1,37;2;3
1969-12-08 11:00:00Z;-1,38;0;3
1969-12-09 11:00:00Z;-1,39;2;3
1969-12-10 11:00:00Z;-1,41;2;3
1969-12-11 11:00:00Z;-1,42;2;3
1969-12-12 11:00:00Z;-1,43;2;3
1969-12-13 11:00:00Z;-1,44;2;3
1969-12-14 11:00:00Z;-1,46;2;3
1969-12-15 11:00:00Z;-1,47;0;3
1969-12-16 11:00:00Z;-1,5;2;3
1969-12-17 11:00:00Z;-1,54;2;3
1969-12-18 11:00:00Z;-1,57;2;3
1969-12-19 11:00:00Z;-1,61;2;3
1969-12-20 11:00:00Z;-1,64;2;3
1969-12-21 11:00:00Z;-1,68;2;3
1969-12-22 11:00:00Z;-1,71;0;3
1969-12-23 11:00:00Z;-1,7;2;3
1969-12-24 11:00:00Z;-1,69;2;3
1969-12-25 11:00:00Z;-1,68;2;3
1969-12-26 11:00:00Z;-1,67;2;3
1969-12-27 11:00:00Z;-1,66;2;3
1969-12-28 11:00:00Z;-1,65;2;3
1969-12-29 11:00:00Z;-1,64;2;3
1969-12-30 11:00:00Z;-1,63;2;3
1969-12-31 11:00:00Z;-1,62;0;3
1970-01-01 11:00:00Z;-1,62;0;3
1970-01-02 11:00:00Z;-1,63;2;3
1970-01-03 11:00:00Z;-1,64;2;3
1970-01-04 11:00:00Z;-1,65;2;3
1970-01-05 11:00:00Z;-1,66;0;3
1970-01-06 11:00:00Z;-1,67;2;3
1970-01-07 11:00:00Z;-1,68;2;3
1970-01-08 11:00:00Z;-1,69;2;3
1970-01-09 11:00:00Z;-1,69;2;3
1970-01-10 11:00:00Z;-1,7;2;3
1970-01-11 11:00:00Z;-1,71;2;3
1970-01-12 11:00:00Z;-1,72;0;3
1970-01-13 11:00:00Z;-1,79;2;3
1970-01-14 11:00:00Z;-1,86;2;3
1970-01-15 11:00:00Z;-1,94;2;3
1970-01-16 11:00:00Z;-2,01;2;3
1970-01-17 11:00:00Z;-2,08;2;3
1970-01-18 11:00:00Z;-2,15;0;3
1970-01-19 11:00:00Z;-2,19;2;3
1970-01-20 11:00:00Z;-2,23;2;3
1970-01-21 11:00:00Z;-2,27;2;3
1970-01-22 11:00:00Z;-2,32;2;3
1970-01-23 11:00:00Z;-2,36;2;3
1970-01-24 11:00:00Z;-2,4;2;3
1970-01-25 11:00:00Z;-2,44;2;3
1970-01-26 11:00:00Z;-2,48;0;3
1970-01-27 11:00:00Z;-2,52;2;3
1970-01-28 11:00:00Z;-2,56;2;3
1970-01-29 11:00:00Z;-2,59;2;3
1970-01-30 11:00:00Z;-2,63;2;3
1970-01-31 11:00:00Z;-2,67;0;3
1970-02-01 11:00:00Z;-2,71;2;3
1970-02-02 11:00:00Z;-2,75;0;3
1970-02-03 11:00:00Z;-2,79;2;3
1970-02-04 11:00:00Z;-2,84;2;3
1970-02-05 11:00:00Z;-2,88;2;3
1970-02-06 11:00:00Z;-2,92;2;3
1970-02-07 11:00:00Z;-2,96;2;3
1970-02-08 11:00:00Z;-3,01;2;3
1970-02-09 11:00:00Z;-3,05;0;3
1970-02-10 11:00:00Z;-3,09;2;3
1970-02-11 11:00:00Z;-3,14;2;3
1970-02-12 11:00:00Z;-3,18;2;3
1970-02-13 11:00:00Z;-3,23;2;3
1970-02-14 11:00:00Z;-3,27;2;3
1970-02-15 11:00:00Z;-3,32;2;3
1970-02-16 11:00:00Z;-3,36;0;3
1970-02-17 11:00:00Z;-3,39;2;3
1970-02-18 11:00:00Z;-3,43;2;3
1970-02-19 11:00:00Z;-3,46;2;3
1970-02-20 11:00:00Z;-3,5;2;3
1970-02-21 11:00:00Z;-3,53;2;3
1970-02-22 11:00:00Z;-3,57;2;3
1970-02-23 11:00:00Z;-3,6;0;3
1970-02-24 11:00:00Z;-3,6;2;3
1970-02-25 11:00:00Z;-3,6;2;3
1970-02-26 11:00:00Z;-3,6;2;3
1970-02-27 11:00:00Z;-3,6;2;3
1970-02-28 11:00:00Z;-3,6;0;3
1970-03-01 11:00:00Z;-3,53;2;3
1970-03-02 11:00:00Z;-3,45;2;3
1970-03-03 11:00:00Z;-3,38;2;3
1970-03-04 11:00:00Z;-3,3;2;3
1970-03-05 11:00:00Z;-3,23;2;3
1970-03-06 11:00:00Z;-3,16;2;3
1970-03-07 11:00:00Z;-3,08;2;3
1970-03-08 11:00:00Z;-3,01;2;3
1970-03-09 11:00:00Z;-2,93;2;3
1970-03-10 11:00:00Z;-2,86;0;3
1970-03-11 11:00:00Z;-2,87;2;3
1970-03-12 11:00:00Z;-2,87;2;3
1970-03-13 11:00:00Z;-2,88;2;3
1970-03-14 11:00:00Z;-2,89;2;3
1970-03-15 11:00:00Z;-2,89;2;3
1970-03-16 11:00:00Z;-2,9;0;3
1970-03-17 11:00:00Z;-2,9;2;3
1970-03-18 11:00:00Z;-2,91;2;3
1970-03-19 11:00:00Z;-2,91;2;3
1970-03-20 11:00:00Z;-2,92;2;3
1970-03-21 11:00:00Z;-2,92;2;3
1970-03-22 11:00:00Z;-2,93;2;3
1970-03-23 11:00:00Z;-2,93;0;3
1970-03-24 11:00:00Z;-3,01;2;3
1970-03-25 11:00:00Z;-3,09;2;3
1970-03-26 11:00:00Z;-3,17;2;3
1970-03-27 11:00:00Z;-3,26;2;3
1970-03-28 11:00:00Z;-3,34;2;3
1970-03-29 11:00:00Z;-3,42;2;3
1970-03-30 11:00:00Z;-3,5;2;3
1970-03-31 11:00:00Z;-3,58;0;3
1970-04-01 11:00:00Z;-3,58;2;3
1970-04-02 11:00:00Z;-3,59;2;3
1970-04-03 11:00:00Z;-3,59;2;3
1970-04-04 11:00:00Z;-3,59;2;3
1970-04-05 11:00:00Z;-3,6;2;3
1970-04-06 11:00:00Z;-3,6;0;3
1970-04-07 11:00:00Z;-3,6;2;3
1970-04-08 11:00:00Z;-3,6;2;3
1970-04-09 11:00:00Z;-3,6;2;3
1970-04-10 11:00:00Z;-3,6;2;3
1970-04-11 11:00:00Z;-3,6;2;3
1970-04-12 11:00:00Z;-3,6;2;3
1970-04-13 11:00:00Z;-3,6;0;3
1970-04-14 11:00:00Z;-3,6;2;3
1970-04-15 11:00:00Z;-3,6;2;3
1970-04-16 11:00:00Z;-3,6;2;3
1970-04-17 11:00:00Z;-3,6;2;3
1970-04-18 11:00:00Z;-3,6;2;3
1970-04-19 11:00:00Z;-3,6;2;3
1970-04-20 11:00:00Z;-3,6;0;3
1970-04-21 11:00:00Z;-3,36;2;3
1970-04-22 11:00:00Z;-3,13;2;3
1970-04-23 11:00:00Z;-2,89;2;3
1970-04-24 11:00:00Z;-2,65;2;3
1970-04-25 11:00:00Z;-2,41;2;3
1970-04-26 11:00:00Z;-2,18;2;3
1970-04-27 11:00:00Z;-1,94;0;3
1970-04-28 11:00:00Z;-1,92;2;3
1970-04-29 11:00:00Z;-1,9;2;3
1970-04-30 11:00:00Z;-1,88;0;3
1970-05-01 11:00:00Z;-1,75;2;3
1970-05-02 11:00:00Z;-1,63;2;3
1970-05-03 11:00:00Z;-1,5;0;3
1970-05-04 11:00:00Z;-1,39;2;3
1970-05-05 11:00:00Z;-1,28;2;3
1970-05-06 11:00:00Z;-1,17;2;3
1970-05-07 11:00:00Z;-1,07;2;3
1970-05-08 11:00:00Z;-0,96;2;3
1970-05-09 11:00:00Z;-0,85;2;3
1970-05-10 11:00:00Z;-0,74;2;3
1970-05-11 11:00:00Z;-0,63;0;3
1970-05-12 11:00:00Z;-0,63;2;3
1970-05-13 11:00:00Z;-0,64;2;3
1970-05-14 11:00:00Z;-0,64;2;3
1970-05-15 11:00:00Z;-0,64;2;3
1970-05-16 11:00:00Z;-0,65;2;3
1970-05-17 11:00:00Z;-0,65;2;3
1970-05-18 11:00:00Z;-0,66;2;3
1970-05-19 11:00:00Z;-0,66;0;3
1970-05-20 11:00:00Z;-0,56;2;3
1970-05-21 11:00:00Z;-0,45;2;3
1970-05-22 11:00:00Z;-0,35;0;3
1970-05-23 11:00:00Z;-0,33;2;3
1970-05-24 11:00:00Z;-0,3;2;3
1970-05-25 11:00:00Z;-0,28;0;3
1970-05-26 11:00:00Z;-0,28;2;3
1970-05-27 11:00:00Z;-0,27;2;3
1970-05-28 11:00:00Z;-0,27;2;3
1970-05-29 11:00:00Z;-0,27;2;3
1970-05-30 11:00:00Z;-0,26;2;3
1970-05-31 11:00:00Z;-0,26;0;3
1970-06-01 11:00:00Z;-0,29;2;3
1970-06-02 11:00:00Z;-0,33;2;3
1970-06-03 11:00:00Z;-0,36;2;3
1970-06-04 11:00:00Z;-0,39;2;3
1970-06-05 11:00:00Z;-0,43;2;3
1970-06-06 11:00:00Z;-0,46;0;3
1970-06-07 11:00:00Z;-0,5;2;3
1970-06-08 11:00:00Z;-0,55;2;3
1970-06-09 11:00:00Z;-0,59;2;3
1970-06-10 11:00:00Z;-0,63;2;3
1970-06-11 11:00:00Z;-0,67;2;3
1970-06-12 11:00:00Z;-0,72;2;3
1970-06-13 11:00:00Z;-0,76;0;3
1970-06-14 11:00:00Z;-0,81;2;3
1970-06-15 11:00:00Z;-0,86;2;3
1970-06-16 11:00:00Z;-0,91;2;3
1970-06-17 11:00:00Z;-0,96;0;3
1970-06-18 11:00:00Z;-1,01;2;3
1970-06-19 11:00:00Z;-1,06;2;3
1970-06-20 11:00:00Z;-1,11;2;3
1970-06-21 11:00:00Z;-1,16;2;3
1970-06-22 11:00:00Z;-1,21;0;3
1970-06-23 11:00:00Z;-1,27;2;3
1970-06-24 11:00:00Z;-1,33;2;3
1970-06-25 11:00:00Z;-1,4;2;3
1970-06-26 11:00:00Z;-1,46;2;3
1970-06-27 11:00:00Z;-1,52;0;3
1970-06-28 11:00:00Z;-1,56;2;3
1970-06-29 11:00:00Z;-1,6;2;3
1970-06-30 11:00:00Z;-1,64;0;3
1970-07-01 11:00:00Z;-1,71;2;3
1970-07-02 11:00:00Z;-1,79;2;3
1970-07-03 11:00:00Z;-1,86;0;3
1970-07-04 11:00:00Z;-1,91;2;3
1970-07-05 11:00:00Z;-1,96;2;3
1970-07-06 11:00:00Z;-2;2;3
1970-07-07 11:00:00Z;-2,05;2;3
1970-07-08 11:00:00Z;-2,1;2;3
1970-07-09 11:00:00Z;-2,14;2;3
1970-07-10 11:00:00Z;-2,19;2;3
1970-07-11 11:00:00Z;-2,24;0;3
1970-07-12 11:00:00Z;-2,28;2;3
1970-07-13 11:00:00Z;-2,32;2;3
1970-07-14 11:00:00Z;-2,37;2;3
1970-07-15 11:00:00Z;-2,41;2;3
1970-07-16 11:00:00Z;-2,45;2;3
1970-07-17 11:00:00Z;-2,49;2;3
1970-07-18 11:00:00Z;-2,53;2;3
1970-07-19 11:00:00Z;-2,58;2;3
1970-07-20 11:00:00Z;-2,62;2;3
1970-07-21 11:00:00Z;-2,66;0;3
1970-07-22 11:00:00Z;-2,68;2;3
1970-07-23 11:00:00Z;-2,7;2;3
1970-07-24 11:00:00Z;-2,72;2;3
1970-07-25 11:00:00Z;-2,75;2;3
1970-07-26 11:00:00Z;-2,77;2;3
1970-07-27 11:00:00Z;-2,79;0;3
1970-07-28 11:00:00Z;-2,82;2;3
1970-07-29 11:00:00Z;-2,85;2;3
1970-07-30 11:00:00Z;-2,88;2;3
1970-07-31 11:00:00Z;-2,91;0;3
1970-08-01 11:00:00Z;-2,93;2;3
1970-08-02 11:00:00Z;-2,95;2;3
1970-08-03 11:00:00Z;-2,97;2;3
1970-08-04 11:00:00Z;-2,99;2;3
1970-08-05 11:00:00Z;-3,01;2;3
1970-08-06 11:00:00Z;-3,03;2;3
1970-08-07 11:00:00Z;-3,05;2;3
1970-08-08 11:00:00Z;-3,07;0;3
1970-08-09 11:00:00Z;-3,09;2;3
1970-08-10 11:00:00Z;-3,12;2;3
1970-08-11 11:00:00Z;-3,14;2;3
1970-08-12 11:00:00Z;-3,16;2;3
1970-08-13 11:00:00Z;-3,18;2;3
1970-08-14 11:00:00Z;-3,21;2;3
1970-08-15 11:00:00Z;-3,23;0;3
1970-08-16 11:00:00Z;-3,19;2;3
1970-08-17 11:00:00Z;-3,15;2;3
1970-08-18 11:00:00Z;-3,12;2;3
1970-08-19 11:00:00Z;-3,08;2;3
1970-08-20 11:00:00Z;-3,04;2;3
1970-08-21 11:00:00Z;-3;2;3
1970-08-22 11:00:00Z;-2,97;2;3
1970-08-23 11:00:00Z;-2,93;2;3
1970-08-24 11:00:00Z;-2,89;2;3
1970-08-25 11:00:00Z;-2,85;2;3
1970-08-26 11:00:00Z;-2,82;2;3
1970-08-27 11:00:00Z;-2,78;2;3
1970-08-28 11:00:00Z;-2,74;0;3
1970-08-29 11:00:00Z;-2,62;2;3
1970-08-30 11:00:00Z;-2,51;2;3
1970-08-31 11:00:00Z;-2,39;0;3
1970-09-01 11:00:00Z;-2,12;2;3
1970-09-02 11:00:00Z;-1,86;2;3
1970-09-03 11:00:00Z;-1,59;2;3
1970-09-04 11:00:00Z;-1,32;2;3
1970-09-05 11:00:00Z;-1,06;2;3
1970-09-06 11:00:00Z;-0,79;0;3
1970-09-07 11:00:00Z;-0,8;2;3
1970-09-08 11:00:00Z;-0,82;2;3
1970-09-09 11:00:00Z;-0,83;2;3
1970-09-10 11:00:00Z;-0,84;2;3
1970-09-11 11:00:00Z;-0,85;2;3
1970-09-12 11:00:00Z;-0,87;2;3
1970-09-13 11:00:00Z;-0,88;0;3
1970-09-14 11:00:00Z;-0,93;2;3
1970-09-15 11:00:00Z;-0,98;2;3
1970-09-16 11:00:00Z;-1,03;2;3
1970-09-17 11:00:00Z;-1,08;2;3
1970-09-18 11:00:00Z;-1,13;2;3
1970-09-19 11:00:00Z;-1,18;0;3
1970-09-20 11:00:00Z;-1,16;2;3
1970-09-21 11:00:00Z;-1,15;2;3
1970-09-22 11:00:00Z;-1,13;2;3
1970-09-23 11:00:00Z;-1,11;2;3
1970-09-24 11:00:00Z;-1,09;2;3
1970-09-25 11:00:00Z;-1,08;2;3
1970-09-26 11:00:00Z;-1,06;0;3
1970-09-27 11:00:00Z;-1,09;2;3
1970-09-28 11:00:00Z;-1,12;2;3
1970-09-29 11:00:00Z;-1,16;2;3
1970-09-30 11:00:00Z;-1,19;0;3
1970-10-01 11:00:00Z;-1,22;2;3
1970-10-02 11:00:00Z;-1,24;2;3
1970-10-03 11:00:00Z;-1,27;2;3
1970-10-04 11:00:00Z;-1,29;2;3
1970-10-05 11:00:00Z;-1,32;0;3
1970-10-06 11:00:00Z;-1,36;2;3
1970-10-07 11:00:00Z;-1,41;2;3
1970-10-08 11:00:00Z;-1,45;2;3
1970-10-09 11:00:00Z;-1,49;2;3
1970-10-10 11:00:00Z;-1,53;2;3
1970-10-11 11:00:00Z;-1,58;2;3
1970-10-12 11:00:00Z;-1,62;0;3
1970-10-13 11:00:00Z;-1,57;2;3
1970-10-14 11:00:00Z;-1,52;2;3
1970-10-15 11:00:00Z;-1,47;2;3
1970-10-16 11:00:00Z;-1,43;2;3
1970-10-17 11:00:00Z;-1,38;2;3
1970-10-18 11:00:00Z;-1,33;2;3
1970-10-19 11:00:00Z;-1,28;0;3
1970-10-20 11:00:00Z;-1,23;2;3
1970-10-21 11:00:00Z;-1,18;2;3
1970-10-22 11:00:00Z;-1,13;2;3
1970-10-23 11:00:00Z;-1,09;2;3
1970-10-24 11:00:00Z;-1,04;2;3
1970-10-25 11:00:00Z;-0,99;2;3
1970-10-26 11:00:00Z;-0,94;0;3
1970-10-27 11:00:00Z;-0,89;2;3
1970-10-28 11:00:00Z;-0,84;2;3
1970-10-29 11:00:00Z;-0,79;2;3
1970-10-30 11:00:00Z;-0,74;2;3
1970-10-31 11:00:00Z;-0,69;0;3
1970-11-01 11:00:00Z;-0,7;2;3
1970-11-02 11:00:00Z;-0,71;2;3
1970-11-03 11:00:00Z;-0,72;2;3
1970-11-04 11:00:00Z;-0,74;2;3
1970-11-05 11:00:00Z;-0,75;2;3
1970-11-06 11:00:00Z;-0,76;2;3
1970-11-07 11:00:00Z;-0,77;0;3
1970-11-08 11:00:00Z;-0,79;2;3
1970-11-09 11:00:00Z;-0,82;2;3
1970-11-10 11:00:00Z;-0,84;2;3
1970-11-11 11:00:00Z;-0,86;2;3
1970-11-12 11:00:00Z;-0,88;2;3
1970-11-13 11:00:00Z;-0,91;2;3
1970-11-14 11:00:00Z;-0,93;0;3
1970-11-15 11:00:00Z;-0,96;2;3
1970-11-16 11:00:00Z;-0,98;2;3
1970-11-17 11:00:00Z;-1,01;2;3
1970-11-18 11:00:00Z;-1,04;2;3
1970-11-19 11:00:00Z;-1,07;2;3
1970-11-20 11:00:00Z;-1,09;2;3
1970-11-21 11:00:00Z;-1,12;0;3
1970-11-22 11:00:00Z;-1,14;2;3
1970-11-23 11:00:00Z;-1,15;2;3
1970-11-24 11:00:00Z;-1,17;2;3
1970-11-25 11:00:00Z;-1,19;2;3
1970-11-26 11:00:00Z;-1,2;2;3
1970-11-27 11:00:00Z;-1,22;2;3
1970-11-28 11:00:00Z;-1,24;2;3
1970-11-29 11:00:00Z;-1,25;2;3
1970-11-30 11:00:00Z;-1,27;0;3
1970-12-01 11:00:00Z;-1,27;2;3
1970-12-02 11:00:00Z;-1,27;2;3
1970-12-03 11:00:00Z;-1,26;2;3
1970-12-04 11:00:00Z;-1,26;2;3
1970-12-05 11:00:00Z;-1,26;2;3
1970-12-06 11:00:00Z;-1,26;0;3
1970-12-07 11:00:00Z;-1,1;2;3
1970-12-08 11:00:00Z;-0,94;2;3
1970-12-09 11:00:00Z;-0,78;2;3
1970-12-10 11:00:00Z;-0,62;2;3
1970-12-11 11:00:00Z;-0,46;2;3
1970-12-12 11:00:00Z;-0,3;2;3
1970-12-13 11:00:00Z;-0,14;2;3
1970-12-14 11:00:00Z;0,02;0;3
1970-12-15 11:00:00Z;0,04;2;3
1970-12-16 11:00:00Z;0,05;2;3
1970-12-17 11:00:00Z;0,07;2;3
1970-12-18 11:00:00Z;0,08;2;3
1970-12-19 11:00:00Z;0,1;2;3
1970-12-20 11:00:00Z;0,11;2;3
1970-12-21 11:00:00Z;0,13;0;3
1970-12-22 11:00:00Z;0,13;2;3
1970-12-23 11:00:00Z;0,12;2;3
1970-12-24 11:00:00Z;0,12;2;3
1970-12-25 11:00:00Z;0,11;2;3
1970-12-26 11:00:00Z;0,11;2;3
1970-12-27 11:00:00Z;0,1;2;3
1970-12-28 11:00:00Z;0,1;0;3
1970-12-29 11:00:00Z;0,08;2;3
1970-12-30 11:00:00Z;0,07;2;3
1970-12-31 11:00:00Z;0,05;0;3
1971-01-01 11:00:00Z;0,05;2;3
1971-01-02 11:00:00Z;0,05;2;3
1971-01-03 11:00:00Z;0,04;2;3
1971-01-04 11:00:00Z;0,04;0;3
1971-01-05 11:00:00Z;0,12;2;3
1971-01-06 11:00:00Z;0,19;2;3
1971-01-07 11:00:00Z;0,27;2;3
1971-01-08 11:00:00Z;0,34;2;3
1971-01-09 11:00:00Z;0,42;2;3
1971-01-10 11:00:00Z;0,49;2;3
1971-01-11 11:00:00Z;0,57;0;3
1971-01-12 11:00:00Z;0,49;2;3
1971-01-13 11:00:00Z;0,42;2;3
1971-01-14 11:00:00Z;0,34;2;3
1971-01-15 11:00:00Z;0,27;2;3
1971-01-16 11:00:00Z;0,19;2;3
1971-01-17 11:00:00Z;0,12;2;3
1971-01-18 11:00:00Z;0,04;0;3
1971-01-19 11:00:00Z;0,03;2;3
1971-01-20 11:00:00Z;0,01;2;3
1971-01-21 11:00:00Z;0;2;3
1971-01-22 11:00:00Z;-0,01;2;3
1971-01-23 11:00:00Z;-0,02;2;3
1971-01-24 11:00:00Z;-0,04;2;3
1971-01-25 11:00:00Z;-0,05;0;3
1971-01-26 11:00:00Z;-0,05;2;3
1971-01-27 11:00:00Z;-0,06;2;3
1971-01-28 11:00:00Z;-0,06;2;3
1971-01-29 11:00:00Z;-0,07;2;3
1971-01-30 11:00:00Z;-0,07;2;3
1971-01-31 11:00:00Z;-0,08;0;3
1971-02-01 11:00:00Z;-0,01;2;3
1971-02-02 11:00:00Z;0,06;2;3
1971-02-03 11:00:00Z;0,14;2;3
1971-02-04 11:00:00Z;0,21;2;3
1971-02-05 11:00:00Z;0,28;2;3
1971-02-06 11:00:00Z;0,35;0;3
1971-02-07 11:00:00Z;0,31;2;3
1971-02-08 11:00:00Z;0,27;2;3
1971-02-09 11:00:00Z;0,23;2;3
1971-02-10 11:00:00Z;0,18;2;3
1971-02-11 11:00:00Z;0,14;2;3
1971-02-12 11:00:00Z;0,1;2;3
1971-02-13 11:00:00Z;0,06;0;3
1971-02-14 11:00:00Z;0,05;2;3
1971-02-15 11:00:00Z;0,05;2;3
1971-02-16 11:00:00Z;0,04;2;3
1971-02-17 11:00:00Z;0,04;2;3
1971-02-18 11:00:00Z;0,03;2;3
1971-02-19 11:00:00Z;0,03;2;3
1971-02-20 11:00:00Z;0,02;0;3
1971-02-21 11:00:00Z;0,01;2;3
1971-02-22 11:00:00Z;0;2;3
1971-02-23 11:00:00Z;-0,01;2;3
1971-02-24 11:00:00Z;-0,02;2;3
1971-02-25 11:00:00Z;-0,02;2;3
1971-02-26 11:00:00Z;-0,03;2;3
1971-02-27 11:00:00Z;-0,04;2;3
1971-02-28 11:00:00Z;-0,05;0;3
1971-03-01 11:00:00Z;-0,02;2;3
1971-03-02 11:00:00Z;0,02;2;3
1971-03-03 11:00:00Z;0,05;2;3
1971-03-04 11:00:00Z;0,09;2;3
1971-03-05 11:00:00Z;0,12;2;3
1971-03-06 11:00:00Z;0,15;2;3
1971-03-07 11:00:00Z;0,19;2;3
1971-03-08 11:00:00Z;0,22;0;3
1971-03-09 11:00:00Z;0,19;2;3
1971-03-10 11:00:00Z;0,15;2;3
1971-03-11 11:00:00Z;0,12;2;3
1971-03-12 11:00:00Z;0,08;2;3
1971-03-13 11:00:00Z;0,05;2;3
1971-03-14 11:00:00Z;0,01;2;3
1971-03-15 11:00:00Z;-0,02;0;3
1971-03-16 11:00:00Z;-0,03;2;3
1971-03-17 11:00:00Z;-0,05;2;3
1971-03-18 11:00:00Z;-0,06;2;3
1971-03-19 11:00:00Z;-0,08;2;3
1971-03-20 11:00:00Z;-0,09;2;3
1971-03-21 11:00:00Z;-0,11;2;3
1971-03-22 11:00:00Z;-0,12;0;3
1971-03-23 11:00:00Z;-0,14;2;3
1971-03-24 11:00:00Z;-0,17;2;3
1971-03-25 11:00:00Z;-0,19;2;3
1971-03-26 11:00:00Z;-0,22;2;3
1971-03-27 11:00:00Z;-0,24;2;3
1971-03-28 11:00:00Z;-0,27;2;3
1971-03-29 11:00:00Z;-0,29;2;3
1971-03-30 11:00:00Z;-0,32;2;3
1971-03-31 11:00:00Z;-0,34;0;3
1971-04-01 11:00:00Z;-0,34;2;3
1971-04-02 11:00:00Z;-0,33;2;3
1971-04-03 11:00:00Z;-0,33;2;3
1971-04-04 11:00:00Z;-0,32;2;3
1971-04-05 11:00:00Z;-0,32;0;3
1971-04-06 11:00:00Z;-0,32;2;3
1971-04-07 11:00:00Z;-0,31;2;3
1971-04-08 11:00:00Z;-0,31;2;3
1971-04-09 11:00:00Z;-0,3;2;3
1971-04-10 11:00:00Z;-0,3;0;3
1971-04-11 11:00:00Z;-0,25;2;3
1971-04-12 11:00:00Z;-0,21;2;3
1971-04-13 11:00:00Z;-0,16;2;3
1971-04-14 11:00:00Z;-0,11;2;3
1971-04-15 11:00:00Z;-0,07;2;3
1971-04-16 11:00:00Z;-0,02;2;3
1971-04-17 11:00:00Z;0,03;2;3
1971-04-18 11:00:00Z;0,07;2;3
1971-04-19 11:00:00Z;0,12;0;3
1971-04-20 11:00:00Z;0,11;2;3
1971-04-21 11:00:00Z;0,1;2;3
1971-04-22 11:00:00Z;0,09;2;3
1971-04-23 11:00:00Z;0,09;2;3
1971-04-24 11:00:00Z;0,08;2;3
1971-04-25 11:00:00Z;0,07;2;3
1971-04-26 11:00:00Z;0,06;0;3
1971-04-27 11:00:00Z;0,05;2;3
1971-04-28 11:00:00Z;0,04;2;3
1971-04-29 11:00:00Z;0,03;2;3
1971-04-30 11:00:00Z;0,02;0;3
1971-05-01 11:00:00Z;0,15;2;3
1971-05-02 11:00:00Z;0,29;2;3
1971-05-03 11:00:00Z;0,42;0;3
1971-05-04 11:00:00Z;0,37;2;3
1971-05-05 11:00:00Z;0,32;2;3
1971-05-06 11:00:00Z;0,27;2;3
1971-05-07 11:00:00Z;0,23;2;3
1971-05-08 11:00:00Z;0,18;2;3
1971-05-09 11:00:00Z;0,13;2;3
1971-05-10 11:00:00Z;0,08;0;3
1971-05-11 11:00:00Z;0,08;2;3
1971-05-12 11:00:00Z;0,07;2;3
1971-05-13 11:00:00Z;0,07;2;3
1971-05-14 11:00:00Z;0,06;2;3
1971-05-15 11:00:00Z;0,06;2;3
1971-05-16 11:00:00Z;0,05;2;3
1971-05-17 11:00:00Z;0,05;0;3
1971-05-18 11:00:00Z;0,05;2;3
1971-05-19 11:00:00Z;0,04;2;3
1971-05-20 11:00:00Z;0,04;2;3
1971-05-21 11:00:00Z;0,03;2;3
1971-05-22 11:00:00Z;0,03;2;3
1971-05-23 11:00:00Z;0,02;2;3
1971-05-24 11:00:00Z;0,02;0;3
1971-05-25 11:00:00Z;0;2;3
1971-05-26 11:00:00Z;-0,03;2;3
1971-05-27 11:00:00Z;-0,05;2;3
1971-05-28 11:00:00Z;-0,08;2;3
1971-05-29 11:00:00Z;-0,1;2;3
1971-05-30 11:00:00Z;-0,13;2;3
1971-05-31 11:00:00Z;-0,15;0;3
1971-06-01 11:00:00Z;-0,17;2;3
1971-06-02 11:00:00Z;-0,2;2;3
1971-06-03 11:00:00Z;-0,22;2;3
1971-06-04 11:00:00Z;-0,25;2;3
1971-06-05 11:00:00Z;-0,27;2;3
1971-06-06 11:00:00Z;-0,3;2;3
1971-06-07 11:00:00Z;-0,32;0;3
1971-06-08 11:00:00Z;-0,36;2;3
1971-06-09 11:00:00Z;-0,39;2;3
1971-06-10 11:00:00Z;-0,43;2;3
1971-06-11 11:00:00Z;-0,46;2;3
1971-06-12 11:00:00Z;-0,5;2;3
1971-06-13 11:00:00Z;-0,53;2;3
1971-06-14 11:00:00Z;-0,57;0;3
1971-06-15 11:00:00Z;-0,52;2;3
1971-06-16 11:00:00Z;-0,47;2;3
1971-06-17 11:00:00Z;-0,42;2;3
1971-06-18 11:00:00Z;-0,38;2;3
1971-06-19 11:00:00Z;-0,33;2;3
1971-06-20 11:00:00Z;-0,28;2;3
1971-06-21 11:00:00Z;-0,23;0;3
1971-06-22 11:00:00Z;-0,27;2;3
1971-06-23 11:00:00Z;-0,31;2;3
1971-06-24 11:00:00Z;-0,35;2;3
1971-06-25 11:00:00Z;-0,39;2;3
1971-06-26 11:00:00Z;-0,43;0;3
1971-06-27 11:00:00Z;-0,42;2;3
1971-06-28 11:00:00Z;-0,4;2;3
1971-06-29 11:00:00Z;-0,38;2;3
1971-06-30 11:00:00Z;-0,37;0;3
1971-07-01 11:00:00Z;-0,36;2;3
1971-07-02 11:00:00Z;-0,35;2;3
1971-07-03 11:00:00Z;-0,34;2;3
1971-07-04 11:00:00Z;-0,33;2;3
1971-07-05 11:00:00Z;-0,32;0;3
1971-07-06 11:00:00Z;-0,26;2;3
1971-07-07 11:00:00Z;-0,2;2;3
1971-07-08 11:00:00Z;-0,14;2;3
1971-07-09 11:00:00Z;-0,07;2;3
1971-07-10 11:00:00Z;-0,01;2;3
1971-07-11 11:00:00Z;0,05;2;3
1971-07-12 11:00:00Z;0,11;0;3
1971-07-13 11:00:00Z;0,11;2;3
1971-07-14 11:00:00Z;0,1;2;3
1971-07-15 11:00:00Z;0,1;2;3
1971-07-16 11:00:00Z;0,1;2;3
1971-07-17 11:00:00Z;0,1;2;3
1971-07-18 11:00:00Z;0,09;2;3
1971-07-19 11:00:00Z;0,09;0;3
1971-07-20 11:00:00Z;0,09;2;3
1971-07-21 11:00:00Z;0,08;2;3
1971-07-22 11:00:00Z;0,08;2;3
1971-07-23 11:00:00Z;0,08;2;3
1971-07-24 11:00:00Z;0,08;2;3
1971-07-25 11:00:00Z;0,07;2;3
1971-07-26 11:00:00Z;0,07;0;3
1971-07-27 11:00:00Z;0,02;2;3
1971-07-28 11:00:00Z;-0,03;2;3
1971-07-29 11:00:00Z;-0,07;2;3
1971-07-30 11:00:00Z;-0,12;2;3
1971-07-31 11:00:00Z;-0,17;0;3
1971-08-01 11:00:00Z;-0,2;2;3
1971-08-02 11:00:00Z;-0,24;2;3
1971-08-03 11:00:00Z;-0,27;0;3
1971-08-04 11:00:00Z;-0,35;2;3
1971-08-05 11:00:00Z;-0,43;2;3
1971-08-06 11:00:00Z;-0,5;2;3
1971-08-07 11:00:00Z;-0,58;2;3
1971-08-08 11:00:00Z;-0,66;2;3
1971-08-09 11:00:00Z;-0,74;0;3
1971-08-10 11:00:00Z;-0,79;2;3
1971-08-11 11:00:00Z;-0,84;2;3
1971-08-12 11:00:00Z;-0,89;2;3
1971-08-13 11:00:00Z;-0,93;2;3
1971-08-14 11:00:00Z;-0,98;2;3
1971-08-15 11:00:00Z;-1,03;2;3
1971-08-16 11:00:00Z;-1,08;0;3
1971-08-17 11:00:00Z;-1,12;2;3
1971-08-18 11:00:00Z;-1,15;2;3
1971-08-19 11:00:00Z;-1,19;2;3
1971-08-20 11:00:00Z;-1,23;2;3
1971-08-21 11:00:00Z;-1,27;2;3
1971-08-22 11:00:00Z;-1,3;2;3
1971-08-23 11:00:00Z;-1,34;0;3
1971-08-24 11:00:00Z;-1,43;2;3
1971-08-25 11:00:00Z;-1,52;2;3
1971-08-26 11:00:00Z;-1,62;2;3
1971-08-27 11:00:00Z;-1,71;2;3
1971-08-28 11:00:00Z;-1,8;0;3
1971-08-29 11:00:00Z;-1,82;2;3
1971-08-30 11:00:00Z;-1,85;2;3
1971-08-31 11:00:00Z;-1,87;0;3
1971-09-01 11:00:00Z;-1,97;2;3
1971-09-02 11:00:00Z;-2,06;2;3
1971-09-03 11:00:00Z;-2,15;2;3
1971-09-04 11:00:00Z;-2,25;0;3
1971-09-05 11:00:00Z;-2,17;2;3
1971-09-06 11:00:00Z;-2,1;0;3
1971-09-07 11:00:00Z;-2,09;2;3
1971-09-08 11:00:00Z;-2,08;2;3
1971-09-09 11:00:00Z;-2,06;2;3
1971-09-10 11:00:00Z;-2,05;2;3
1971-09-11 11:00:00Z;-2,04;0;3
1971-09-12 11:00:00Z;-2,03;2;3
1971-09-13 11:00:00Z;-2,03;2;3
1971-09-14 11:00:00Z;-2,02;2;3
1971-09-15 11:00:00Z;-2,02;2;3
1971-09-16 11:00:00Z;-2,01;2;3
1971-09-17 11:00:00Z;-2,01;2;3
1971-09-18 11:00:00Z;-2;0;3
1971-09-19 11:00:00Z;-1,9;2;3
1971-09-20 11:00:00Z;-1,81;2;3
1971-09-21 11:00:00Z;-1,71;2;3
1971-09-22 11:00:00Z;-1,61;2;3
1971-09-23 11:00:00Z;-1,51;2;3
1971-09-24 11:00:00Z;-1,42;2;3
1971-09-25 11:00:00Z;-1,32;0;3
1971-09-26 11:00:00Z;-1,13;0;3
1971-09-27 11:00:00Z;-1,12;2;3
1971-09-28 11:00:00Z;-1,1;2;3
1971-09-29 11:00:00Z;-1,09;2;3
1971-09-30 11:00:00Z;-1,07;0;3
1971-10-01 11:00:00Z;-0,97;2;3
1971-10-02 11:00:00Z;-0,87;2;3
1971-10-03 11:00:00Z;-0,76;2;3
1971-10-04 11:00:00Z;-0,66;0;3
1971-10-05 11:00:00Z;-0,33;2;3
1971-10-06 11:00:00Z;0,01;2;3
1971-10-07 11:00:00Z;0,34;0;3
1971-10-08 11:00:00Z;0,28;2;3
1971-10-09 11:00:00Z;0,22;2;3
1971-10-10 11:00:00Z;0,17;2;3
1971-10-11 11:00:00Z;0,11;0;3
1971-10-12 11:00:00Z;0,1;2;3
1971-10-13 11:00:00Z;0,09;2;3
1971-10-14 11:00:00Z;0,07;2;3
1971-10-15 11:00:00Z;0,06;2;3
1971-10-16 11:00:00Z;0,05;0;3
1971-10-17 11:00:00Z;0,1;2;3
1971-10-18 11:00:00Z;0,16;2;3
1971-10-19 11:00:00Z;0,21;2;3
1971-10-20 11:00:00Z;0,27;2;3
1971-10-21 11:00:00Z;0,32;0;3
1971-10-22 11:00:00Z;0,29;2;3
1971-10-23 11:00:00Z;0,25;2;3
1971-10-24 11:00:00Z;0,22;0;3
1971-10-25 11:00:00Z;0,2;2;3
1971-10-26 11:00:00Z;0,18;2;3
1971-10-27 11:00:00Z;0,16;2;3
1971-10-28 11:00:00Z;0,14;2;3
1971-10-29 11:00:00Z;0,12;2;3
1971-10-30 11:00:00Z;0,1;2;3
1971-10-31 11:00:00Z;0,08;0;3
1971-11-01 11:00:00Z;0,08;2;3
1971-11-02 11:00:00Z;0,08;2;3
1971-11-03 11:00:00Z;0,08;2;3
1971-11-04 11:00:00Z;0,08;2;3
1971-11-05 11:00:00Z;0,08;2;3
1971-11-06 11:00:00Z;0,08;0;3
1971-11-07 11:00:00Z;0,09;2;3
1971-11-08 11:00:00Z;0,09;2;3
1971-11-09 11:00:00Z;0,09;2;3
1971-11-10 11:00:00Z;0,1;2;3
1971-11-11 11:00:00Z;0,1;2;3
1971-11-12 11:00:00Z;0,11;2;3
1971-11-13 11:00:00Z;0,11;2;3
1971-11-14 11:00:00Z;0,12;0;3
1971-11-15 11:00:00Z;0,11;2;3
1971-11-16 11:00:00Z;0,09;2;3
1971-11-17 11:00:00Z;0,08;2;3
1971-11-18 11:00:00Z;0,07;2;3
1971-11-19 11:00:00Z;0,05;2;3
1971-11-20 11:00:00Z;0,04;0;3
1971-11-21 11:00:00Z;0,08;2;3
1971-11-22 11:00:00Z;0,12;2;3
1971-11-23 11:00:00Z;0,16;2;3
1971-11-24 11:00:00Z;0,21;2;3
1971-11-25 11:00:00Z;0,25;2;3
1971-11-26 11:00:00Z;0,29;2;3
1971-11-27 11:00:00Z;0,33;0;3
1971-11-28 11:00:00Z;0,26;2;3
1971-11-29 11:00:00Z;0,18;2;3
1971-11-30 11:00:00Z;0,11;0;3
1971-12-01 11:00:00Z;0,1;2;3
1971-12-02 11:00:00Z;0,09;2;3
1971-12-03 11:00:00Z;0,09;2;3
1971-12-04 11:00:00Z;0,08;0;3
1971-12-05 11:00:00Z;0,2;2;3
1971-12-06 11:00:00Z;0,32;0;3
1971-12-07 11:00:00Z;0,28;2;3
1971-12-08 11:00:00Z;0,24;2;3
1971-12-09 11:00:00Z;0,21;2;3
1971-12-10 11:00:00Z;0,17;2;3
1971-12-11 11:00:00Z;0,13;0;3
1971-12-12 11:00:00Z;0,13;2;3
1971-12-13 11:00:00Z;0,13;2;3
1971-12-14 11:00:00Z;0,13;2;3
1971-12-15 11:00:00Z;0,14;2;3
1971-12-16 11:00:00Z;0,14;2;3
1971-12-17 11:00:00Z;0,14;2;3
1971-12-18 11:00:00Z;0,14;0;3
1971-12-19 11:00:00Z;0,14;2;3
1971-12-20 11:00:00Z;0,13;2;3
1971-12-21 11:00:00Z;0,13;2;3
1971-12-22 11:00:00Z;0,13;2;3
1971-12-23 11:00:00Z;0,12;2;3
1971-12-24 11:00:00Z;0,12;0;3
1971-12-25 11:00:00Z;0,11;2;3
1971-12-26 11:00:00Z;0,11;2;3
1971-12-27 11:00:00Z;0,1;2;3
1971-12-28 11:00:00Z;0,09;2;3
1971-12-29 11:00:00Z;0,08;2;3
1971-12-30 11:00:00Z;0,08;2;3
1971-12-31 11:00:00Z;0,07;0;3
1972-01-01 11:00:00Z;0,05;2;3
1972-01-02 11:00:00Z;0,04;2;3
1972-01-03 11:00:00Z;0,02;2;3
1972-01-04 11:00:00Z;0;2;3
1972-01-05 11:00:00Z;-0,02;2;3
1972-01-06 11:00:00Z;-0,04;2;3
1972-01-07 11:00:00Z;-0,05;2;3
1972-01-08 11:00:00Z;-0,07;0;3
1972-01-09 11:00:00Z;-0,15;2;3
1972-01-10 11:00:00Z;-0,22;2;3
1972-01-11 11:00:00Z;-0,3;2;3
1972-01-12 11:00:00Z;-0,38;2;3
1972-01-13 11:00:00Z;-0,46;2;3
1972-01-14 11:00:00Z;-0,53;2;3
1972-01-15 11:00:00Z;-0,61;0;3
1972-01-16 11:00:00Z;-0,7;2;3
1972-01-17 11:00:00Z;-0,79;2;3
1972-01-18 11:00:00Z;-0,88;2;3
1972-01-19 11:00:00Z;-0,98;2;3
1972-01-20 11:00:00Z;-1,07;2;3
1972-01-21 11:00:00Z;-1,16;2;3
1972-01-22 11:00:00Z;-1,25;0;3
1972-01-23 11:00:00Z;-1,34;2;3
1972-01-24 11:00:00Z;-1,43;2;3
1972-01-25 11:00:00Z;-1,52;2;3
1972-01-26 11:00:00Z;-1,62;2;3
1972-01-27 11:00:00Z;-1,71;2;3
1972-01-28 11:00:00Z;-1,8;2;3
1972-01-29 11:00:00Z;-1,89;0;3
1972-01-30 11:00:00Z;-1,99;2;3
1972-01-31 11:00:00Z;-2,1;2;3
1972-02-01 11:00:00Z;-2,2;2;3
1972-02-02 11:00:00Z;-2,3;2;3
1972-02-03 11:00:00Z;-2,4;2;3
1972-02-04 11:00:00Z;-2,51;2;3
1972-02-05 11:00:00Z;-2,61;0;3
1972-02-06 11:00:00Z;-2,69;2;3
1972-02-07 11:00:00Z;-2,76;2;3
1972-02-08 11:00:00Z;-2,84;2;3
1972-02-09 11:00:00Z;-2,91;2;3
1972-02-10 11:00:00Z;-2,99;2;3
1972-02-11 11:00:00Z;-3,06;2;3
1972-02-12 11:00:00Z;-3,14;0;3
1972-02-13 11:00:00Z;-3,18;2;3
1972-02-14 11:00:00Z;-3,23;2;3
1972-02-15 11:00:00Z;-3,27;2;3
1972-02-16 11:00:00Z;-3,31;2;3
1972-02-17 11:00:00Z;-3,35;2;3
1972-02-18 11:00:00Z;-3,4;2;3
1972-02-19 11:00:00Z;-3,44;0;3
1972-02-20 11:00:00Z;-3,46;2;3
1972-02-21 11:00:00Z;-3,49;2;3
1972-02-22 11:00:00Z;-3,51;2;3
1972-02-23 11:00:00Z;-3,53;2;3
1972-02-24 11:00:00Z;-3,55;2;3
1972-02-25 11:00:00Z;-3,58;2;3
1972-02-26 11:00:00Z;-3,6;0;3
1972-02-27 11:00:00Z;-3,58;2;3
1972-02-28 11:00:00Z;-3,56;2;3
1972-02-29 11:00:00Z;-3,54;2;3
1972-03-01 11:00:00Z;-3,52;2;3
1972-03-02 11:00:00Z;-3,5;2;3
1972-03-03 11:00:00Z;-3,47;2;3
1972-03-04 11:00:00Z;-3,45;2;3
1972-03-05 11:00:00Z;-3,43;2;3
1972-03-06 11:00:00Z;-3,41;2;3
1972-03-07 11:00:00Z;-3,39;2;3
1972-03-08 11:00:00Z;-3,37;0;3
1972-03-09 11:00:00Z;-3,35;2;3
1972-03-10 11:00:00Z;-3,32;2;3
1972-03-11 11:00:00Z;-3,3;2;3
1972-03-12 11:00:00Z;-3,28;2;3
1972-03-13 11:00:00Z;-3,26;2;3
1972-03-14 11:00:00Z;-3,23;2;3
1972-03-15 11:00:00Z;-3,21;2;3
1972-03-16 11:00:00Z;-3,19;2;3
1972-03-17 11:00:00Z;-3,16;2;3
1972-03-18 11:00:00Z;-3,14;0;3
1972-03-19 11:00:00Z;-3,13;2;3
1972-03-20 11:00:00Z;-3,12;2;3
1972-03-21 11:00:00Z;-3,11;2;3
1972-03-22 11:00:00Z;-3,1;2;3
1972-03-23 11:00:00Z;-3,09;2;3
1972-03-24 11:00:00Z;-3,08;2;3
1972-03-25 11:00:00Z;-3,07;0;3
1972-03-26 11:00:00Z;-3,05;2;3
1972-03-27 11:00:00Z;-3,03;2;3
1972-03-28 11:00:00Z;-3,01;2;3
1972-03-29 11:00:00Z;-3;2;3
1972-03-30 11:00:00Z;-2,98;2;3
1972-03-31 11:00:00Z;-2,96;0;3
1972-04-01 11:00:00Z;-2,96;2;3
1972-04-02 11:00:00Z;-2,95;2;3
1972-04-03 11:00:00Z;-2,95;2;3
1972-04-04 11:00:00Z;-2,95;2;3
1972-04-05 11:00:00Z;-2,94;2;3
1972-04-06 11:00:00Z;-2,94;2;3
1972-04-07 11:00:00Z;-2,93;2;3
1972-04-08 11:00:00Z;-2,93;0;3
1972-04-09 11:00:00Z;-2,89;2;3
1972-04-10 11:00:00Z;-2,86;2;3
1972-04-11 11:00:00Z;-2,83;2;3
1972-04-12 11:00:00Z;-2,79;2;3
1972-04-13 11:00:00Z;-2,76;2;3
1972-04-14 11:00:00Z;-2,72;2;3
1972-04-15 11:00:00Z;-2,68;2;3
1972-04-16 11:00:00Z;-2,65;2;3
1972-04-17 11:00:00Z;-2,62;2;3
1972-04-18 11:00:00Z;-2,58;2;3
1972-04-19 11:00:00Z;-2,55;2;3
1972-04-20 11:00:00Z;-2,51;2;3
1972-04-21 11:00:00Z;-2,48;2;3
1972-04-22 11:00:00Z;-2,44;2;3
1972-04-23 11:00:00Z;-2,41;2;3
1972-04-24 11:00:00Z;-2,37;2;3
1972-04-25 11:00:00Z;-2,34;2;3
1972-04-26 11:00:00Z;-2,3;2;3
1972-04-27 11:00:00Z;-2,27;2;3
1972-04-28 11:00:00Z;-2,23;2;3
1972-04-29 11:00:00Z;-2,2;2;3
1972-04-30 11:00:00Z;-2,16;0;3
1972-05-01 11:00:00Z;-2,17;2;3
1972-05-02 11:00:00Z;-2,18;2;3
1972-05-03 11:00:00Z;-2,2;2;3
1972-05-04 11:00:00Z;-2,21;2;3
1972-05-05 11:00:00Z;-2,22;2;3
1972-05-06 11:00:00Z;-2,23;2;3
1972-05-07 11:00:00Z;-2,24;2;3
1972-05-08 11:00:00Z;-2,25;2;3
1972-05-09 11:00:00Z;-2,27;2;3
1972-05-10 11:00:00Z;-2,28;2;3
1972-05-11 11:00:00Z;-2,29;0;3
1972-05-12 11:00:00Z;-2,32;2;3
1972-05-13 11:00:00Z;-2,35;2;3
1972-05-14 11:00:00Z;-2,38;2;3
1972-05-15 11:00:00Z;-2,4;2;3
1972-05-16 11:00:00Z;-2,43;2;3
1972-05-17 11:00:00Z;-2,46;2;3
1972-05-18 11:00:00Z;-2,49;2;3
1972-05-19 11:00:00Z;-2,52;2;3
1972-05-20 11:00:00Z;-2,55;2;3
1972-05-21 11:00:00Z;-2,57;2;3
1972-05-22 11:00:00Z;-2,6;2;3
1972-05-23 11:00:00Z;-2,63;2;3
1972-05-24 11:00:00Z;-2,66;2;3
1972-05-25 11:00:00Z;-2,69;2;3
1972-05-26 11:00:00Z;-2,72;2;3
1972-05-27 11:00:00Z;-2,75;2;3
1972-05-28 11:00:00Z;-2,77;2;3
1972-05-29 11:00:00Z;-2,8;2;3
1972-05-30 11:00:00Z;-2,83;2;3
1972-05-31 11:00:00Z;-2,86;0;3
1972-06-01 11:00:00Z;-2,88;2;3
1972-06-02 11:00:00Z;-2,89;2;3
1972-06-03 11:00:00Z;-2,91;2;3
1972-06-04 11:00:00Z;-2,93;2;3
1972-06-05 11:00:00Z;-2,95;2;3
1972-06-06 11:00:00Z;-2,96;2;3
1972-06-07 11:00:00Z;-2,98;2;3
1972-06-08 11:00:00Z;-3;0;3
1972-06-09 11:00:00Z;-3,02;2;3
1972-06-10 11:00:00Z;-3,05;2;3
1972-06-11 11:00:00Z;-3,07;2;3
1972-06-12 11:00:00Z;-3,09;2;3
1972-06-13 11:00:00Z;-3,11;2;3
1972-06-14 11:00:00Z;-3,13;2;3
1972-06-15 11:00:00Z;-3,16;2;3
1972-06-16 11:00:00Z;-3,18;2;3
1972-06-17 11:00:00Z;-3,2;2;3
1972-06-18 11:00:00Z;-3,22;2;3
1972-06-19 11:00:00Z;-3,25;2;3
1972-06-20 11:00:00Z;-3,27;2;3
1972-06-21 11:00:00Z;-3,29;2;3
1972-06-22 11:00:00Z;-3,31;2;3
1972-06-23 11:00:00Z;-3,34;2;3
1972-06-24 11:00:00Z;-3,36;0;3
1972-06-25 11:00:00Z;-3,39;2;3
1972-06-26 11:00:00Z;-3,42;2;3
1972-06-27 11:00:00Z;-3,44;2;3
1972-06-28 11:00:00Z;-3,47;2;3
1972-06-29 11:00:00Z;-3,5;2;3
1972-06-30 11:00:00Z;-3,53;0;3
1972-07-01 11:00:00Z;-3,56;2;3
1972-07-02 11:00:00Z;-3,59;2;3
1972-07-03 11:00:00Z;-3,62;2;3
1972-07-04 11:00:00Z;-3,64;2;3
1972-07-05 11:00:00Z;-3,67;2;3
1972-07-06 11:00:00Z;-3,7;2;3
1972-07-07 11:00:00Z;-3,73;2;3
1972-07-08 11:00:00Z;-3,76;0;3
1972-07-09 11:00:00Z;-3,76;2;3
1972-07-10 11:00:00Z;-3,76;2;3
1972-07-11 11:00:00Z;-3,76;2;3
1972-07-12 11:00:00Z;-3,76;2;3
1972-07-13 11:00:00Z;-3,76;2;3
1972-07-14 11:00:00Z;-3,76;2;3
1972-07-15 11:00:00Z;-3,76;2;3
1972-07-16 11:00:00Z;-3,76;2;3
1972-07-17 11:00:00Z;-3,76;2;3
1972-07-18 11:00:00Z;-3,76;2;3
1972-07-19 11:00:00Z;-3,76;2;3
1972-07-20 11:00:00Z;-3,76;2;3
1972-07-21 11:00:00Z;-3,76;2;3
1972-07-22 11:00:00Z;-3,76;2;3
1972-07-23 11:00:00Z;-3,76;2;3
1972-07-24 11:00:00Z;-3,76;2;3
1972-07-25 11:00:00Z;-3,76;2;3
1972-07-26 11:00:00Z;-3,76;2;3
1972-07-27 11:00:00Z;-3,76;2;3
1972-07-28 11:00:00Z;-3,76;2;3
1972-07-29 11:00:00Z;-3,76;2;3
1972-07-30 11:00:00Z;-3,76;2;3
1972-07-31 11:00:00Z;-3,76;2;3
1972-08-01 11:00:00Z;-3,76;0;3
1972-08-02 11:00:00Z;-3,76;2;3
1972-08-03 11:00:00Z;-3,76;2;3
1972-08-04 11:00:00Z;-3,76;2;3
1972-08-05 11:00:00Z;-3,76;2;3
1972-08-06 11:00:00Z;-3,76;2;3
1972-08-07 11:00:00Z;-3,76;2;3
1972-08-08 11:00:00Z;-3,76;2;3
1972-08-09 11:00:00Z;-3,76;2;3
1972-08-10 11:00:00Z;-3,76;2;3
1972-08-11 11:00:00Z;-3,76;2;3
1972-08-12 11:00:00Z;-3,76;2;3
1972-08-13 11:00:00Z;-3,76;2;3
1972-08-14 11:00:00Z;-3,76;2;3
1972-08-15 11:00:00Z;-3,76;2;3
1972-08-16 11:00:00Z;-3,76;2;3
1972-08-17 11:00:00Z;-3,76;2;3
1972-08-18 11:00:00Z;-3,76;2;3
1972-08-19 11:00:00Z;-3,76;2;3
1972-08-20 11:00:00Z;-3,76;2;3
1972-08-21 11:00:00Z;-3,76;2;3
1972-08-22 11:00:00Z;-3,76;2;3
1972-08-23 11:00:00Z;-3,76;2;3
1972-08-24 11:00:00Z;-3,76;2;3
1972-08-25 11:00:00Z;-3,76;2;3
1972-08-26 11:00:00Z;-3,76;2;3
1972-08-27 11:00:00Z;-3,76;2;3
1972-08-28 11:00:00Z;-3,76;2;3
1972-08-29 11:00:00Z;-3,76;2;3
1972-08-30 11:00:00Z;-3,76;2;3
1972-08-31 11:00:00Z;-3,76;0;3
1972-09-01 11:00:00Z;-3,49;2;3
1972-09-02 11:00:00Z;-3,22;2;3
1972-09-03 11:00:00Z;-2,95;2;3
1972-09-04 11:00:00Z;-2,67;2;3
1972-09-05 11:00:00Z;-2,4;2;3
1972-09-06 11:00:00Z;-2,13;2;3
1972-09-07 11:00:00Z;-1,86;0;3
1972-09-08 11:00:00Z;-1,86;2;3
1972-09-09 11:00:00Z;-1,85;2;3
1972-09-10 11:00:00Z;-1,85;2;3
1972-09-11 11:00:00Z;-1,84;2;3
1972-09-12 11:00:00Z;-1,84;2;3
1972-09-13 11:00:00Z;-1,83;2;3
1972-09-14 11:00:00Z;-1,83;2;3
1972-09-15 11:00:00Z;-1,82;2;3
1972-09-16 11:00:00Z;-1,82;0;3
1972-09-17 11:00:00Z;-1,79;2;3
1972-09-18 11:00:00Z;-1,75;2;3
1972-09-19 11:00:00Z;-1,72;2;3
1972-09-20 11:00:00Z;-1,68;2;3
1972-09-21 11:00:00Z;-1,64;2;3
1972-09-22 11:00:00Z;-1,61;2;3
1972-09-23 11:00:00Z;-1,58;2;3
1972-09-24 11:00:00Z;-1,54;2;3
1972-09-25 11:00:00Z;-1,5;2;3
1972-09-26 11:00:00Z;-1,47;0;3
1972-09-27 11:00:00Z;-1,52;2;3
1972-09-28 11:00:00Z;-1,58;2;3
1972-09-29 11:00:00Z;-1,63;2;3
1972-09-30 11:00:00Z;-1,68;0;3
1972-10-01 11:00:00Z;-1,69;2;3
1972-10-02 11:00:00Z;-1,7;2;3
1972-10-03 11:00:00Z;-1,71;2;3
1972-10-04 11:00:00Z;-1,72;2;3
1972-10-05 11:00:00Z;-1,73;0;3
1972-10-06 11:00:00Z;-1,68;2;3
1972-10-07 11:00:00Z;-1,64;2;3
1972-10-08 11:00:00Z;-1,59;2;3
1972-10-09 11:00:00Z;-1,54;2;3
1972-10-10 11:00:00Z;-1,49;2;3
1972-10-11 11:00:00Z;-1,45;2;3
1972-10-12 11:00:00Z;-1,4;0;3
1972-10-13 11:00:00Z;-1,27;2;3
1972-10-14 11:00:00Z;-1,15;2;3
1972-10-15 11:00:00Z;-1,02;2;3
1972-10-16 11:00:00Z;-0,9;2;3
1972-10-17 11:00:00Z;-0,77;2;3
1972-10-18 11:00:00Z;-0,65;2;3
1972-10-19 11:00:00Z;-0,52;2;3
1972-10-20 11:00:00Z;-0,4;0;3
1972-10-21 11:00:00Z;-0,35;2;3
1972-10-22 11:00:00Z;-0,3;2;3
1972-10-23 11:00:00Z;-0,25;2;3
1972-10-24 11:00:00Z;-0,21;2;3
1972-10-25 11:00:00Z;-0,16;2;3
1972-10-26 11:00:00Z;-0,11;0;3
1972-10-27 11:00:00Z;-0,1;2;3
1972-10-28 11:00:00Z;-0,1;2;3
1972-10-29 11:00:00Z;-0,09;2;3
1972-10-30 11:00:00Z;-0,09;2;3
1972-10-31 11:00:00Z;-0,08;0;3
1972-11-01 11:00:00Z;-0,04;2;3
1972-11-02 11:00:00Z;0;2;3
1972-11-03 11:00:00Z;0,04;2;3
1972-11-04 11:00:00Z;0,08;2;3
1972-11-05 11:00:00Z;0,12;2;3
1972-11-06 11:00:00Z;0,16;0;3
1972-11-07 11:00:00Z;0,15;2;3
1972-11-08 11:00:00Z;0,13;2;3
1972-11-09 11:00:00Z;0,12;2;3
1972-11-10 11:00:00Z;0,1;2;3
1972-11-11 11:00:00Z;0,09;2;3
1972-11-12 11:00:00Z;0,07;2;3
1972-11-13 11:00:00Z;0,06;0;3
1972-11-14 11:00:00Z;0,06;2;3
1972-11-15 11:00:00Z;0,06;2;3
1972-11-16 11:00:00Z;0,06;2;3
1972-11-17 11:00:00Z;0,05;2;3
1972-11-18 11:00:00Z;0,05;2;3
1972-11-19 11:00:00Z;0,05;2;3
1972-11-20 11:00:00Z;0,05;0;3
1972-11-21 11:00:00Z;0,07;2;3
1972-11-22 11:00:00Z;0,09;2;3
1972-11-23 11:00:00Z;0,11;2;3
1972-11-24 11:00:00Z;0,14;2;3
1972-11-25 11:00:00Z;0,16;2;3
1972-11-26 11:00:00Z;0,18;2;3
1972-11-27 11:00:00Z;0,2;2;3
1972-11-28 11:00:00Z;0,22;0;3
1972-11-29 11:00:00Z;0,2;2;3
1972-11-30 11:00:00Z;0,19;0;3
1972-12-01 11:00:00Z;0,16;2;3
1972-12-02 11:00:00Z;0,12;2;3
1972-12-03 11:00:00Z;0,09;2;3
1972-12-04 11:00:00Z;0,06;0;3
1972-12-05 11:00:00Z;0,06;2;3
1972-12-06 11:00:00Z;0,06;0;3
1972-12-07 11:00:00Z;0,04;2;3
1972-12-08 11:00:00Z;0,01;2;3
1972-12-09 11:00:00Z;-0,01;2;3
1972-12-10 11:00:00Z;-0,04;2;3
1972-12-11 11:00:00Z;-0,06;0;3
1972-12-12 11:00:00Z;-0,04;2;3
1972-12-13 11:00:00Z;-0,03;2;3
1972-12-14 11:00:00Z;-0,01;2;3
1972-12-15 11:00:00Z;0;2;3
1972-12-16 11:00:00Z;0,02;2;3
1972-12-17 11:00:00Z;0,03;2;3
1972-12-18 11:00:00Z;0,05;0;3
1972-12-19 11:00:00Z;-0,01;2;3
1972-12-20 11:00:00Z;-0,08;2;3
1972-12-21 11:00:00Z;-0,14;2;3
1972-12-22 11:00:00Z;-0,21;2;3
1972-12-23 11:00:00Z;-0,27;2;3
1972-12-24 11:00:00Z;-0,33;2;3
1972-12-25 11:00:00Z;-0,4;2;3
1972-12-26 11:00:00Z;-0,46;2;3
1972-12-27 11:00:00Z;-0,53;2;3
1972-12-28 11:00:00Z;-0,59;0;3
1972-12-29 11:00:00Z;-0,65;2;3
1972-12-30 11:00:00Z;-0,72;2;3
1972-12-31 11:00:00Z;-0,78;0;3
1973-01-01 11:00:00Z;-0,85;2;3
1973-01-02 11:00:00Z;-0,93;2;3
1973-01-03 11:00:00Z;-1;0;3
1973-01-04 11:00:00Z;-0,85;2;3
1973-01-05 11:00:00Z;-0,7;2;3
1973-01-06 11:00:00Z;-0,56;2;3
1973-01-07 11:00:00Z;-0,41;2;3
1973-01-08 11:00:00Z;-0,26;2;3
1973-01-09 11:00:00Z;-0,11;2;3
1973-01-10 11:00:00Z;0,03;2;3
1973-01-11 11:00:00Z;0,18;0;3
1973-01-12 11:00:00Z;0,15;2;3
1973-01-13 11:00:00Z;0,12;2;3
1973-01-14 11:00:00Z;0,08;2;3
1973-01-15 11:00:00Z;0,05;2;3
1973-01-16 11:00:00Z;0,02;0;3
1973-01-17 11:00:00Z;-0,01;2;3
1973-01-18 11:00:00Z;-0,04;2;3
1973-01-19 11:00:00Z;-0,07;2;3
1973-01-20 11:00:00Z;-0,1;2;3
1973-01-21 11:00:00Z;-0,13;2;3
1973-01-22 11:00:00Z;-0,16;0;3
1973-01-23 11:00:00Z;-0,24;2;3
1973-01-24 11:00:00Z;-0,31;2;3
1973-01-25 11:00:00Z;-0,39;2;3
1973-01-26 11:00:00Z;-0,46;2;3
1973-01-27 11:00:00Z;-0,54;2;3
1973-01-28 11:00:00Z;-0,61;2;3
1973-01-29 11:00:00Z;-0,69;2;3
1973-01-30 11:00:00Z;-0,76;2;3
1973-01-31 11:00:00Z;-0,84;0;3
1973-02-01 11:00:00Z;-0,86;2;3
1973-02-02 11:00:00Z;-0,88;2;3
1973-02-03 11:00:00Z;-0,9;0;3
1973-02-04 11:00:00Z;-0,79;2;3
1973-02-05 11:00:00Z;-0,67;2;3
1973-02-06 11:00:00Z;-0,56;2;3
1973-02-07 11:00:00Z;-0,44;2;3
1973-02-08 11:00:00Z;-0,33;2;3
1973-02-09 11:00:00Z;-0,21;2;3
1973-02-10 11:00:00Z;-0,1;0;3
1973-02-11 11:00:00Z;-0,11;2;3
1973-02-12 11:00:00Z;-0,12;2;3
1973-02-13 11:00:00Z;-0,14;2;3
1973-02-14 11:00:00Z;-0,15;2;3
1973-02-15 11:00:00Z;-0,16;2;3
1973-02-16 11:00:00Z;-0,17;0;3
1973-02-17 11:00:00Z;-0,21;2;3
1973-02-18 11:00:00Z;-0,25;2;3
1973-02-19 11:00:00Z;-0,28;2;3
1973-02-20 11:00:00Z;-0,32;2;3
1973-02-21 11:00:00Z;-0,36;2;3
1973-02-22 11:00:00Z;-0,4;0;3
1973-02-23 11:00:00Z;-0,45;2;3
1973-02-24 11:00:00Z;-0,5;2;3
1973-02-25 11:00:00Z;-0,55;2;3
1973-02-26 11:00:00Z;-0,6;2;3
1973-02-27 11:00:00Z;-0,65;2;3
1973-02-28 11:00:00Z;-0,7;0;3
1973-03-01 11:00:00Z;-0,73;2;3
1973-03-02 11:00:00Z;-0,75;2;3
1973-03-03 11:00:00Z;-0,78;0;3
1973-03-04 11:00:00Z;-0,71;2;3
1973-03-05 11:00:00Z;-0,64;2;3
1973-03-06 11:00:00Z;-0,57;2;3
1973-03-07 11:00:00Z;-0,5;2;3
1973-03-08 11:00:00Z;-0,42;2;3
1973-03-09 11:00:00Z;-0,35;2;3
1973-03-10 11:00:00Z;-0,28;2;3
1973-03-11 11:00:00Z;-0,21;2;3
1973-03-12 11:00:00Z;-0,14;0;3
1973-03-13 11:00:00Z;-0,07;2;3
1973-03-14 11:00:00Z;0,01;2;3
1973-03-15 11:00:00Z;0,08;2;3
1973-03-16 11:00:00Z;0,15;0;3
1973-03-17 11:00:00Z;0,17;2;3
1973-03-18 11:00:00Z;0,18;2;3
1973-03-19 11:00:00Z;0,2;2;3
1973-03-20 11:00:00Z;0,22;2;3
1973-03-21 11:00:00Z;0,23;2;3
1973-03-22 11:00:00Z;0,25;0;3
1973-03-23 11:00:00Z;0,35;0;3
1973-03-24 11:00:00Z;0,3;2;3
1973-03-25 11:00:00Z;0,25;2;3
1973-03-26 11:00:00Z;0,2;2;3
1973-03-27 11:00:00Z;0,16;2;3
1973-03-28 11:00:00Z;0,11;2;3
1973-03-29 11:00:00Z;0,06;2;3
1973-03-30 11:00:00Z;0,01;2;3
1973-03-31 11:00:00Z;-0,04;0;3
1973-04-01 11:00:00Z;-0,04;2;3
1973-04-02 11:00:00Z;-0,03;0;3
1973-04-03 11:00:00Z;-0,04;2;3
1973-04-04 11:00:00Z;-0,04;2;3
1973-04-05 11:00:00Z;-0,05;2;3
1973-04-06 11:00:00Z;-0,05;2;3
1973-04-07 11:00:00Z;-0,06;2;3
1973-04-08 11:00:00Z;-0,06;2;3
1973-04-09 11:00:00Z;-0,07;0;3
1973-04-10 11:00:00Z;-0,04;2;3
1973-04-11 11:00:00Z;-0,02;2;3
1973-04-12 11:00:00Z;0,01;2;3
1973-04-13 11:00:00Z;0,04;2;3
1973-04-14 11:00:00Z;0,07;2;3
1973-04-15 11:00:00Z;0,09;2;3
1973-04-16 11:00:00Z;0,12;0;3
1973-04-17 11:00:00Z;0,12;2;3
1973-04-18 11:00:00Z;0,12;2;3
1973-04-19 11:00:00Z;0,11;2;3
1973-04-20 11:00:00Z;0,11;2;3
1973-04-21 11:00:00Z;0,11;0;3
1973-04-22 11:00:00Z;0,09;2;3
1973-04-23 11:00:00Z;0,08;2;3
1973-04-24 11:00:00Z;0,06;2;3
1973-04-25 11:00:00Z;0,05;2;3
1973-04-26 11:00:00Z;0,03;2;3
1973-04-27 11:00:00Z;0,02;2;3
1973-04-28 11:00:00Z;0;2;3
1973-04-29 11:00:00Z;-0,01;2;3
1973-04-30 11:00:00Z;-0,03;0;3
1973-05-01 11:00:00Z;-0,04;2;3
1973-05-02 11:00:00Z;-0,04;2;3
1973-05-03 11:00:00Z;-0,05;2;3
1973-05-04 11:00:00Z;-0,06;2;3
1973-05-05 11:00:00Z;-0,07;2;3
1973-05-06 11:00:00Z;-0,07;2;3
1973-05-07 11:00:00Z;-0,08;0;3
1973-05-08 11:00:00Z;-0,1;2;3
1973-05-09 11:00:00Z;-0,13;2;3
1973-05-10 11:00:00Z;-0,15;2;3
1973-05-11 11:00:00Z;-0,18;2;3
1973-05-12 11:00:00Z;-0,2;2;3
1973-05-13 11:00:00Z;-0,23;2;3
1973-05-14 11:00:00Z;-0,25;2;3
1973-05-15 11:00:00Z;-0,28;2;3
1973-05-16 11:00:00Z;-0,3;0;3
1973-05-17 11:00:00Z;-0,38;2;3
1973-05-18 11:00:00Z;-0,45;2;3
1973-05-19 11:00:00Z;-0,52;2;3
1973-05-20 11:00:00Z;-0,6;2;3
1973-05-21 11:00:00Z;-0,67;2;3
1973-05-22 11:00:00Z;-0,75;2;3
1973-05-23 11:00:00Z;-0,82;2;3
1973-05-24 11:00:00Z;-0,9;0;3
1973-05-25 11:00:00Z;-0,95;2;3
1973-05-26 11:00:00Z;-0,99;2;3
1973-05-27 11:00:00Z;-1,04;2;3
1973-05-28 11:00:00Z;-1,09;2;3
1973-05-29 11:00:00Z;-1,14;2;3
1973-05-30 11:00:00Z;-1,18;2;3
1973-05-31 11:00:00Z;-1,23;0;3
1973-06-01 11:00:00Z;-1,29;2;3
1973-06-02 11:00:00Z;-1,36;2;3
1973-06-03 11:00:00Z;-1,42;2;3
1973-06-04 11:00:00Z;-1,48;0;3
1973-06-05 11:00:00Z;-1,4;2;3
1973-06-06 11:00:00Z;-1,33;2;3
1973-06-07 11:00:00Z;-1,25;2;3
1973-06-08 11:00:00Z;-1,18;2;3
1973-06-09 11:00:00Z;-1,1;0;3
1973-06-10 11:00:00Z;-1,07;2;3
1973-06-11 11:00:00Z;-1,03;2;3
1973-06-12 11:00:00Z;-1;2;3
1973-06-13 11:00:00Z;-0,97;2;3
1973-06-14 11:00:00Z;-0,93;2;3
1973-06-15 11:00:00Z;-0,9;2;3
1973-06-16 11:00:00Z;-0,87;2;3
1973-06-17 11:00:00Z;-0,83;2;3
1973-06-18 11:00:00Z;-0,8;0;3
1973-06-19 11:00:00Z;-0,84;2;3
1973-06-20 11:00:00Z;-0,88;2;3
1973-06-21 11:00:00Z;-0,92;2;3
1973-06-22 11:00:00Z;-0,95;2;3
1973-06-23 11:00:00Z;-0,99;2;3
1973-06-24 11:00:00Z;-1,03;2;3
1973-06-25 11:00:00Z;-1,07;0;3
1973-06-26 11:00:00Z;-1,14;2;3
1973-06-27 11:00:00Z;-1,21;2;3
1973-06-28 11:00:00Z;-1,27;2;3
1973-06-29 11:00:00Z;-1,34;2;3
1973-06-30 11:00:00Z;-1,41;0;3
1973-07-01 11:00:00Z;-1,5;2;3
1973-07-02 11:00:00Z;-1,6;2;3
1973-07-03 11:00:00Z;-1,69;0;3
1973-07-04 11:00:00Z;-1,71;2;3
1973-07-05 11:00:00Z;-1,72;2;3
1973-07-06 11:00:00Z;-1,74;2;3
1973-07-07 11:00:00Z;-1,76;2;3
1973-07-08 11:00:00Z;-1,77;2;3
1973-07-09 11:00:00Z;-1,79;2;3
1973-07-10 11:00:00Z;-1,8;2;3
1973-07-11 11:00:00Z;-1,82;0;3
1973-07-12 11:00:00Z;-1,83;2;3
1973-07-13 11:00:00Z;-1,84;2;3
1973-07-14 11:00:00Z;-1,85;2;3
1973-07-15 11:00:00Z;-1,87;2;3
1973-07-16 11:00:00Z;-1,88;2;3
1973-07-17 11:00:00Z;-1,89;2;3
1973-07-18 11:00:00Z;-1,9;0;3
1973-07-19 11:00:00Z;-1,94;2;3
1973-07-20 11:00:00Z;-1,99;2;3
1973-07-21 11:00:00Z;-2,03;2;3
1973-07-22 11:00:00Z;-2,07;2;3
1973-07-23 11:00:00Z;-2,11;2;3
1973-07-24 11:00:00Z;-2,16;2;3
1973-07-25 11:00:00Z;-2,2;0;3
1973-07-26 11:00:00Z;-2,24;2;3
1973-07-27 11:00:00Z;-2,29;2;3
1973-07-28 11:00:00Z;-2,33;2;3
1973-07-29 11:00:00Z;-2,37;2;3
1973-07-30 11:00:00Z;-2,42;2;3
1973-07-31 11:00:00Z;-2,46;0;3
1973-08-01 11:00:00Z;-2,45;2;3
1973-08-02 11:00:00Z;-2,45;2;3
1973-08-03 11:00:00Z;-2,45;2;3
1973-08-04 11:00:00Z;-2,44;0;3
1973-08-05 11:00:00Z;-2,44;2;3
1973-08-06 11:00:00Z;-2,44;2;3
1973-08-07 11:00:00Z;-2,44;2;3
1973-08-08 11:00:00Z;-2,44;2;3
1973-08-09 11:00:00Z;-2,44;2;3
1973-08-10 11:00:00Z;-2,44;0;3
1973-08-11 11:00:00Z;-2,45;2;3
1973-08-12 11:00:00Z;-2,46;2;3
1973-08-13 11:00:00Z;-2,47;2;3
1973-08-14 11:00:00Z;-2,49;2;3
1973-08-15 11:00:00Z;-2,5;2;3
1973-08-16 11:00:00Z;-2,51;2;3
1973-08-17 11:00:00Z;-2,52;2;3
1973-08-18 11:00:00Z;-2,53;0;3
1973-08-19 11:00:00Z;-2,39;2;3
1973-08-20 11:00:00Z;-2,25;0;3
1973-08-21 11:00:00Z;-2,18;2;3
1973-08-22 11:00:00Z;-2,1;2;3
1973-08-23 11:00:00Z;-2,03;0;3
1973-08-24 11:00:00Z;-2,04;2;3
1973-08-25 11:00:00Z;-2,05;2;3
1973-08-26 11:00:00Z;-2,06;2;3
1973-08-27 11:00:00Z;-2,07;2;3
1973-08-28 11:00:00Z;-2,09;2;3
1973-08-29 11:00:00Z;-2,1;2;3
1973-08-30 11:00:00Z;-2,11;2;3
1973-08-31 11:00:00Z;-2,12;0;3
1973-09-01 11:00:00Z;-2,08;2;3
1973-09-02 11:00:00Z;-2,04;2;3
1973-09-03 11:00:00Z;-2;2;3
1973-09-04 11:00:00Z;-1,97;2;3
1973-09-05 11:00:00Z;-1,93;2;3
1973-09-06 11:00:00Z;-1,89;2;3
1973-09-07 11:00:00Z;-1,85;0;3
1973-09-08 11:00:00Z;-1,62;2;3
1973-09-09 11:00:00Z;-1,39;2;3
1973-09-10 11:00:00Z;-1,16;2;3
1973-09-11 11:00:00Z;-0,92;2;3
1973-09-12 11:00:00Z;-0,69;2;3
1973-09-13 11:00:00Z;-0,46;2;3
1973-09-14 11:00:00Z;-0,23;0;3
1973-09-15 11:00:00Z;0,18;0;3
1973-09-16 11:00:00Z;0,15;2;3
1973-09-17 11:00:00Z;0,11;2;3
1973-09-18 11:00:00Z;0,08;2;3
1973-09-19 11:00:00Z;0,04;2;3
1973-09-20 11:00:00Z;0,01;0;3
1973-09-21 11:00:00Z;-0,03;2;3
1973-09-22 11:00:00Z;-0,07;2;3
1973-09-23 11:00:00Z;-0,11;2;3
1973-09-24 11:00:00Z;-0,15;2;3
1973-09-25 11:00:00Z;-0,19;2;3
1973-09-26 11:00:00Z;-0,23;2;3
1973-09-27 11:00:00Z;-0,27;0;3
1973-09-28 11:00:00Z;-0,34;2;3
1973-09-29 11:00:00Z;-0,41;2;3
1973-09-30 11:00:00Z;-0,48;0;3
1973-10-01 11:00:00Z;-0,35;2;3
1973-10-02 11:00:00Z;-0,22;2;3
1973-10-03 11:00:00Z;-0,09;2;3
1973-10-04 11:00:00Z;0,04;0;3
1973-10-05 11:00:00Z;0,04;2;3
1973-10-06 11:00:00Z;0,04;2;3
1973-10-07 11:00:00Z;0,03;2;3
1973-10-08 11:00:00Z;0,03;0;3
1973-10-09 11:00:00Z;0,04;2;3
1973-10-10 11:00:00Z;0,05;2;3
1973-10-11 11:00:00Z;0,06;2;3
1973-10-12 11:00:00Z;0,07;2;3
1973-10-13 11:00:00Z;0,08;2;3
1973-10-14 11:00:00Z;0,09;2;3
1973-10-15 11:00:00Z;0,1;0;3
1973-10-16 11:00:00Z;0,09;2;3
1973-10-17 11:00:00Z;0,08;2;3
1973-10-18 11:00:00Z;0,07;2;3
1973-10-19 11:00:00Z;0,05;2;3
1973-10-20 11:00:00Z;0,04;2;3
1973-10-21 11:00:00Z;0,03;2;3
1973-10-22 11:00:00Z;0,02;0;3
1973-10-23 11:00:00Z;0,12;2;3
1973-10-24 11:00:00Z;0,21;2;3
1973-10-25 11:00:00Z;0,31;2;3
1973-10-26 11:00:00Z;0,41;0;3
1973-10-27 11:00:00Z;0,35;2;3
1973-10-28 11:00:00Z;0,29;2;3
1973-10-29 11:00:00Z;0,23;2;3
1973-10-30 11:00:00Z;0,17;2;3
1973-10-31 11:00:00Z;0,11;0;3
1973-11-01 11:00:00Z;0,08;2;3
1973-11-02 11:00:00Z;0,06;2;3
1973-11-03 11:00:00Z;0,03;0;3
1973-11-04 11:00:00Z;0,03;2;3
1973-11-05 11:00:00Z;0,04;2;3
1973-11-06 11:00:00Z;0,04;0;3
1973-11-07 11:00:00Z;0,05;2;3
1973-11-08 11:00:00Z;0,06;2;3
1973-11-09 11:00:00Z;0,06;2;3
1973-11-10 11:00:00Z;0,07;2;3
1973-11-11 11:00:00Z;0,08;2;3
1973-11-12 11:00:00Z;0,09;0;3
1973-11-13 11:00:00Z;0,07;2;3
1973-11-14 11:00:00Z;0,05;2;3
1973-11-15 11:00:00Z;0,03;2;3
1973-11-16 11:00:00Z;0;2;3
1973-11-17 11:00:00Z;-0,02;2;3
1973-11-18 11:00:00Z;-0,04;2;3
1973-11-19 11:00:00Z;-0,06;0;3
1973-11-20 11:00:00Z;-0,05;2;3
1973-11-21 11:00:00Z;-0,03;2;3
1973-11-22 11:00:00Z;-0,02;2;3
1973-11-23 11:00:00Z;0;2;3
1973-11-24 11:00:00Z;0,01;2;3
1973-11-25 11:00:00Z;0,03;2;3
1973-11-26 11:00:00Z;0,04;0;3
1973-11-27 11:00:00Z;0,02;2;3
1973-11-28 11:00:00Z;-0,01;2;3
1973-11-29 11:00:00Z;-0,03;2;3
1973-11-30 11:00:00Z;-0,05;0;3
1973-12-01 11:00:00Z;-0,02;2;3
1973-12-02 11:00:00Z;0,01;2;3
1973-12-03 11:00:00Z;0,05;2;3
1973-12-04 11:00:00Z;0,08;0;3
1973-12-05 11:00:00Z;0,01;2;3
1973-12-06 11:00:00Z;-0,05;2;3
1973-12-07 11:00:00Z;-0,12;2;3
1973-12-08 11:00:00Z;-0,19;2;3
1973-12-09 11:00:00Z;-0,25;2;3
1973-12-10 11:00:00Z;-0,32;0;3
1973-12-11 11:00:00Z;-0,32;2;3
1973-12-12 11:00:00Z;-0,33;2;3
1973-12-13 11:00:00Z;-0,33;2;3
1973-12-14 11:00:00Z;-0,34;2;3
1973-12-15 11:00:00Z;-0,34;2;3
1973-12-16 11:00:00Z;-0,35;2;3
1973-12-17 11:00:00Z;-0,35;0;3
1973-12-18 11:00:00Z;-0,36;2;3
1973-12-19 11:00:00Z;-0,36;2;3
1973-12-20 11:00:00Z;-0,37;2;3
1973-12-21 11:00:00Z;-0,38;2;3
1973-12-22 11:00:00Z;-0,38;2;3
1973-12-23 11:00:00Z;-0,39;2;3
1973-12-24 11:00:00Z;-0,39;2;3
1973-12-25 11:00:00Z;-0,4;2;3
1973-12-26 11:00:00Z;-0,41;2;3
1973-12-27 11:00:00Z;-0,41;2;3
1973-12-28 11:00:00Z;-0,42;2;3
1973-12-29 11:00:00Z;-0,43;2;3
1973-12-30 11:00:00Z;-0,43;2;3
1973-12-31 11:00:00Z;-0,44;0;3
1974-01-01 11:00:00Z;-0,47;2;3
1974-01-02 11:00:00Z;-0,49;0;3
1974-01-03 11:00:00Z;-0,55;2;3
1974-01-04 11:00:00Z;-0,61;2;3
1974-01-05 11:00:00Z;-0,67;2;3
1974-01-06 11:00:00Z;-0,73;2;3
1974-01-07 11:00:00Z;-0,79;0;3
1974-01-08 11:00:00Z;-0,86;2;3
1974-01-09 11:00:00Z;-0,93;2;3
1974-01-10 11:00:00Z;-1;2;3
1974-01-11 11:00:00Z;-1,08;2;3
1974-01-12 11:00:00Z;-1,15;2;3
1974-01-13 11:00:00Z;-1,22;2;3
1974-01-14 11:00:00Z;-1,29;2;3
1974-01-15 11:00:00Z;-1,36;0;3
1974-01-16 11:00:00Z;-1,4;2;3
1974-01-17 11:00:00Z;-1,45;2;3
1974-01-18 11:00:00Z;-1,5;2;3
1974-01-19 11:00:00Z;-1,54;2;3
1974-01-20 11:00:00Z;-1,59;2;3
1974-01-21 11:00:00Z;-1,63;0;3
1974-01-22 11:00:00Z;-1,59;2;3
1974-01-23 11:00:00Z;-1,56;2;3
1974-01-24 11:00:00Z;-1,52;2;3
1974-01-25 11:00:00Z;-1,48;2;3
1974-01-26 11:00:00Z;-1,44;2;3
1974-01-27 11:00:00Z;-1,41;2;3
1974-01-28 11:00:00Z;-1,37;0;3
1974-01-29 11:00:00Z;-1,44;2;3
1974-01-30 11:00:00Z;-1,5;2;3
1974-01-31 11:00:00Z;-1,57;0;3
1974-02-01 11:00:00Z;-1,63;2;3
1974-02-02 11:00:00Z;-1,68;2;3
1974-02-03 11:00:00Z;-1,74;2;3
1974-02-04 11:00:00Z;-1,8;0;3
1974-02-05 11:00:00Z;-1,9;2;3
1974-02-06 11:00:00Z;-2,01;2;3
1974-02-07 11:00:00Z;-2,11;2;3
1974-02-08 11:00:00Z;-2,21;2;3
1974-02-09 11:00:00Z;-2,31;2;3
1974-02-10 11:00:00Z;-2,42;2;3
1974-02-11 11:00:00Z;-2,52;0;3
1974-02-12 11:00:00Z;-2,61;2;3
1974-02-13 11:00:00Z;-2,7;2;3
1974-02-14 11:00:00Z;-2,79;2;3
1974-02-15 11:00:00Z;-2,89;2;3
1974-02-16 11:00:00Z;-2,98;2;3
1974-02-17 11:00:00Z;-3,07;2;3
1974-02-18 11:00:00Z;-3,16;0;3
1974-02-19 11:00:00Z;-3,12;2;3
1974-02-20 11:00:00Z;-3,07;2;3
1974-02-21 11:00:00Z;-3,03;2;3
1974-02-22 11:00:00Z;-2,98;2;3
1974-02-23 11:00:00Z;-2,94;2;3
1974-02-24 11:00:00Z;-2,89;2;3
1974-02-25 11:00:00Z;-2,85;0;3
1974-02-26 11:00:00Z;-2,72;2;3
1974-02-27 11:00:00Z;-2,6;2;3
1974-02-28 11:00:00Z;-2,47;0;3
1974-03-01 11:00:00Z;-2,35;2;3
1974-03-02 11:00:00Z;-2,23;2;3
1974-03-03 11:00:00Z;-2,11;2;3
1974-03-04 11:00:00Z;-1,98;2;3
1974-03-05 11:00:00Z;-1,86;2;3
1974-03-06 11:00:00Z;-1,74;2;3
1974-03-07 11:00:00Z;-1,62;0;3
1974-03-08 11:00:00Z;-1,65;2;3
1974-03-09 11:00:00Z;-1,67;2;3
1974-03-10 11:00:00Z;-1,7;2;3
1974-03-11 11:00:00Z;-1,73;2;3
1974-03-12 11:00:00Z;-1,75;2;3
1974-03-13 11:00:00Z;-1,78;0;3
1974-03-14 11:00:00Z;-1,84;2;3
1974-03-15 11:00:00Z;-1,89;2;3
1974-03-16 11:00:00Z;-1,95;2;3
1974-03-17 11:00:00Z;-2,01;2;3
1974-03-18 11:00:00Z;-2,07;2;3
1974-03-19 11:00:00Z;-2,12;2;3
1974-03-20 11:00:00Z;-2,18;0;3
1974-03-21 11:00:00Z;-2,28;2;3
1974-03-22 11:00:00Z;-2,38;2;3
1974-03-23 11:00:00Z;-2,48;2;3
1974-03-24 11:00:00Z;-2,58;2;3
1974-03-25 11:00:00Z;-2,68;2;3
1974-03-26 11:00:00Z;-2,78;2;3
1974-03-27 11:00:00Z;-2,88;0;3
1974-03-28 11:00:00Z;-2,92;2;3
1974-03-29 11:00:00Z;-2,97;2;3
1974-03-30 11:00:00Z;-3,01;2;3
1974-03-31 11:00:00Z;-3,05;0;3
1974-04-01 11:00:00Z;-2,93;2;3
1974-04-02 11:00:00Z;-2,82;2;3
1974-04-03 11:00:00Z;-2,7;2;3
1974-04-04 11:00:00Z;-2,58;2;3
1974-04-05 11:00:00Z;-2,47;2;3
1974-04-06 11:00:00Z;-2,35;2;3
1974-04-07 11:00:00Z;-2,23;2;3
1974-04-08 11:00:00Z;-2,12;2;3
1974-04-09 11:00:00Z;-2;0;3
1974-04-10 11:00:00Z;-1,94;2;3
1974-04-11 11:00:00Z;-1,88;2;3
1974-04-12 11:00:00Z;-1,82;2;3
1974-04-13 11:00:00Z;-1,76;2;3
1974-04-14 11:00:00Z;-1,7;2;3
1974-04-15 11:00:00Z;-1,64;2;3
1974-04-16 11:00:00Z;-1,58;0;3
1974-04-17 11:00:00Z;-1,38;2;3
1974-04-18 11:00:00Z;-1,19;2;3
1974-04-19 11:00:00Z;-0,99;2;3
1974-04-20 11:00:00Z;-0,79;2;3
1974-04-21 11:00:00Z;-0,59;2;3
1974-04-22 11:00:00Z;-0,4;2;3
1974-04-23 11:00:00Z;-0,2;0;3
1974-04-24 11:00:00Z;-0,22;2;3
1974-04-25 11:00:00Z;-0,24;2;3
1974-04-26 11:00:00Z;-0,26;2;3
1974-04-27 11:00:00Z;-0,27;2;3
1974-04-28 11:00:00Z;-0,29;2;3
1974-04-29 11:00:00Z;-0,31;2;3
1974-04-30 11:00:00Z;-0,33;0;3
1974-05-01 11:00:00Z;-0,42;2;3
1974-05-02 11:00:00Z;-0,5;2;3
1974-05-03 11:00:00Z;-0,59;2;3
1974-05-04 11:00:00Z;-0,67;2;3
1974-05-05 11:00:00Z;-0,76;2;3
1974-05-06 11:00:00Z;-0,84;2;3
1974-05-07 11:00:00Z;-0,93;0;3
1974-05-08 11:00:00Z;-1,02;2;3
1974-05-09 11:00:00Z;-1,12;2;3
1974-05-10 11:00:00Z;-1,22;2;3
1974-05-11 11:00:00Z;-1,31;2;3
1974-05-12 11:00:00Z;-1,4;2;3
1974-05-13 11:00:00Z;-1,5;0;3
1974-05-14 11:00:00Z;-1,48;2;3
1974-05-15 11:00:00Z;-1,46;2;3
1974-05-16 11:00:00Z;-1,43;2;3
1974-05-17 11:00:00Z;-1,41;2;3
1974-05-18 11:00:00Z;-1,39;2;3
1974-05-19 11:00:00Z;-1,37;2;3
1974-05-20 11:00:00Z;-1,34;2;3
1974-05-21 11:00:00Z;-1,32;2;3
1974-05-22 11:00:00Z;-1,3;0;3
1974-05-23 11:00:00Z;-1,25;2;3
1974-05-24 11:00:00Z;-1,19;2;3
1974-05-25 11:00:00Z;-1,14;2;3
1974-05-26 11:00:00Z;-1,09;2;3
1974-05-27 11:00:00Z;-1,03;2;3
1974-05-28 11:00:00Z;-0,98;0;3
1974-05-29 11:00:00Z;-1,03;2;3
1974-05-30 11:00:00Z;-1,09;2;3
1974-05-31 11:00:00Z;-1,14;0;3
1974-06-01 11:00:00Z;-1,19;2;3
1974-06-02 11:00:00Z;-1,24;2;3
1974-06-03 11:00:00Z;-1,29;2;3
1974-06-04 11:00:00Z;-1,34;0;3
1974-06-05 11:00:00Z;-1,35;2;3
1974-06-06 11:00:00Z;-1,36;2;3
1974-06-07 11:00:00Z;-1,37;2;3
1974-06-08 11:00:00Z;-1,37;2;3
1974-06-09 11:00:00Z;-1,38;2;3
1974-06-10 11:00:00Z;-1,39;2;3
1974-06-11 11:00:00Z;-1,4;0;3
1974-06-12 11:00:00Z;-1,4;2;3
1974-06-13 11:00:00Z;-1,4;2;3
1974-06-14 11:00:00Z;-1,4;2;3
1974-06-15 11:00:00Z;-1,4;2;3
1974-06-16 11:00:00Z;-1,4;2;3
1974-06-17 11:00:00Z;-1,4;2;3
1974-06-18 11:00:00Z;-1,4;0;3
1974-06-19 11:00:00Z;-1,4;2;3
1974-06-20 11:00:00Z;-1,41;2;3
1974-06-21 11:00:00Z;-1,41;2;3
1974-06-22 11:00:00Z;-1,42;2;3
1974-06-23 11:00:00Z;-1,42;2;3
1974-06-24 11:00:00Z;-1,43;2;3
1974-06-25 11:00:00Z;-1,43;0;3
1974-06-26 11:00:00Z;-1,44;2;3
1974-06-27 11:00:00Z;-1,45;2;3
1974-06-28 11:00:00Z;-1,47;2;3
1974-06-29 11:00:00Z;-1,48;2;3
1974-06-30 11:00:00Z;-1,49;0;3
1974-07-01 11:00:00Z;-1,51;2;3
1974-07-02 11:00:00Z;-1,54;2;3
1974-07-03 11:00:00Z;-1,56;2;3
1974-07-04 11:00:00Z;-1,58;2;3
1974-07-05 11:00:00Z;-1,61;2;3
1974-07-06 11:00:00Z;-1,63;2;3
1974-07-07 11:00:00Z;-1,65;2;3
1974-07-08 11:00:00Z;-1,68;2;3
1974-07-09 11:00:00Z;-1,7;0;3
1974-07-10 11:00:00Z;-1,72;2;3
1974-07-11 11:00:00Z;-1,74;2;3
1974-07-12 11:00:00Z;-1,76;2;3
1974-07-13 11:00:00Z;-1,79;2;3
1974-07-14 11:00:00Z;-1,81;2;3
1974-07-15 11:00:00Z;-1,83;2;3
1974-07-16 11:00:00Z;-1,85;0;3
1974-07-17 11:00:00Z;-1,83;2;3
1974-07-18 11:00:00Z;-1,81;2;3
1974-07-19 11:00:00Z;-1,79;2;3
1974-07-20 11:00:00Z;-1,77;2;3
1974-07-21 11:00:00Z;-1,75;2;3
1974-07-22 11:00:00Z;-1,73;2;3
1974-07-23 11:00:00Z;-1,71;2;3
1974-07-24 11:00:00Z;-1,69;0;3
1974-07-25 11:00:00Z;-1,53;2;3
1974-07-26 11:00:00Z;-1,37;2;3
1974-07-27 11:00:00Z;-1,21;2;3
1974-07-28 11:00:00Z;-1,05;2;3
1974-07-29 11:00:00Z;-0,89;2;3
1974-07-30 11:00:00Z;-0,73;2;3
1974-07-31 11:00:00Z;-0,57;0;3
1974-08-01 11:00:00Z;-0,61;2;3
1974-08-02 11:00:00Z;-0,64;2;3
1974-08-03 11:00:00Z;-0,68;2;3
1974-08-04 11:00:00Z;-0,72;2;3
1974-08-05 11:00:00Z;-0,75;2;3
1974-08-06 11:00:00Z;-0,79;0;3
1974-08-07 11:00:00Z;-0,83;2;3
1974-08-08 11:00:00Z;-0,87;2;3
1974-08-09 11:00:00Z;-0,91;2;3
1974-08-10 11:00:00Z;-0,95;2;3
1974-08-11 11:00:00Z;-0,99;2;3
1974-08-12 11:00:00Z;-1,03;2;3
1974-08-13 11:00:00Z;-1,07;0;3
1974-08-14 11:00:00Z;-1,13;2;3
1974-08-15 11:00:00Z;-1,19;2;3
1974-08-16 11:00:00Z;-1,25;2;3
1974-08-17 11:00:00Z;-1,31;2;3
1974-08-18 11:00:00Z;-1,37;2;3
1974-08-19 11:00:00Z;-1,43;2;3
1974-08-20 11:00:00Z;-1,49;0;3
1974-08-21 11:00:00Z;-1,54;2;3
1974-08-22 11:00:00Z;-1,6;2;3
1974-08-23 11:00:00Z;-1,65;2;3
1974-08-24 11:00:00Z;-1,7;2;3
1974-08-25 11:00:00Z;-1,75;2;3
1974-08-26 11:00:00Z;-1,81;2;3
1974-08-27 11:00:00Z;-1,86;0;3
1974-08-28 11:00:00Z;-1,91;2;3
1974-08-29 11:00:00Z;-1,96;2;3
1974-08-30 11:00:00Z;-2,01;2;3
1974-08-31 11:00:00Z;-2,06;0;3
1974-09-01 11:00:00Z;-2,11;2;3
1974-09-02 11:00:00Z;-2,15;2;3
1974-09-03 11:00:00Z;-2,19;2;3
1974-09-04 11:00:00Z;-2,24;2;3
1974-09-05 11:00:00Z;-2,28;2;3
1974-09-06 11:00:00Z;-2,33;2;3
1974-09-07 11:00:00Z;-2,38;2;3
1974-09-08 11:00:00Z;-2,42;2;3
1974-09-09 11:00:00Z;-2,46;2;3
1974-09-10 11:00:00Z;-2,51;0;3
1974-09-11 11:00:00Z;-2,51;2;3
1974-09-12 11:00:00Z;-2,5;2;3
1974-09-13 11:00:00Z;-2,5;2;3
1974-09-14 11:00:00Z;-2,5;2;3
1974-09-15 11:00:00Z;-2,49;2;3
1974-09-16 11:00:00Z;-2,49;0;3
1974-09-17 11:00:00Z;-2,39;2;3
1974-09-18 11:00:00Z;-2,29;2;3
1974-09-19 11:00:00Z;-2,19;0;3
1974-09-20 11:00:00Z;-2,14;2;3
1974-09-21 11:00:00Z;-2,09;2;3
1974-09-22 11:00:00Z;-2,04;2;3
1974-09-23 11:00:00Z;-1,98;2;3
1974-09-24 11:00:00Z;-1,93;2;3
1974-09-25 11:00:00Z;-1,88;0;3
1974-09-26 11:00:00Z;-1,84;2;3
1974-09-27 11:00:00Z;-1,8;2;3
1974-09-28 11:00:00Z;-1,76;2;3
1974-09-29 11:00:00Z;-1,72;2;3
1974-09-30 11:00:00Z;-1,68;0;3
1974-10-01 11:00:00Z;-1,66;2;3
1974-10-02 11:00:00Z;-1,63;2;3
1974-10-03 11:00:00Z;-1,61;2;3
1974-10-04 11:00:00Z;-1,59;2;3
1974-10-05 11:00:00Z;-1,57;2;3
1974-10-06 11:00:00Z;-1,54;2;3
1974-10-07 11:00:00Z;-1,52;2;3
1974-10-08 11:00:00Z;-1,5;0;3
1974-10-09 11:00:00Z;-1,46;2;3
1974-10-10 11:00:00Z;-1,42;2;3
1974-10-11 11:00:00Z;-1,38;2;3
1974-10-12 11:00:00Z;-1,34;2;3
1974-10-13 11:00:00Z;-1,3;2;3
1974-10-14 11:00:00Z;-1,26;2;3
1974-10-15 11:00:00Z;-1,22;0;3
1974-10-16 11:00:00Z;-1,26;2;3
1974-10-17 11:00:00Z;-1,31;2;3
1974-10-18 11:00:00Z;-1,35;2;3
1974-10-19 11:00:00Z;-1,39;2;3
1974-10-20 11:00:00Z;-1,43;2;3
1974-10-21 11:00:00Z;-1,48;2;3
1974-10-22 11:00:00Z;-1,52;0;3
1974-10-23 11:00:00Z;-1,5;2;3
1974-10-24 11:00:00Z;-1,49;2;3
1974-10-25 11:00:00Z;-1,47;2;3
1974-10-26 11:00:00Z;-1,45;2;3
1974-10-27 11:00:00Z;-1,43;2;3
1974-10-28 11:00:00Z;-1,42;2;3
1974-10-29 11:00:00Z;-1,4;0;3
1974-10-30 11:00:00Z;-1,38;2;3
1974-10-31 11:00:00Z;-1,37;0;3
1974-11-01 11:00:00Z;-1,37;2;3
1974-11-02 11:00:00Z;-1,38;2;3
1974-11-03 11:00:00Z;-1,38;2;3
1974-11-04 11:00:00Z;-1,39;2;3
1974-11-05 11:00:00Z;-1,39;0;3
1974-11-06 11:00:00Z;-1,36;2;3
1974-11-07 11:00:00Z;-1,33;2;3
1974-11-08 11:00:00Z;-1,3;2;3
1974-11-09 11:00:00Z;-1,26;2;3
1974-11-10 11:00:00Z;-1,23;2;3
1974-11-11 11:00:00Z;-1,2;2;3
1974-11-12 11:00:00Z;-1,17;0;3
1974-11-13 11:00:00Z;-1,18;2;3
1974-11-14 11:00:00Z;-1,2;2;3
1974-11-15 11:00:00Z;-1,21;2;3
1974-11-16 11:00:00Z;-1,23;2;3
1974-11-17 11:00:00Z;-1,24;2;3
1974-11-18 11:00:00Z;-1,26;2;3
1974-11-19 11:00:00Z;-1,27;0;3
1974-11-20 11:00:00Z;-1,33;2;3
1974-11-21 11:00:00Z;-1,39;2;3
1974-11-22 11:00:00Z;-1,45;2;3
1974-11-23 11:00:00Z;-1,5;2;3
1974-11-24 11:00:00Z;-1,56;2;3
1974-11-25 11:00:00Z;-1,62;2;3
1974-11-26 11:00:00Z;-1,68;0;3
1974-11-27 11:00:00Z;-1,72;2;3
1974-11-28 11:00:00Z;-1,76;2;3
1974-11-29 11:00:00Z;-1,8;2;3
1974-11-30 11:00:00Z;-1,84;0;3
1974-12-01 11:00:00Z;-1,81;2;3
1974-12-02 11:00:00Z;-1,78;2;3
1974-12-03 11:00:00Z;-1,74;2;3
1974-12-04 11:00:00Z;-1,71;2;3
1974-12-05 11:00:00Z;-1,68;2;3
1974-12-06 11:00:00Z;-1,65;2;3
1974-12-07 11:00:00Z;-1,62;2;3
1974-12-08 11:00:00Z;-1,58;2;3
1974-12-09 11:00:00Z;-1,55;2;3
1974-12-10 11:00:00Z;-1,52;0;3
1974-12-11 11:00:00Z;-1,55;2;3
1974-12-12 11:00:00Z;-1,58;2;3
1974-12-13 11:00:00Z;-1,61;2;3
1974-12-14 11:00:00Z;-1,65;2;3
1974-12-15 11:00:00Z;-1,68;2;3
1974-12-16 11:00:00Z;-1,71;2;3
1974-12-17 11:00:00Z;-1,74;0;3
1974-12-18 11:00:00Z;-1,74;2;3
1974-12-19 11:00:00Z;-1,74;2;3
1974-12-20 11:00:00Z;-1,74;2;3
1974-12-21 11:00:00Z;-1,74;2;3
1974-12-22 11:00:00Z;-1,74;2;3
1974-12-23 11:00:00Z;-1,74;2;3
1974-12-24 11:00:00Z;-1,74;0;3
1974-12-25 11:00:00Z;-1,77;2;3
1974-12-26 11:00:00Z;-1,79;2;3
1974-12-27 11:00:00Z;-1,82;2;3
1974-12-28 11:00:00Z;-1,84;2;3
1974-12-29 11:00:00Z;-1,87;2;3
1974-12-30 11:00:00Z;-1,89;2;3
1974-12-31 11:00:00Z;-1,92;0;3
1975-01-01 11:00:00Z;-1,88;2;3
1975-01-02 11:00:00Z;-1,83;0;3
1975-01-03 11:00:00Z;-1,71;2;3
1975-01-04 11:00:00Z;-1,6;2;3
1975-01-05 11:00:00Z;-1,48;2;3
1975-01-06 11:00:00Z;-1,37;2;3
1975-01-07 11:00:00Z;-1,25;0;3
1975-01-08 11:00:00Z;-1,27;2;3
1975-01-09 11:00:00Z;-1,3;2;3
1975-01-10 11:00:00Z;-1,32;2;3
1975-01-11 11:00:00Z;-1,35;2;3
1975-01-12 11:00:00Z;-1,37;2;3
1975-01-13 11:00:00Z;-1,4;2;3
1975-01-14 11:00:00Z;-1,42;0;3
1975-01-15 11:00:00Z;-1,38;2;3
1975-01-16 11:00:00Z;-1,35;2;3
1975-01-17 11:00:00Z;-1,32;2;3
1975-01-18 11:00:00Z;-1,28;2;3
1975-01-19 11:00:00Z;-1,25;2;3
1975-01-20 11:00:00Z;-1,21;0;3
1975-01-21 11:00:00Z;-1,24;2;3
1975-01-22 11:00:00Z;-1,27;2;3
1975-01-23 11:00:00Z;-1,3;2;3
1975-01-24 11:00:00Z;-1,33;2;3
1975-01-25 11:00:00Z;-1,35;2;3
1975-01-26 11:00:00Z;-1,38;2;3
1975-01-27 11:00:00Z;-1,41;2;3
1975-01-28 11:00:00Z;-1,44;0;3
1975-01-29 11:00:00Z;-1,52;2;3
1975-01-30 11:00:00Z;-1,61;2;3
1975-01-31 11:00:00Z;-1,69;0;3
1975-02-01 11:00:00Z;-1,58;2;3
1975-02-02 11:00:00Z;-1,47;2;3
1975-02-03 11:00:00Z;-1,35;2;3
1975-02-04 11:00:00Z;-1,24;0;3
1975-02-05 11:00:00Z;-1,19;2;3
1975-02-06 11:00:00Z;-1,13;2;3
1975-02-07 11:00:00Z;-1,08;2;3
1975-02-08 11:00:00Z;-1,03;2;3
1975-02-09 11:00:00Z;-0,98;2;3
1975-02-10 11:00:00Z;-0,92;2;3
1975-02-11 11:00:00Z;-0,87;0;3
1975-02-12 11:00:00Z;-0,87;2;3
1975-02-13 11:00:00Z;-0,86;2;3
1975-02-14 11:00:00Z;-0,86;2;3
1975-02-15 11:00:00Z;-0,86;2;3
1975-02-16 11:00:00Z;-0,86;2;3
1975-02-17 11:00:00Z;-0,85;2;3
1975-02-18 11:00:00Z;-0,85;0;3
1975-02-19 11:00:00Z;-0,89;2;3
1975-02-20 11:00:00Z;-0,92;2;3
1975-02-21 11:00:00Z;-0,96;2;3
1975-02-22 11:00:00Z;-1;2;3
1975-02-23 11:00:00Z;-1,04;2;3
1975-02-24 11:00:00Z;-1,07;2;3
1975-02-25 11:00:00Z;-1,11;0;3
1975-02-26 11:00:00Z;-1,01;2;3
1975-02-27 11:00:00Z;-0,9;2;3
1975-02-28 11:00:00Z;-0,8;0;3
1975-03-01 11:00:00Z;-0,57;2;3
1975-03-02 11:00:00Z;-0,34;2;3
1975-03-03 11:00:00Z;-0,1;2;3
1975-03-04 11:00:00Z;0,13;0;3
1975-03-05 11:00:00Z;0,12;2;3
1975-03-06 11:00:00Z;0,11;2;3
1975-03-07 11:00:00Z;0,1;2;3
1975-03-08 11:00:00Z;0,08;2;3
1975-03-09 11:00:00Z;0,07;2;3
1975-03-10 11:00:00Z;0,06;2;3
1975-03-11 11:00:00Z;0,05;0;3
1975-03-12 11:00:00Z;0,04;2;3
1975-03-13 11:00:00Z;0,03;2;3
1975-03-14 11:00:00Z;0,02;2;3
1975-03-15 11:00:00Z;0,01;2;3
1975-03-16 11:00:00Z;0;2;3
1975-03-17 11:00:00Z;-0,01;2;3
1975-03-18 11:00:00Z;-0,02;0;3
1975-03-19 11:00:00Z;-0,06;2;3
1975-03-20 11:00:00Z;-0,11;2;3
1975-03-21 11:00:00Z;-0,15;2;3
1975-03-22 11:00:00Z;-0,2;2;3
1975-03-23 11:00:00Z;-0,24;2;3
1975-03-24 11:00:00Z;-0,29;2;3
1975-03-25 11:00:00Z;-0,33;0;3
1975-03-26 11:00:00Z;-0,43;2;3
1975-03-27 11:00:00Z;-0,52;2;3
1975-03-28 11:00:00Z;-0,62;2;3
1975-03-29 11:00:00Z;-0,72;2;3
1975-03-30 11:00:00Z;-0,81;2;3
1975-03-31 11:00:00Z;-0,91;0;3
1975-04-01 11:00:00Z;-0,99;2;3
1975-04-02 11:00:00Z;-1,06;2;3
1975-04-03 11:00:00Z;-1,14;2;3
1975-04-04 11:00:00Z;-1,22;2;3
1975-04-05 11:00:00Z;-1,29;2;3
1975-04-06 11:00:00Z;-1,37;2;3
1975-04-07 11:00:00Z;-1,44;2;3
1975-04-08 11:00:00Z;-1,52;0;3
1975-04-09 11:00:00Z;-1,58;2;3
1975-04-10 11:00:00Z;-1,65;2;3
1975-04-11 11:00:00Z;-1,71;2;3
1975-04-12 11:00:00Z;-1,78;2;3
1975-04-13 11:00:00Z;-1,84;2;3
1975-04-14 11:00:00Z;-1,91;2;3
1975-04-15 11:00:00Z;-1,97;0;3
1975-04-16 11:00:00Z;-2,03;2;3
1975-04-17 11:00:00Z;-2,1;2;3
1975-04-18 11:00:00Z;-2,16;2;3
1975-04-19 11:00:00Z;-2,23;2;3
1975-04-20 11:00:00Z;-2,29;2;3
1975-04-21 11:00:00Z;-2,36;2;3
1975-04-22 11:00:00Z;-2,42;0;3
1975-04-23 11:00:00Z;-2,34;2;3
1975-04-24 11:00:00Z;-2,27;2;3
1975-04-25 11:00:00Z;-2,19;2;3
1975-04-26 11:00:00Z;-2,12;2;3
1975-04-27 11:00:00Z;-2,04;2;3
1975-04-28 11:00:00Z;-1,96;2;3
1975-04-29 11:00:00Z;-1,89;2;3
1975-04-30 11:00:00Z;-1,81;0;3
1975-05-01 11:00:00Z;-1,79;2;3
1975-05-02 11:00:00Z;-1,78;2;3
1975-05-03 11:00:00Z;-1,76;2;3
1975-05-04 11:00:00Z;-1,74;2;3
1975-05-05 11:00:00Z;-1,73;2;3
1975-05-06 11:00:00Z;-1,71;0;3
1975-05-07 11:00:00Z;-1,73;2;3
1975-05-08 11:00:00Z;-1,74;2;3
1975-05-09 11:00:00Z;-1,76;2;3
1975-05-10 11:00:00Z;-1,78;2;3
1975-05-11 11:00:00Z;-1,8;2;3
1975-05-12 11:00:00Z;-1,81;2;3
1975-05-13 11:00:00Z;-1,83;0;3
1975-05-14 11:00:00Z;-1,86;2;3
1975-05-15 11:00:00Z;-1,88;2;3
1975-05-16 11:00:00Z;-1,91;2;3
1975-05-17 11:00:00Z;-1,94;2;3
1975-05-18 11:00:00Z;-1,97;2;3
1975-05-19 11:00:00Z;-1,99;2;3
1975-05-20 11:00:00Z;-2,02;0;3
1975-05-21 11:00:00Z;-1,75;2;3
1975-05-22 11:00:00Z;-1,48;0;3
1975-05-23 11:00:00Z;-1,33;2;3
1975-05-24 11:00:00Z;-1,19;2;3
1975-05-25 11:00:00Z;-1,04;2;3
1975-05-26 11:00:00Z;-0,9;2;3
1975-05-27 11:00:00Z;-0,75;0;3
1975-05-28 11:00:00Z;-0,72;2;3
1975-05-29 11:00:00Z;-0,69;2;3
1975-05-30 11:00:00Z;-0,67;2;3
1975-05-31 11:00:00Z;-0,64;0;3
1975-06-01 11:00:00Z;-0,62;2;3
1975-06-02 11:00:00Z;-0,6;0;3
1975-06-03 11:00:00Z;-0,63;2;3
1975-06-04 11:00:00Z;-0,67;2;3
1975-06-05 11:00:00Z;-0,7;2;3
1975-06-06 11:00:00Z;-0,74;2;3
1975-06-07 11:00:00Z;-0,77;2;3
1975-06-08 11:00:00Z;-0,8;2;3
1975-06-09 11:00:00Z;-0,84;2;3
1975-06-10 11:00:00Z;-0,87;0;3
1975-06-11 11:00:00Z;-0,94;2;3
1975-06-12 11:00:00Z;-1;2;3
1975-06-13 11:00:00Z;-1,07;2;3
1975-06-14 11:00:00Z;-1,14;2;3
1975-06-15 11:00:00Z;-1,2;2;3
1975-06-16 11:00:00Z;-1,27;0;3
1975-06-17 11:00:00Z;-1,36;2;3
1975-06-18 11:00:00Z;-1,46;2;3
1975-06-19 11:00:00Z;-1,55;2;3
1975-06-20 11:00:00Z;-1,64;2;3
1975-06-21 11:00:00Z;-1,74;2;3
1975-06-22 11:00:00Z;-1,83;2;3
1975-06-23 11:00:00Z;-1,93;2;3
1975-06-24 11:00:00Z;-2,02;0;3
1975-06-25 11:00:00Z;-2,03;2;3
1975-06-26 11:00:00Z;-2,04;2;3
1975-06-27 11:00:00Z;-2,05;2;3
1975-06-28 11:00:00Z;-2,06;2;3
1975-06-29 11:00:00Z;-2,07;2;3
1975-06-30 11:00:00Z;-2,08;0;3
1975-07-01 11:00:00Z;-2,12;2;3
1975-07-02 11:00:00Z;-2,15;2;3
1975-07-03 11:00:00Z;-2,19;2;3
1975-07-04 11:00:00Z;-2,23;2;3
1975-07-05 11:00:00Z;-2,27;2;3
1975-07-06 11:00:00Z;-2,31;2;3
1975-07-07 11:00:00Z;-2,34;2;3
1975-07-08 11:00:00Z;-2,38;0;3
1975-07-09 11:00:00Z;-2,44;2;3
1975-07-10 11:00:00Z;-2,49;2;3
1975-07-11 11:00:00Z;-2,55;2;3
1975-07-12 11:00:00Z;-2,6;2;3
1975-07-13 11:00:00Z;-2,66;2;3
1975-07-14 11:00:00Z;-2,71;2;3
1975-07-15 11:00:00Z;-2,77;0;3
1975-07-16 11:00:00Z;-2,79;2;3
1975-07-17 11:00:00Z;-2,81;2;3
1975-07-18 11:00:00Z;-2,83;2;3
1975-07-19 11:00:00Z;-2,85;2;3
1975-07-20 11:00:00Z;-2,87;2;3
1975-07-21 11:00:00Z;-2,89;2;3
1975-07-22 11:00:00Z;-2,91;0;3
1975-07-23 11:00:00Z;-2,93;2;3
1975-07-24 11:00:00Z;-2,95;2;3
1975-07-25 11:00:00Z;-2,97;2;3
1975-07-26 11:00:00Z;-2,98;2;3
1975-07-27 11:00:00Z;-3;2;3
1975-07-28 11:00:00Z;-3,02;2;3
1975-07-29 11:00:00Z;-3,04;0;3
1975-07-30 11:00:00Z;-3,07;2;3
1975-07-31 11:00:00Z;-3,09;0;3
1975-08-01 11:00:00Z;-3,02;2;3
1975-08-02 11:00:00Z;-2,94;2;3
1975-08-03 11:00:00Z;-2,87;2;3
1975-08-04 11:00:00Z;-2,8;2;3
1975-08-05 11:00:00Z;-2,73;2;3
1975-08-06 11:00:00Z;-2,65;2;3
1975-08-07 11:00:00Z;-2,58;0;3
1975-08-08 11:00:00Z;-2,6;2;3
1975-08-09 11:00:00Z;-2,63;2;3
1975-08-10 11:00:00Z;-2,65;2;3
1975-08-11 11:00:00Z;-2,67;2;3
1975-08-12 11:00:00Z;-2,69;2;3
1975-08-13 11:00:00Z;-2,72;2;3
1975-08-14 11:00:00Z;-2,74;0;3
1975-08-15 11:00:00Z;-2,76;2;3
1975-08-16 11:00:00Z;-2,77;2;3
1975-08-17 11:00:00Z;-2,79;2;3
1975-08-18 11:00:00Z;-2,8;2;3
1975-08-19 11:00:00Z;-2,82;2;3
1975-08-20 11:00:00Z;-2,83;2;3
1975-08-21 11:00:00Z;-2,85;0;3
1975-08-22 11:00:00Z;-2,85;2;3
1975-08-23 11:00:00Z;-2,86;2;3
1975-08-24 11:00:00Z;-2,86;2;3
1975-08-25 11:00:00Z;-2,86;2;3
1975-08-26 11:00:00Z;-2,86;2;3
1975-08-27 11:00:00Z;-2,87;2;3
1975-08-28 11:00:00Z;-2,87;0;3
1975-08-29 11:00:00Z;-2,86;2;3
1975-08-30 11:00:00Z;-2,86;2;3
1975-08-31 11:00:00Z;-2,85;0;3
1975-09-01 11:00:00Z;-2,77;2;3
1975-09-02 11:00:00Z;-2,69;0;3
1975-09-03 11:00:00Z;-2,48;2;3
1975-09-04 11:00:00Z;-2,28;2;3
1975-09-05 11:00:00Z;-2,07;0;3
1975-09-06 11:00:00Z;-1,94;2;3
1975-09-07 11:00:00Z;-1,8;2;3
1975-09-08 11:00:00Z;-1,67;0;3
1975-09-09 11:00:00Z;-1,6;2;3
1975-09-10 11:00:00Z;-1,53;2;3
1975-09-11 11:00:00Z;-1,46;2;3
1975-09-12 11:00:00Z;-1,39;2;3
1975-09-13 11:00:00Z;-1,32;2;3
1975-09-14 11:00:00Z;-1,25;2;3
1975-09-15 11:00:00Z;-1,18;0;3
1975-09-16 11:00:00Z;-0,9;2;3
1975-09-17 11:00:00Z;-0,62;0;3
1975-09-18 11:00:00Z;-0,48;2;3
1975-09-19 11:00:00Z;-0,34;2;3
1975-09-20 11:00:00Z;-0,19;2;3
1975-09-21 11:00:00Z;-0,05;2;3
1975-09-22 11:00:00Z;0,09;0;3
1975-09-23 11:00:00Z;0,17;2;3
1975-09-24 11:00:00Z;0,26;0;3
1975-09-25 11:00:00Z;0,25;2;3
1975-09-26 11:00:00Z;0,25;2;3
1975-09-27 11:00:00Z;0,24;2;3
1975-09-28 11:00:00Z;0,24;2;3
1975-09-29 11:00:00Z;0,23;0;3
1975-09-30 11:00:00Z;0,18;0;3
1975-10-01 11:00:00Z;0,17;2;3
1975-10-02 11:00:00Z;0,17;2;3
1975-10-03 11:00:00Z;0,16;2;3
1975-10-04 11:00:00Z;0,15;2;3
1975-10-05 11:00:00Z;0,15;2;3
1975-10-06 11:00:00Z;0,14;0;3
1975-10-07 11:00:00Z;0,14;2;3
1975-10-08 11:00:00Z;0,14;2;3
1975-10-09 11:00:00Z;0,14;2;3
1975-10-10 11:00:00Z;0,14;2;3
1975-10-11 11:00:00Z;0,14;2;3
1975-10-12 11:00:00Z;0,14;2;3
1975-10-13 11:00:00Z;0,14;0;3
1975-10-14 11:00:00Z;0,13;2;3
1975-10-15 11:00:00Z;0,12;2;3
1975-10-16 11:00:00Z;0,11;2;3
1975-10-17 11:00:00Z;0,09;2;3
1975-10-18 11:00:00Z;0,08;2;3
1975-10-19 11:00:00Z;0,07;2;3
1975-10-20 11:00:00Z;0,06;0;3
1975-10-21 11:00:00Z;0,09;2;3
1975-10-22 11:00:00Z;0,11;2;3
1975-10-23 11:00:00Z;0,14;2;3
1975-10-24 11:00:00Z;0,16;2;3
1975-10-25 11:00:00Z;0,19;2;3
1975-10-26 11:00:00Z;0,21;2;3
1975-10-27 11:00:00Z;0,24;0;3
1975-10-28 11:00:00Z;0,39;2;3
1975-10-29 11:00:00Z;0,54;0;3
1975-10-30 11:00:00Z;0,39;2;3
1975-10-31 11:00:00Z;0,23;0;3
1975-11-01 11:00:00Z;0,2;2;3
1975-11-02 11:00:00Z;0,18;2;3
1975-11-03 11:00:00Z;0,15;0;3
1975-11-04 11:00:00Z;0,14;2;3
1975-11-05 11:00:00Z;0,13;2;3
1975-11-06 11:00:00Z;0,12;2;3
1975-11-07 11:00:00Z;0,1;2;3
1975-11-08 11:00:00Z;0,09;2;3
1975-11-09 11:00:00Z;0,08;2;3
1975-11-10 11:00:00Z;0,07;0;3
1975-11-11 11:00:00Z;0,07;2;3
1975-11-12 11:00:00Z;0,08;2;3
1975-11-13 11:00:00Z;0,08;2;3
1975-11-14 11:00:00Z;0,09;2;3
1975-11-15 11:00:00Z;0,09;2;3
1975-11-16 11:00:00Z;0,1;2;3
1975-11-17 11:00:00Z;0,1;0;3
1975-11-18 11:00:00Z;0,07;2;3
1975-11-19 11:00:00Z;0,03;2;3
1975-11-20 11:00:00Z;0;2;3
1975-11-21 11:00:00Z;-0,03;2;3
1975-11-22 11:00:00Z;-0,06;2;3
1975-11-23 11:00:00Z;-0,1;2;3
1975-11-24 11:00:00Z;-0,13;0;3
1975-11-25 11:00:00Z;-0,19;2;3
1975-11-26 11:00:00Z;-0,26;2;3
1975-11-27 11:00:00Z;-0,32;2;3
1975-11-28 11:00:00Z;-0,38;2;3
1975-11-29 11:00:00Z;-0,45;2;3
1975-11-30 11:00:00Z;-0,51;0;3
1975-12-01 11:00:00Z;-0,61;2;3
1975-12-02 11:00:00Z;-0,7;0;3
1975-12-03 11:00:00Z;-0,78;2;3
1975-12-04 11:00:00Z;-0,87;0;3
1975-12-05 11:00:00Z;-0,86;2;3
1975-12-06 11:00:00Z;-0,86;2;3
1975-12-07 11:00:00Z;-0,85;2;3
1975-12-08 11:00:00Z;-0,84;0;3
1975-12-09 11:00:00Z;-0,69;2;3
1975-12-10 11:00:00Z;-0,53;2;3
1975-12-11 11:00:00Z;-0,38;2;3
1975-12-12 11:00:00Z;-0,23;2;3
1975-12-13 11:00:00Z;-0,08;2;3
1975-12-14 11:00:00Z;0,08;2;3
1975-12-15 11:00:00Z;0,23;0;3
1975-12-16 11:00:00Z;0,24;2;3
1975-12-17 11:00:00Z;0,25;2;3
1975-12-18 11:00:00Z;0,26;2;3
1975-12-19 11:00:00Z;0,28;2;3
1975-12-20 11:00:00Z;0,29;2;3
1975-12-21 11:00:00Z;0,3;2;3
1975-12-22 11:00:00Z;0,31;0;3
1975-12-23 11:00:00Z;0,36;2;3
1975-12-24 11:00:00Z;0,41;2;3
1975-12-25 11:00:00Z;0,45;2;3
1975-12-26 11:00:00Z;0,5;2;3
1975-12-27 11:00:00Z;0,55;0;3
1975-12-28 11:00:00Z;0,47;2;3
1975-12-29 11:00:00Z;0,38;2;3
1975-12-30 11:00:00Z;0,3;2;3
1975-12-31 11:00:00Z;0,22;0;3
1976-01-01 11:00:00Z;0,19;2;3
1976-01-02 11:00:00Z;0,15;2;3
1976-01-03 11:00:00Z;0,12;2;3
1976-01-04 11:00:00Z;0,08;2;3
1976-01-05 11:00:00Z;0,05;0;3
1976-01-06 11:00:00Z;0,06;2;3
1976-01-07 11:00:00Z;0,07;2;3
1976-01-08 11:00:00Z;0,08;2;3
1976-01-09 11:00:00Z;0,1;2;3
1976-01-10 11:00:00Z;0,11;2;3
1976-01-11 11:00:00Z;0,12;2;3
1976-01-12 11:00:00Z;0,13;0;3
1976-01-13 11:00:00Z;0,13;2;3
1976-01-14 11:00:00Z;0,14;2;3
1976-01-15 11:00:00Z;0,14;2;3
1976-01-16 11:00:00Z;0,15;2;3
1976-01-17 11:00:00Z;0,15;2;3
1976-01-18 11:00:00Z;0,16;2;3
1976-01-19 11:00:00Z;0,16;0;3
1976-01-20 11:00:00Z;0,15;2;3
1976-01-21 11:00:00Z;0,15;2;3
1976-01-22 11:00:00Z;0,14;2;3
1976-01-23 11:00:00Z;0,13;2;3
1976-01-24 11:00:00Z;0,12;2;3
1976-01-25 11:00:00Z;0,12;2;3
1976-01-26 11:00:00Z;0,11;0;3
1976-01-27 11:00:00Z;0,12;2;3
1976-01-28 11:00:00Z;0,12;2;3
1976-01-29 11:00:00Z;0,13;2;3
1976-01-30 11:00:00Z;0,13;2;3
1976-01-31 11:00:00Z;0,14;2;3
1976-02-01 11:00:00Z;0,14;2;3
1976-02-02 11:00:00Z;0,15;0;3
1976-02-03 11:00:00Z;0,12;2;3
1976-02-04 11:00:00Z;0,1;2;3
1976-02-05 11:00:00Z;0,07;2;3
1976-02-06 11:00:00Z;0,04;2;3
1976-02-07 11:00:00Z;0,01;2;3
1976-02-08 11:00:00Z;-0,01;2;3
1976-02-09 11:00:00Z;-0,04;2;3
1976-02-10 11:00:00Z;-0,07;2;3
1976-02-11 11:00:00Z;-0,09;2;3
1976-02-12 11:00:00Z;-0,12;2;3
1976-02-13 11:00:00Z;-0,15;2;3
1976-02-14 11:00:00Z;-0,18;2;3
1976-02-15 11:00:00Z;-0,2;2;3
1976-02-16 11:00:00Z;-0,23;0;3
1976-02-17 11:00:00Z;-0,26;2;3
1976-02-18 11:00:00Z;-0,29;2;3
1976-02-19 11:00:00Z;-0,32;2;3
1976-02-20 11:00:00Z;-0,34;2;3
1976-02-21 11:00:00Z;-0,37;2;3
1976-02-22 11:00:00Z;-0,4;2;3
1976-02-23 11:00:00Z;-0,43;0;3
1976-02-24 11:00:00Z;-0,44;2;3
1976-02-25 11:00:00Z;-0,44;2;3
1976-02-26 11:00:00Z;-0,45;2;3
1976-02-27 11:00:00Z;-0,45;2;3
1976-02-28 11:00:00Z;-0,46;2;3
1976-02-29 11:00:00Z;-0,46;2;3
1976-03-01 11:00:00Z;-0,47;0;3
1976-03-02 11:00:00Z;-0,49;2;3
1976-03-03 11:00:00Z;-0,5;2;3
1976-03-04 11:00:00Z;-0,52;2;3
1976-03-05 11:00:00Z;-0,53;2;3
1976-03-06 11:00:00Z;-0,55;2;3
1976-03-07 11:00:00Z;-0,56;2;3
1976-03-08 11:00:00Z;-0,58;0;3
1976-03-09 11:00:00Z;-0,67;2;3
1976-03-10 11:00:00Z;-0,76;2;3
1976-03-11 11:00:00Z;-0,85;2;3
1976-03-12 11:00:00Z;-0,94;2;3
1976-03-13 11:00:00Z;-1,03;2;3
1976-03-14 11:00:00Z;-1,12;2;3
1976-03-15 11:00:00Z;-1,21;0;3
1976-03-16 11:00:00Z;-1,29;2;3
1976-03-17 11:00:00Z;-1,37;2;3
1976-03-18 11:00:00Z;-1,45;2;3
1976-03-19 11:00:00Z;-1,52;2;3
1976-03-20 11:00:00Z;-1,6;2;3
1976-03-21 11:00:00Z;-1,68;2;3
1976-03-22 11:00:00Z;-1,76;0;3
1976-03-23 11:00:00Z;-1,83;2;3
1976-03-24 11:00:00Z;-1,9;2;3
1976-03-25 11:00:00Z;-1,97;2;3
1976-03-26 11:00:00Z;-2,04;2;3
1976-03-27 11:00:00Z;-2,1;2;3
1976-03-28 11:00:00Z;-2,17;2;3
1976-03-29 11:00:00Z;-2,24;2;3
1976-03-30 11:00:00Z;-2,31;2;3
1976-03-31 11:00:00Z;-2,38;0;3
1976-04-01 11:00:00Z;-2,38;2;3
1976-04-02 11:00:00Z;-2,37;2;3
1976-04-03 11:00:00Z;-2,37;2;3
1976-04-04 11:00:00Z;-2,36;2;3
1976-04-05 11:00:00Z;-2,36;0;3
1976-04-06 11:00:00Z;-2,29;2;3
1976-04-07 11:00:00Z;-2,21;2;3
1976-04-08 11:00:00Z;-2,14;2;3
1976-04-09 11:00:00Z;-2,06;2;3
1976-04-10 11:00:00Z;-1,99;2;3
1976-04-11 11:00:00Z;-1,91;2;3
1976-04-12 11:00:00Z;-1,84;0;3
1976-04-13 11:00:00Z;-1,72;2;3
1976-04-14 11:00:00Z;-1,61;2;3
1976-04-15 11:00:00Z;-1,49;2;3
1976-04-16 11:00:00Z;-1,37;2;3
1976-04-17 11:00:00Z;-1,25;2;3
1976-04-18 11:00:00Z;-1,13;2;3
1976-04-19 11:00:00Z;-1,02;2;3
1976-04-20 11:00:00Z;-0,9;0;3
1976-04-21 11:00:00Z;-0,89;2;3
1976-04-22 11:00:00Z;-0,89;2;3
1976-04-23 11:00:00Z;-0,88;2;3
1976-04-24 11:00:00Z;-0,88;2;3
1976-04-25 11:00:00Z;-0,88;2;3
1976-04-26 11:00:00Z;-0,87;0;3
1976-04-27 11:00:00Z;-0,9;2;3
1976-04-28 11:00:00Z;-0,94;2;3
1976-04-29 11:00:00Z;-0,97;2;3
1976-04-30 11:00:00Z;-1;0;3
1976-05-01 11:00:00Z;-1,03;2;3
1976-05-02 11:00:00Z;-1,06;2;3
1976-05-03 11:00:00Z;-1,09;0;3
1976-05-04 11:00:00Z;-0,92;2;3
1976-05-05 11:00:00Z;-0,75;2;3
1976-05-06 11:00:00Z;-0,58;2;3
1976-05-07 11:00:00Z;-0,41;2;3
1976-05-08 11:00:00Z;-0,24;2;3
1976-05-09 11:00:00Z;-0,07;2;3
1976-05-10 11:00:00Z;0,1;0;3
1976-05-11 11:00:00Z;0,11;2;3
1976-05-12 11:00:00Z;0,12;2;3
1976-05-13 11:00:00Z;0,13;2;3
1976-05-14 11:00:00Z;0,14;2;3
1976-05-15 11:00:00Z;0,16;2;3
1976-05-16 11:00:00Z;0,17;2;3
1976-05-17 11:00:00Z;0,18;2;3
1976-05-18 11:00:00Z;0,19;0;3
1976-05-19 11:00:00Z;0,17;2;3
1976-05-20 11:00:00Z;0,16;2;3
1976-05-21 11:00:00Z;0,14;2;3
1976-05-22 11:00:00Z;0,12;2;3
1976-05-23 11:00:00Z;0,11;2;3
1976-05-24 11:00:00Z;0,09;0;3
1976-05-25 11:00:00Z;0,06;2;3
1976-05-26 11:00:00Z;0,03;2;3
1976-05-27 11:00:00Z;0;2;3
1976-05-28 11:00:00Z;-0,02;2;3
1976-05-29 11:00:00Z;-0,05;2;3
1976-05-30 11:00:00Z;-0,08;2;3
1976-05-31 11:00:00Z;-0,11;0;3
1976-06-01 11:00:00Z;-0,2;2;3
1976-06-02 11:00:00Z;-0,29;2;3
1976-06-03 11:00:00Z;-0,37;2;3
1976-06-04 11:00:00Z;-0,46;0;3
1976-06-05 11:00:00Z;-0,49;2;3
1976-06-06 11:00:00Z;-0,52;2;3
1976-06-07 11:00:00Z;-0,55;2;3
1976-06-08 11:00:00Z;-0,58;0;3
1976-06-09 11:00:00Z;-0,63;2;3
1976-06-10 11:00:00Z;-0,68;2;3
1976-06-11 11:00:00Z;-0,74;2;3
1976-06-12 11:00:00Z;-0,79;2;3
1976-06-13 11:00:00Z;-0,84;2;3
1976-06-14 11:00:00Z;-0,89;0;3
1976-06-15 11:00:00Z;-0,93;2;3
1976-06-16 11:00:00Z;-0,98;2;3
1976-06-17 11:00:00Z;-1,02;2;3
1976-06-18 11:00:00Z;-1,07;2;3
1976-06-19 11:00:00Z;-1,11;2;3
1976-06-20 11:00:00Z;-1,16;2;3
1976-06-21 11:00:00Z;-1,2;0;3
1976-06-22 11:00:00Z;-1,19;2;3
1976-06-23 11:00:00Z;-1,17;2;3
1976-06-24 11:00:00Z;-1,16;2;3
1976-06-25 11:00:00Z;-1,14;2;3
1976-06-26 11:00:00Z;-1,13;2;3
1976-06-27 11:00:00Z;-1,11;2;3
1976-06-28 11:00:00Z;-1,1;0;3
1976-06-29 11:00:00Z;-1,05;2;3
1976-06-30 11:00:00Z;-1;0;3
1976-07-01 11:00:00Z;-0,98;2;3
1976-07-02 11:00:00Z;-0,96;2;3
1976-07-03 11:00:00Z;-0,93;2;3
1976-07-04 11:00:00Z;-0,91;2;3
1976-07-05 11:00:00Z;-0,89;0;3
1976-07-06 11:00:00Z;-0,94;2;3
1976-07-07 11:00:00Z;-0,99;2;3
1976-07-08 11:00:00Z;-1,04;2;3
1976-07-09 11:00:00Z;-1,09;2;3
1976-07-10 11:00:00Z;-1,14;2;3
1976-07-11 11:00:00Z;-1,19;2;3
1976-07-12 11:00:00Z;-1,24;0;3
1976-07-13 11:00:00Z;-1,29;2;3
1976-07-14 11:00:00Z;-1,33;2;3
1976-07-15 11:00:00Z;-1,38;2;3
1976-07-16 11:00:00Z;-1,42;2;3
1976-07-17 11:00:00Z;-1,47;2;3
1976-07-18 11:00:00Z;-1,51;2;3
1976-07-19 11:00:00Z;-1,56;0;3
1976-07-20 11:00:00Z;-1,62;2;3
1976-07-21 11:00:00Z;-1,68;2;3
1976-07-22 11:00:00Z;-1,74;2;3
1976-07-23 11:00:00Z;-1,8;2;3
1976-07-24 11:00:00Z;-1,86;2;3
1976-07-25 11:00:00Z;-1,92;2;3
1976-07-26 11:00:00Z;-1,98;0;3
1976-07-27 11:00:00Z;-1,95;2;3
1976-07-28 11:00:00Z;-1,93;2;3
1976-07-29 11:00:00Z;-1,9;2;3
1976-07-30 11:00:00Z;-1,88;2;3
1976-07-31 11:00:00Z;-1,85;0;3
1976-08-01 11:00:00Z;-1,83;2;3
1976-08-02 11:00:00Z;-1,81;2;3
1976-08-03 11:00:00Z;-1,79;2;3
1976-08-04 11:00:00Z;-1,77;2;3
1976-08-05 11:00:00Z;-1,76;2;3
1976-08-06 11:00:00Z;-1,74;2;3
1976-08-07 11:00:00Z;-1,72;2;3
1976-08-08 11:00:00Z;-1,7;2;3
1976-08-09 11:00:00Z;-1,68;0;3
1976-08-10 11:00:00Z;-1,74;2;3
1976-08-11 11:00:00Z;-1,81;2;3
1976-08-12 11:00:00Z;-1,87;2;3
1976-08-13 11:00:00Z;-1,93;2;3
1976-08-14 11:00:00Z;-1,99;2;3
1976-08-15 11:00:00Z;-2,06;2;3
1976-08-16 11:00:00Z;-2,12;0;3
1976-08-17 11:00:00Z;-2,14;2;3
1976-08-18 11:00:00Z;-2,17;2;3
1976-08-19 11:00:00Z;-2,19;2;3
1976-08-20 11:00:00Z;-2,22;2;3
1976-08-21 11:00:00Z;-2,24;2;3
1976-08-22 11:00:00Z;-2,27;2;3
1976-08-23 11:00:00Z;-2,29;0;3
1976-08-24 11:00:00Z;-2,29;2;3
1976-08-25 11:00:00Z;-2,29;2;3
1976-08-26 11:00:00Z;-2,29;2;3
1976-08-27 11:00:00Z;-2,3;2;3
1976-08-28 11:00:00Z;-2,3;2;3
1976-08-29 11:00:00Z;-2,3;2;3
1976-08-30 11:00:00Z;-2,3;2;3
1976-08-31 11:00:00Z;-2,3;0;3
1976-09-01 11:00:00Z;-2,19;2;3
1976-09-02 11:00:00Z;-2,08;2;3
1976-09-03 11:00:00Z;-1,97;2;3
1976-09-04 11:00:00Z;-1,87;2;3
1976-09-05 11:00:00Z;-1,76;2;3
1976-09-06 11:00:00Z;-1,65;0;3
1976-09-07 11:00:00Z;-1,52;2;3
1976-09-08 11:00:00Z;-1,39;2;3
1976-09-09 11:00:00Z;-1,26;2;3
1976-09-10 11:00:00Z;-1,14;2;3
1976-09-11 11:00:00Z;-1,01;2;3
1976-09-12 11:00:00Z;-0,88;2;3
1976-09-13 11:00:00Z;-0,75;0;3
1976-09-14 11:00:00Z;-0,83;2;3
1976-09-15 11:00:00Z;-0,92;2;3
1976-09-16 11:00:00Z;-1;2;3
1976-09-17 11:00:00Z;-1,08;2;3
1976-09-18 11:00:00Z;-1,16;2;3
1976-09-19 11:00:00Z;-1,25;2;3
1976-09-20 11:00:00Z;-1,33;0;3
1976-09-21 11:00:00Z;-1,39;2;3
1976-09-22 11:00:00Z;-1,46;2;3
1976-09-23 11:00:00Z;-1,52;2;3
1976-09-24 11:00:00Z;-1,59;2;3
1976-09-25 11:00:00Z;-1,65;2;3
1976-09-26 11:00:00Z;-1,72;2;3
1976-09-27 11:00:00Z;-1,78;0;3
1976-09-28 11:00:00Z;-1,82;2;3
1976-09-29 11:00:00Z;-1,85;2;3
1976-09-30 11:00:00Z;-1,89;0;3
1976-10-01 11:00:00Z;-1,92;2;3
1976-10-02 11:00:00Z;-1,95;2;3
1976-10-03 11:00:00Z;-1,99;2;3
1976-10-04 11:00:00Z;-2,02;0;3
1976-10-05 11:00:00Z;-2,12;2;3
1976-10-06 11:00:00Z;-2,23;2;3
1976-10-07 11:00:00Z;-2,33;2;3
1976-10-08 11:00:00Z;-2,43;2;3
1976-10-09 11:00:00Z;-2,53;2;3
1976-10-10 11:00:00Z;-2,64;2;3
1976-10-11 11:00:00Z;-2,74;0;3
1976-10-12 11:00:00Z;-2,71;2;3
1976-10-13 11:00:00Z;-2,69;2;3
1976-10-14 11:00:00Z;-2,66;2;3
1976-10-15 11:00:00Z;-2,63;2;3
1976-10-16 11:00:00Z;-2,6;2;3
1976-10-17 11:00:00Z;-2,58;2;3
1976-10-18 11:00:00Z;-2,55;0;3
1976-10-19 11:00:00Z;-2,58;2;3
1976-10-20 11:00:00Z;-2,61;2;3
1976-10-21 11:00:00Z;-2,64;2;3
1976-10-22 11:00:00Z;-2,66;2;3
1976-10-23 11:00:00Z;-2,69;2;3
1976-10-24 11:00:00Z;-2,72;2;3
1976-10-25 11:00:00Z;-2,75;0;3
1976-10-26 11:00:00Z;-2,76;2;3
1976-10-27 11:00:00Z;-2,78;2;3
1976-10-28 11:00:00Z;-2,79;2;3
1976-10-29 11:00:00Z;-2,8;2;3
1976-10-30 11:00:00Z;-2,82;2;3
1976-10-31 11:00:00Z;-2,83;0;3
1976-11-01 11:00:00Z;-2,84;2;3
1976-11-02 11:00:00Z;-2,86;2;3
1976-11-03 11:00:00Z;-2,87;2;3
1976-11-04 11:00:00Z;-2,88;2;3
1976-11-05 11:00:00Z;-2,89;2;3
1976-11-06 11:00:00Z;-2,9;2;3
1976-11-07 11:00:00Z;-2,92;2;3
1976-11-08 11:00:00Z;-2,93;0;3
1976-11-09 11:00:00Z;-2,93;2;3
1976-11-10 11:00:00Z;-2,94;2;3
1976-11-11 11:00:00Z;-2,94;2;3
1976-11-12 11:00:00Z;-2,94;2;3
1976-11-13 11:00:00Z;-2,94;2;3
1976-11-14 11:00:00Z;-2,95;2;3
1976-11-15 11:00:00Z;-2,95;0;3
1976-11-16 11:00:00Z;-2,89;2;3
1976-11-17 11:00:00Z;-2,82;2;3
1976-11-18 11:00:00Z;-2,76;2;3
1976-11-19 11:00:00Z;-2,69;2;3
1976-11-20 11:00:00Z;-2,63;2;3
1976-11-21 11:00:00Z;-2,56;2;3
1976-11-22 11:00:00Z;-2,5;0;3
1976-11-23 11:00:00Z;-2,44;2;3
1976-11-24 11:00:00Z;-2,39;2;3
1976-11-25 11:00:00Z;-2,34;2;3
1976-11-26 11:00:00Z;-2,28;2;3
1976-11-27 11:00:00Z;-2,22;2;3
1976-11-28 11:00:00Z;-2,17;2;3
1976-11-29 11:00:00Z;-2,12;2;3
1976-11-30 11:00:00Z;-2,06;0;3
1976-12-01 11:00:00Z;-2,08;2;3
1976-12-02 11:00:00Z;-2,1;2;3
1976-12-03 11:00:00Z;-2,12;2;3
1976-12-04 11:00:00Z;-2,13;2;3
1976-12-05 11:00:00Z;-2,15;2;3
1976-12-06 11:00:00Z;-2,17;0;3
1976-12-07 11:00:00Z;-2,19;2;3
1976-12-08 11:00:00Z;-2,21;2;3
1976-12-09 11:00:00Z;-2,23;2;3
1976-12-10 11:00:00Z;-2,25;2;3
1976-12-11 11:00:00Z;-2,27;2;3
1976-12-12 11:00:00Z;-2,29;2;3
1976-12-13 11:00:00Z;-2,31;0;3
1976-12-14 11:00:00Z;-2,36;2;3
1976-12-15 11:00:00Z;-2,4;2;3
1976-12-16 11:00:00Z;-2,45;2;3
1976-12-17 11:00:00Z;-2,49;2;3
1976-12-18 11:00:00Z;-2,54;2;3
1976-12-19 11:00:00Z;-2,58;2;3
1976-12-20 11:00:00Z;-2,63;0;3
1976-12-21 11:00:00Z;-2,63;2;3
1976-12-22 11:00:00Z;-2,64;2;3
1976-12-23 11:00:00Z;-2,64;2;3
1976-12-24 11:00:00Z;-2,65;2;3
1976-12-25 11:00:00Z;-2,65;2;3
1976-12-26 11:00:00Z;-2,66;2;3
1976-12-27 11:00:00Z;-2,66;2;3
1976-12-28 11:00:00Z;-2,67;2;3
1976-12-29 11:00:00Z;-2,67;2;3
1976-12-30 11:00:00Z;-2,68;2;3
1976-12-31 11:00:00Z;-2,68;0;3
1977-01-01 11:00:00Z;-2,7;2;3
1977-01-02 11:00:00Z;-2,72;2;3
1977-01-03 11:00:00Z;-2,74;0;3
1977-01-04 11:00:00Z;-2,75;2;3
1977-01-05 11:00:00Z;-2,75;2;3
1977-01-06 11:00:00Z;-2,76;2;3
1977-01-07 11:00:00Z;-2,76;2;3
1977-01-08 11:00:00Z;-2,77;2;3
1977-01-09 11:00:00Z;-2,78;2;3
1977-01-10 11:00:00Z;-2,78;2;3
1977-01-11 11:00:00Z;-2,79;2;3
1977-01-12 11:00:00Z;-2,79;2;3
1977-01-13 11:00:00Z;-2,8;0;3
1977-01-14 11:00:00Z;-2,82;2;3
1977-01-15 11:00:00Z;-2,84;2;3
1977-01-16 11:00:00Z;-2,87;2;3
1977-01-17 11:00:00Z;-2,89;2;3
1977-01-18 11:00:00Z;-2,91;2;3
1977-01-19 11:00:00Z;-2,93;2;3
1977-01-20 11:00:00Z;-2,95;2;3
1977-01-21 11:00:00Z;-2,97;2;3
1977-01-22 11:00:00Z;-3;2;3
1977-01-23 11:00:00Z;-3,02;2;3
1977-01-24 11:00:00Z;-3,04;0;3
1977-01-25 11:00:00Z;-3,05;2;3
1977-01-26 11:00:00Z;-3,06;2;3
1977-01-27 11:00:00Z;-3,07;2;3
1977-01-28 11:00:00Z;-3,09;2;3
1977-01-29 11:00:00Z;-3,1;2;3
1977-01-30 11:00:00Z;-3,11;2;3
1977-01-31 11:00:00Z;-3,12;0;3
1977-02-01 11:00:00Z;-3,12;2;3
1977-02-02 11:00:00Z;-3,12;2;3
1977-02-03 11:00:00Z;-3,12;2;3
1977-02-04 11:00:00Z;-3,12;2;3
1977-02-05 11:00:00Z;-3,12;2;3
1977-02-06 11:00:00Z;-3,13;2;3
1977-02-07 11:00:00Z;-3,13;2;3
1977-02-08 11:00:00Z;-3,13;2;3
1977-02-09 11:00:00Z;-3,13;2;3
1977-02-10 11:00:00Z;-3,13;0;3
1977-02-11 11:00:00Z;-3,17;2;3
1977-02-12 11:00:00Z;-3,2;2;3
1977-02-13 11:00:00Z;-3,24;2;3
1977-02-14 11:00:00Z;-3,27;2;3
1977-02-15 11:00:00Z;-3,31;2;3
1977-02-16 11:00:00Z;-3,34;2;3
1977-02-17 11:00:00Z;-3,38;0;3
1977-02-18 11:00:00Z;-3,39;2;3
1977-02-19 11:00:00Z;-3,41;2;3
1977-02-20 11:00:00Z;-3,42;2;3
1977-02-21 11:00:00Z;-3,43;2;3
1977-02-22 11:00:00Z;-3,45;2;3
1977-02-23 11:00:00Z;-3,46;2;3
1977-02-24 11:00:00Z;-3,48;2;3
1977-02-25 11:00:00Z;-3,49;2;3
1977-02-26 11:00:00Z;-3,5;2;3
1977-02-27 11:00:00Z;-3,52;2;3
1977-02-28 11:00:00Z;-3,53;0;3
1977-03-01 11:00:00Z;-3,53;0;3
1977-03-02 11:00:00Z;-3,48;2;3
1977-03-03 11:00:00Z;-3,44;2;3
1977-03-04 11:00:00Z;-3,39;2;3
1977-03-05 11:00:00Z;-3,35;2;3
1977-03-06 11:00:00Z;-3,3;2;3
1977-03-07 11:00:00Z;-3,25;2;3
1977-03-08 11:00:00Z;-3,21;2;3
1977-03-09 11:00:00Z;-3,16;2;3
1977-03-10 11:00:00Z;-3,11;2;3
1977-03-11 11:00:00Z;-3,07;2;3
1977-03-12 11:00:00Z;-3,02;2;3
1977-03-13 11:00:00Z;-2,98;2;3
1977-03-14 11:00:00Z;-2,93;0;3
1977-03-15 11:00:00Z;-2,87;2;3
1977-03-16 11:00:00Z;-2,8;2;3
1977-03-17 11:00:00Z;-2,74;2;3
1977-03-18 11:00:00Z;-2,68;2;3
1977-03-19 11:00:00Z;-2,62;2;3
1977-03-20 11:00:00Z;-2,55;2;3
1977-03-21 11:00:00Z;-2,49;2;3
1977-03-22 11:00:00Z;-2,43;2;3
1977-03-23 11:00:00Z;-2,36;2;3
1977-03-24 11:00:00Z;-2,3;2;3
1977-03-25 11:00:00Z;-2,24;2;3
1977-03-26 11:00:00Z;-2,18;2;3
1977-03-27 11:00:00Z;-2,11;2;3
1977-03-28 11:00:00Z;-2,05;0;3
1977-03-29 11:00:00Z;-2,07;2;3
1977-03-30 11:00:00Z;-2,1;2;3
1977-03-31 11:00:00Z;-2,12;0;3
1977-04-01 11:00:00Z;-2,19;2;3
1977-04-02 11:00:00Z;-2,25;2;3
1977-04-03 11:00:00Z;-2,32;2;3
1977-04-04 11:00:00Z;-2,39;2;3
1977-04-05 11:00:00Z;-2,46;2;3
1977-04-06 11:00:00Z;-2,53;2;3
1977-04-07 11:00:00Z;-2,59;2;3
1977-04-08 11:00:00Z;-2,66;2;3
1977-04-09 11:00:00Z;-2,73;2;3
1977-04-10 11:00:00Z;-2,8;2;3
1977-04-11 11:00:00Z;-2,86;2;3
1977-04-12 11:00:00Z;-2,93;0;3
1977-04-13 11:00:00Z;-2,9;2;3
1977-04-14 11:00:00Z;-2,86;2;3
1977-04-15 11:00:00Z;-2,83;2;3
1977-04-16 11:00:00Z;-2,79;2;3
1977-04-17 11:00:00Z;-2,76;2;3
1977-04-18 11:00:00Z;-2,72;2;3
1977-04-19 11:00:00Z;-2,69;2;3
1977-04-20 11:00:00Z;-2,65;2;3
1977-04-21 11:00:00Z;-2,62;2;3
1977-04-22 11:00:00Z;-2,59;2;3
1977-04-23 11:00:00Z;-2,55;2;3
1977-04-24 11:00:00Z;-2,52;2;3
1977-04-25 11:00:00Z;-2,48;2;3
1977-04-26 11:00:00Z;-2,45;2;3
1977-04-27 11:00:00Z;-2,41;2;3
1977-04-28 11:00:00Z;-2,38;2;3
1977-04-29 11:00:00Z;-2,34;2;3
1977-04-30 11:00:00Z;-2,31;0;3
1977-05-01 11:00:00Z;-2,31;2;3
1977-05-02 11:00:00Z;-2,31;0;3
1977-05-03 11:00:00Z;-2,18;2;3
1977-05-04 11:00:00Z;-2,06;2;3
1977-05-05 11:00:00Z;-1,93;2;3
1977-05-06 11:00:00Z;-1,81;0;3
1977-05-07 11:00:00Z;-1,73;2;3
1977-05-08 11:00:00Z;-1,66;2;3
1977-05-09 11:00:00Z;-1,58;0;3
1977-05-10 11:00:00Z;-1,56;2;3
1977-05-11 11:00:00Z;-1,54;2;3
1977-05-12 11:00:00Z;-1,52;2;3
1977-05-13 11:00:00Z;-1,5;2;3
1977-05-14 11:00:00Z;-1,48;2;3
1977-05-15 11:00:00Z;-1,46;2;3
1977-05-16 11:00:00Z;-1,44;0;3
1977-05-17 11:00:00Z;-1,46;2;3
1977-05-18 11:00:00Z;-1,48;2;3
1977-05-19 11:00:00Z;-1,5;2;3
1977-05-20 11:00:00Z;-1,53;2;3
1977-05-21 11:00:00Z;-1,55;2;3
1977-05-22 11:00:00Z;-1,57;2;3
1977-05-23 11:00:00Z;-1,59;0;3
1977-05-24 11:00:00Z;-1,62;2;3
1977-05-25 11:00:00Z;-1,64;2;3
1977-05-26 11:00:00Z;-1,67;2;3
1977-05-27 11:00:00Z;-1,7;2;3
1977-05-28 11:00:00Z;-1,73;2;3
1977-05-29 11:00:00Z;-1,75;2;3
1977-05-30 11:00:00Z;-1,78;2;3
1977-05-31 11:00:00Z;-1,81;0;3
1977-06-01 11:00:00Z;-1,66;2;3
1977-06-02 11:00:00Z;-1,52;2;3
1977-06-03 11:00:00Z;-1,38;2;3
1977-06-04 11:00:00Z;-1,23;2;3
1977-06-05 11:00:00Z;-1,09;2;3
1977-06-06 11:00:00Z;-0,94;0;3
1977-06-07 11:00:00Z;-0,92;2;3
1977-06-08 11:00:00Z;-0,91;2;3
1977-06-09 11:00:00Z;-0,89;2;3
1977-06-10 11:00:00Z;-0,87;2;3
1977-06-11 11:00:00Z;-0,85;2;3
1977-06-12 11:00:00Z;-0,84;2;3
1977-06-13 11:00:00Z;-0,82;0;3
1977-06-14 11:00:00Z;-0,9;2;3
1977-06-15 11:00:00Z;-0,97;2;3
1977-06-16 11:00:00Z;-1,05;2;3
1977-06-17 11:00:00Z;-1,12;2;3
1977-06-18 11:00:00Z;-1,2;2;3
1977-06-19 11:00:00Z;-1,27;2;3
1977-06-20 11:00:00Z;-1,35;0;3
1977-06-21 11:00:00Z;-1,39;2;3
1977-06-22 11:00:00Z;-1,44;2;3
1977-06-23 11:00:00Z;-1,48;2;3
1977-06-24 11:00:00Z;-1,52;2;3
1977-06-25 11:00:00Z;-1,56;2;3
1977-06-26 11:00:00Z;-1,61;2;3
1977-06-27 11:00:00Z;-1,65;0;3
1977-06-28 11:00:00Z;-1,72;2;3
1977-06-29 11:00:00Z;-1,79;2;3
1977-06-30 11:00:00Z;-1,86;0;3
1977-07-01 11:00:00Z;-1,9;2;3
1977-07-02 11:00:00Z;-1,93;2;3
1977-07-03 11:00:00Z;-1,97;0;3
1977-07-04 11:00:00Z;-2;2;3
1977-07-05 11:00:00Z;-2,03;2;3
1977-07-06 11:00:00Z;-2,06;2;3
1977-07-07 11:00:00Z;-2,1;2;3
1977-07-08 11:00:00Z;-2,13;2;3
1977-07-09 11:00:00Z;-2,16;2;3
1977-07-10 11:00:00Z;-2,19;2;3
1977-07-11 11:00:00Z;-2,22;0;3
1977-07-12 11:00:00Z;-2,21;2;3
1977-07-13 11:00:00Z;-2,2;2;3
1977-07-14 11:00:00Z;-2,18;2;3
1977-07-15 11:00:00Z;-2,17;2;3
1977-07-16 11:00:00Z;-2,16;2;3
1977-07-17 11:00:00Z;-2,15;0;3
1977-07-18 11:00:00Z;-1,96;0;3
1977-07-19 11:00:00Z;-1,94;2;3
1977-07-20 11:00:00Z;-1,93;2;3
1977-07-21 11:00:00Z;-1,91;2;3
1977-07-22 11:00:00Z;-1,89;2;3
1977-07-23 11:00:00Z;-1,87;2;3
1977-07-24 11:00:00Z;-1,86;2;3
1977-07-25 11:00:00Z;-1,84;0;3
1977-07-26 11:00:00Z;-1,85;2;3
1977-07-27 11:00:00Z;-1,85;2;3
1977-07-28 11:00:00Z;-1,86;2;3
1977-07-29 11:00:00Z;-1,87;2;3
1977-07-30 11:00:00Z;-1,87;2;3
1977-07-31 11:00:00Z;-1,88;0;3
1977-08-01 11:00:00Z;-1,88;2;3
1977-08-02 11:00:00Z;-1,89;2;3
1977-08-03 11:00:00Z;-1,89;2;3
1977-08-04 11:00:00Z;-1,89;2;3
1977-08-05 11:00:00Z;-1,9;2;3
1977-08-06 11:00:00Z;-1,9;2;3
1977-08-07 11:00:00Z;-1,91;2;3
1977-08-08 11:00:00Z;-1,91;0;3
1977-08-09 11:00:00Z;-1,93;2;3
1977-08-10 11:00:00Z;-1,96;2;3
1977-08-11 11:00:00Z;-1,98;2;3
1977-08-12 11:00:00Z;-2;2;3
1977-08-13 11:00:00Z;-2,02;2;3
1977-08-14 11:00:00Z;-2,05;2;3
1977-08-15 11:00:00Z;-2,07;0;3
1977-08-16 11:00:00Z;-2,09;2;3
1977-08-17 11:00:00Z;-2,12;2;3
1977-08-18 11:00:00Z;-2,14;2;3
1977-08-19 11:00:00Z;-2,16;2;3
1977-08-20 11:00:00Z;-2,18;2;3
1977-08-21 11:00:00Z;-2,21;2;3
1977-08-22 11:00:00Z;-2,23;0;3
1977-08-23 11:00:00Z;-2,25;2;3
1977-08-24 11:00:00Z;-2,27;2;3
1977-08-25 11:00:00Z;-2,28;2;3
1977-08-26 11:00:00Z;-2,3;2;3
1977-08-27 11:00:00Z;-2,32;2;3
1977-08-28 11:00:00Z;-2,34;0;3
1977-08-29 11:00:00Z;-2,36;2;3
1977-08-30 11:00:00Z;-2,37;2;3
1977-08-31 11:00:00Z;-2,39;0;3
1977-09-01 11:00:00Z;-2,41;2;3
1977-09-02 11:00:00Z;-2,44;2;3
1977-09-03 11:00:00Z;-2,46;2;3
1977-09-04 11:00:00Z;-2,49;2;3
1977-09-05 11:00:00Z;-2,51;0;3
1977-09-06 11:00:00Z;-2,46;2;3
1977-09-07 11:00:00Z;-2,42;2;3
1977-09-08 11:00:00Z;-2,37;2;3
1977-09-09 11:00:00Z;-2,32;2;3
1977-09-10 11:00:00Z;-2,27;2;3
1977-09-11 11:00:00Z;-2,23;2;3
1977-09-12 11:00:00Z;-2,18;0;3
1977-09-13 11:00:00Z;-2,01;2;3
1977-09-14 11:00:00Z;-1,84;2;3
1977-09-15 11:00:00Z;-1,67;2;3
1977-09-16 11:00:00Z;-1,51;2;3
1977-09-17 11:00:00Z;-1,34;2;3
1977-09-18 11:00:00Z;-1,17;2;3
1977-09-19 11:00:00Z;-1;0;3
1977-09-20 11:00:00Z;-0,99;2;3
1977-09-21 11:00:00Z;-0,99;2;3
1977-09-22 11:00:00Z;-0,98;2;3
1977-09-23 11:00:00Z;-0,98;2;3
1977-09-24 11:00:00Z;-0,97;2;3
1977-09-25 11:00:00Z;-0,97;2;3
1977-09-26 11:00:00Z;-0,96;0;3
1977-09-27 11:00:00Z;-0,96;2;3
1977-09-28 11:00:00Z;-0,97;2;3
1977-09-29 11:00:00Z;-0,98;2;3
1977-09-30 11:00:00Z;-0,98;0;3
1977-10-01 11:00:00Z;-1;2;3
1977-10-02 11:00:00Z;-1,01;2;3
1977-10-03 11:00:00Z;-1,03;2;3
1977-10-04 11:00:00Z;-1,05;2;3
1977-10-05 11:00:00Z;-1,07;2;3
1977-10-06 11:00:00Z;-1,08;2;3
1977-10-07 11:00:00Z;-1,1;2;3
1977-10-08 11:00:00Z;-1,12;2;3
1977-10-09 11:00:00Z;-1,14;2;3
1977-10-10 11:00:00Z;-1,15;2;3
1977-10-11 11:00:00Z;-1,17;0;3
1977-10-12 11:00:00Z;-1,16;2;3
1977-10-13 11:00:00Z;-1,16;2;3
1977-10-14 11:00:00Z;-1,15;2;3
1977-10-15 11:00:00Z;-1,14;2;3
1977-10-16 11:00:00Z;-1,14;2;3
1977-10-17 11:00:00Z;-1,13;0;3
1977-10-18 11:00:00Z;-1,03;2;3
1977-10-19 11:00:00Z;-0,93;2;3
1977-10-20 11:00:00Z;-0,83;2;3
1977-10-21 11:00:00Z;-0,72;2;3
1977-10-22 11:00:00Z;-0,62;2;3
1977-10-23 11:00:00Z;-0,52;2;3
1977-10-24 11:00:00Z;-0,42;0;3
1977-10-25 11:00:00Z;-0,39;2;3
1977-10-26 11:00:00Z;-0,35;2;3
1977-10-27 11:00:00Z;-0,32;2;3
1977-10-28 11:00:00Z;-0,28;2;3
1977-10-29 11:00:00Z;-0,25;2;3
1977-10-30 11:00:00Z;-0,21;2;3
1977-10-31 11:00:00Z;-0,18;0;3
1977-11-01 11:00:00Z;-0,18;2;3
1977-11-02 11:00:00Z;-0,18;2;3
1977-11-03 11:00:00Z;-0,18;2;3
1977-11-04 11:00:00Z;-0,17;2;3
1977-11-05 11:00:00Z;-0,17;2;3
1977-11-06 11:00:00Z;-0,17;2;3
1977-11-07 11:00:00Z;-0,17;0;3
1977-11-08 11:00:00Z;-0,14;2;3
1977-11-09 11:00:00Z;-0,11;2;3
1977-11-10 11:00:00Z;-0,08;2;3
1977-11-11 11:00:00Z;-0,05;2;3
1977-11-12 11:00:00Z;-0,02;2;3
1977-11-13 11:00:00Z;0,01;2;3
1977-11-14 11:00:00Z;0,04;0;3
1977-11-15 11:00:00Z;0,03;2;3
1977-11-16 11:00:00Z;0,01;2;3
1977-11-17 11:00:00Z;0;2;3
1977-11-18 11:00:00Z;-0,01;2;3
1977-11-19 11:00:00Z;-0,02;2;3
1977-11-20 11:00:00Z;-0,04;2;3
1977-11-21 11:00:00Z;-0,05;0;3
1977-11-22 11:00:00Z;-0,06;2;3
1977-11-23 11:00:00Z;-0,07;2;3
1977-11-24 11:00:00Z;-0,08;0;3
1977-11-25 11:00:00Z;-0,07;2;3
1977-11-26 11:00:00Z;-0,05;2;3
1977-11-27 11:00:00Z;-0,04;2;3
1977-11-28 11:00:00Z;-0,03;2;3
1977-11-29 11:00:00Z;-0,01;2;3
1977-11-30 11:00:00Z;0;0;3
1977-12-01 11:00:00Z;0,22;0;3
1977-12-02 11:00:00Z;0,18;2;3
1977-12-03 11:00:00Z;0,13;2;3
1977-12-04 11:00:00Z;0,09;2;3
1977-12-05 11:00:00Z;0,05;0;3
1977-12-06 11:00:00Z;0;2;3
1977-12-07 11:00:00Z;-0,06;2;3
1977-12-08 11:00:00Z;-0,11;2;3
1977-12-09 11:00:00Z;-0,16;2;3
1977-12-10 11:00:00Z;-0,21;2;3
1977-12-11 11:00:00Z;-0,27;2;3
1977-12-12 11:00:00Z;-0,32;0;3
1977-12-13 11:00:00Z;-0,26;2;3
1977-12-14 11:00:00Z;-0,21;2;3
1977-12-15 11:00:00Z;-0,15;2;3
1977-12-16 11:00:00Z;-0,09;2;3
1977-12-17 11:00:00Z;-0,03;2;3
1977-12-18 11:00:00Z;0,02;2;3
1977-12-19 11:00:00Z;0,08;0;3
1977-12-20 11:00:00Z;0,09;2;3
1977-12-21 11:00:00Z;0,09;2;3
1977-12-22 11:00:00Z;0,1;2;3
1977-12-23 11:00:00Z;0,11;2;3
1977-12-24 11:00:00Z;0,12;2;3
1977-12-25 11:00:00Z;0,12;2;3
1977-12-26 11:00:00Z;0,13;0;3
1977-12-27 11:00:00Z;0,1;2;3
1977-12-28 11:00:00Z;0,06;2;3
1977-12-29 11:00:00Z;0,03;2;3
1977-12-30 11:00:00Z;-0,01;2;3
1977-12-31 11:00:00Z;-0,04;0;3
1978-01-01 11:00:00Z;0;2;3
1978-01-02 11:00:00Z;0,04;0;3
1978-01-03 11:00:00Z;0,08;2;3
1978-01-04 11:00:00Z;0,12;2;3
1978-01-05 11:00:00Z;0,16;2;3
1978-01-06 11:00:00Z;0,19;2;3
1978-01-07 11:00:00Z;0,23;2;3
1978-01-08 11:00:00Z;0,27;2;3
1978-01-09 11:00:00Z;0,31;0;3
1978-01-10 11:00:00Z;0,32;2;3
1978-01-11 11:00:00Z;0,32;2;3
1978-01-12 11:00:00Z;0,33;2;3
1978-01-13 11:00:00Z;0,34;2;3
1978-01-14 11:00:00Z;0,35;2;3
1978-01-15 11:00:00Z;0,35;2;3
1978-01-16 11:00:00Z;0,36;0;3
1978-01-17 11:00:00Z;0,3;2;3
1978-01-18 11:00:00Z;0,24;2;3
1978-01-19 11:00:00Z;0,18;2;3
1978-01-20 11:00:00Z;0,13;2;3
1978-01-21 11:00:00Z;0,07;2;3
1978-01-22 11:00:00Z;0,01;2;3
1978-01-23 11:00:00Z;-0,05;0;3
1978-01-24 11:00:00Z;-0,1;2;3
1978-01-25 11:00:00Z;-0,15;2;3
1978-01-26 11:00:00Z;-0,2;2;3
1978-01-27 11:00:00Z;-0,25;2;3
1978-01-28 11:00:00Z;-0,3;2;3
1978-01-29 11:00:00Z;-0,35;2;3
1978-01-30 11:00:00Z;-0,4;2;3
1978-01-31 11:00:00Z;-0,45;0;3
1978-02-01 11:00:00Z;-0,51;2;3
1978-02-02 11:00:00Z;-0,57;2;3
1978-02-03 11:00:00Z;-0,62;2;3
1978-02-04 11:00:00Z;-0,68;2;3
1978-02-05 11:00:00Z;-0,74;2;3
1978-02-06 11:00:00Z;-0,8;0;3
1978-02-07 11:00:00Z;-0,89;2;3
1978-02-08 11:00:00Z;-0,97;2;3
1978-02-09 11:00:00Z;-1,06;2;3
1978-02-10 11:00:00Z;-1,15;2;3
1978-02-11 11:00:00Z;-1,24;2;3
1978-02-12 11:00:00Z;-1,32;2;3
1978-02-13 11:00:00Z;-1,41;0;3
1978-02-14 11:00:00Z;-1,51;2;3
1978-02-15 11:00:00Z;-1,61;2;3
1978-02-16 11:00:00Z;-1,71;2;3
1978-02-17 11:00:00Z;-1,8;2;3
1978-02-18 11:00:00Z;-1,9;2;3
1978-02-19 11:00:00Z;-2;2;3
1978-02-20 11:00:00Z;-2,1;0;3
1978-02-21 11:00:00Z;-2,21;2;3
1978-02-22 11:00:00Z;-2,31;2;3
1978-02-23 11:00:00Z;-2,42;2;3
1978-02-24 11:00:00Z;-2,53;2;3
1978-02-25 11:00:00Z;-2,63;2;3
1978-02-26 11:00:00Z;-2,74;2;3
1978-02-27 11:00:00Z;-2,84;2;3
1978-02-28 11:00:00Z;-2,95;0;3
1978-03-01 11:00:00Z;-3,01;2;3
1978-03-02 11:00:00Z;-3,07;2;3
1978-03-03 11:00:00Z;-3,12;2;3
1978-03-04 11:00:00Z;-3,18;2;3
1978-03-05 11:00:00Z;-3,24;2;3
1978-03-06 11:00:00Z;-3,3;0;3
1978-03-07 11:00:00Z;-3,19;2;3
1978-03-08 11:00:00Z;-3,09;2;3
1978-03-09 11:00:00Z;-2,98;2;3
1978-03-10 11:00:00Z;-2,88;2;3
1978-03-11 11:00:00Z;-2,77;2;3
1978-03-12 11:00:00Z;-2,67;2;3
1978-03-13 11:00:00Z;-2,56;0;3
1978-03-14 11:00:00Z;-2,57;2;3
1978-03-15 11:00:00Z;-2,59;2;3
1978-03-16 11:00:00Z;-2,6;2;3
1978-03-17 11:00:00Z;-2,62;2;3
1978-03-18 11:00:00Z;-2,63;2;3
1978-03-19 11:00:00Z;-2,65;2;3
1978-03-20 11:00:00Z;-2,66;0;3
1978-03-21 11:00:00Z;-2,77;2;3
1978-03-22 11:00:00Z;-2,88;2;3
1978-03-23 11:00:00Z;-2,99;2;3
1978-03-24 11:00:00Z;-3,11;2;3
1978-03-25 11:00:00Z;-3,22;2;3
1978-03-26 11:00:00Z;-3,33;2;3
1978-03-27 11:00:00Z;-3,44;0;3
1978-03-28 11:00:00Z;-3,46;2;3
1978-03-29 11:00:00Z;-3,48;2;3
1978-03-30 11:00:00Z;-3,5;2;3
1978-03-31 11:00:00Z;-3,52;0;3
1978-04-01 11:00:00Z;-3,34;2;3
1978-04-02 11:00:00Z;-3,15;2;3
1978-04-03 11:00:00Z;-2,97;0;3
1978-04-04 11:00:00Z;-3;2;3
1978-04-05 11:00:00Z;-3,04;2;3
1978-04-06 11:00:00Z;-3,07;2;3
1978-04-07 11:00:00Z;-3,1;2;3
1978-04-08 11:00:00Z;-3,13;2;3
1978-04-09 11:00:00Z;-3,17;2;3
1978-04-10 11:00:00Z;-3,2;0;3
1978-04-11 11:00:00Z;-3,14;2;3
1978-04-12 11:00:00Z;-3,07;2;3
1978-04-13 11:00:00Z;-3,01;2;3
1978-04-14 11:00:00Z;-2,94;2;3
1978-04-15 11:00:00Z;-2,88;2;3
1978-04-16 11:00:00Z;-2,81;2;3
1978-04-17 11:00:00Z;-2,75;2;3
1978-04-18 11:00:00Z;-2,68;2;3
1978-04-19 11:00:00Z;-2,62;0;3
1978-04-20 11:00:00Z;-2,58;2;3
1978-04-21 11:00:00Z;-2,54;2;3
1978-04-22 11:00:00Z;-2,49;2;3
1978-04-23 11:00:00Z;-2,45;2;3
1978-04-24 11:00:00Z;-2,41;2;3
1978-04-25 11:00:00Z;-2,37;2;3
1978-04-26 11:00:00Z;-2,33;2;3
1978-04-27 11:00:00Z;-2,29;2;3
1978-04-28 11:00:00Z;-2,24;2;3
1978-04-29 11:00:00Z;-2,2;2;3
1978-04-30 11:00:00Z;-2,16;0;3
1978-05-01 11:00:00Z;-2,14;2;3
1978-05-02 11:00:00Z;-2,12;2;3
1978-05-03 11:00:00Z;-2,11;2;3
1978-05-04 11:00:00Z;-2,09;2;3
1978-05-05 11:00:00Z;-2,07;2;3
1978-05-06 11:00:00Z;-2,06;2;3
1978-05-07 11:00:00Z;-2,04;2;3
1978-05-08 11:00:00Z;-2,02;0;3
1978-05-09 11:00:00Z;-1,98;2;3
1978-05-10 11:00:00Z;-1,93;2;3
1978-05-11 11:00:00Z;-1,89;2;3
1978-05-12 11:00:00Z;-1,85;2;3
1978-05-13 11:00:00Z;-1,81;2;3
1978-05-14 11:00:00Z;-1,76;2;3
1978-05-15 11:00:00Z;-1,72;2;3
1978-05-16 11:00:00Z;-1,68;0;3
1978-05-17 11:00:00Z;-1,66;2;3
1978-05-18 11:00:00Z;-1,64;2;3
1978-05-19 11:00:00Z;-1,62;2;3
1978-05-20 11:00:00Z;-1,6;2;3
1978-05-21 11:00:00Z;-1,58;2;3
1978-05-22 11:00:00Z;-1,56;0;3
1978-05-23 11:00:00Z;-1,52;2;3
1978-05-24 11:00:00Z;-1,49;2;3
1978-05-25 11:00:00Z;-1,45;2;3
1978-05-26 11:00:00Z;-1,41;2;3
1978-05-27 11:00:00Z;-1,37;2;3
1978-05-28 11:00:00Z;-1,34;2;3
1978-05-29 11:00:00Z;-1,3;0;3
1978-05-30 11:00:00Z;-1,3;2;3
1978-05-31 11:00:00Z;-1,31;0;3
1978-06-01 11:00:00Z;-1,31;2;3
1978-06-02 11:00:00Z;-1,32;2;3
1978-06-03 11:00:00Z;-1,32;2;3
1978-06-04 11:00:00Z;-1,33;2;3
1978-06-05 11:00:00Z;-1,33;0;3
1978-06-06 11:00:00Z;-1,29;2;3
1978-06-07 11:00:00Z;-1,26;2;3
1978-06-08 11:00:00Z;-1,22;2;3
1978-06-09 11:00:00Z;-1,18;2;3
1978-06-10 11:00:00Z;-1,14;2;3
1978-06-11 11:00:00Z;-1,11;2;3
1978-06-12 11:00:00Z;-1,07;0;3
1978-06-13 11:00:00Z;-1,07;2;3
1978-06-14 11:00:00Z;-1,08;2;3
1978-06-15 11:00:00Z;-1,08;2;3
1978-06-16 11:00:00Z;-1,08;2;3
1978-06-17 11:00:00Z;-1,08;2;3
1978-06-18 11:00:00Z;-1,09;2;3
1978-06-19 11:00:00Z;-1,09;0;3
1978-06-20 11:00:00Z;-1,1;2;3
1978-06-21 11:00:00Z;-1,11;2;3
1978-06-22 11:00:00Z;-1,12;2;3
1978-06-23 11:00:00Z;-1,14;2;3
1978-06-24 11:00:00Z;-1,15;2;3
1978-06-25 11:00:00Z;-1,16;2;3
1978-06-26 11:00:00Z;-1,17;0;3
1978-06-27 11:00:00Z;-1,16;2;3
1978-06-28 11:00:00Z;-1,14;2;3
1978-06-29 11:00:00Z;-1,13;2;3
1978-06-30 11:00:00Z;-1,12;0;3
1978-07-01 11:00:00Z;-1,13;2;3
1978-07-02 11:00:00Z;-1,13;2;3
1978-07-03 11:00:00Z;-1,14;2;3
1978-07-04 11:00:00Z;-1,14;2;3
1978-07-05 11:00:00Z;-1,15;2;3
1978-07-06 11:00:00Z;-1,16;2;3
1978-07-07 11:00:00Z;-1,16;2;3
1978-07-08 11:00:00Z;-1,17;2;3
1978-07-09 11:00:00Z;-1,17;2;3
1978-07-10 11:00:00Z;-1,18;0;3
1978-07-11 11:00:00Z;-1,12;2;3
1978-07-12 11:00:00Z;-1,06;2;3
1978-07-13 11:00:00Z;-1;2;3
1978-07-14 11:00:00Z;-0,94;2;3
1978-07-15 11:00:00Z;-0,88;2;3
1978-07-16 11:00:00Z;-0,82;2;3
1978-07-17 11:00:00Z;-0,76;0;3
1978-07-18 11:00:00Z;-0,76;2;3
1978-07-19 11:00:00Z;-0,75;2;3
1978-07-20 11:00:00Z;-0,75;2;3
1978-07-21 11:00:00Z;-0,75;2;3
1978-07-22 11:00:00Z;-0,75;2;3
1978-07-23 11:00:00Z;-0,74;2;3
1978-07-24 11:00:00Z;-0,74;0;3
1978-07-25 11:00:00Z;-0,79;2;3
1978-07-26 11:00:00Z;-0,83;2;3
1978-07-27 11:00:00Z;-0,88;2;3
1978-07-28 11:00:00Z;-0,92;2;3
1978-07-29 11:00:00Z;-0,97;2;3
1978-07-30 11:00:00Z;-1,01;2;3
1978-07-31 11:00:00Z;-1,06;0;3
1978-08-01 11:00:00Z;-1,11;2;3
1978-08-02 11:00:00Z;-1,17;2;3
1978-08-03 11:00:00Z;-1,22;2;3
1978-08-04 11:00:00Z;-1,28;2;3
1978-08-05 11:00:00Z;-1,33;2;3
1978-08-06 11:00:00Z;-1,39;2;3
1978-08-07 11:00:00Z;-1,44;0;3
1978-08-08 11:00:00Z;-1,47;2;3
1978-08-09 11:00:00Z;-1,5;2;3
1978-08-10 11:00:00Z;-1,53;2;3
1978-08-11 11:00:00Z;-1,57;2;3
1978-08-12 11:00:00Z;-1,6;2;3
1978-08-13 11:00:00Z;-1,63;2;3
1978-08-14 11:00:00Z;-1,66;0;3
1978-08-15 11:00:00Z;-1,7;2;3
1978-08-16 11:00:00Z;-1,73;2;3
1978-08-17 11:00:00Z;-1,77;2;3
1978-08-18 11:00:00Z;-1,81;2;3
1978-08-19 11:00:00Z;-1,85;2;3
1978-08-20 11:00:00Z;-1,88;2;3
1978-08-21 11:00:00Z;-1,92;0;3
1978-08-22 11:00:00Z;-1,91;2;3
1978-08-23 11:00:00Z;-1,9;2;3
1978-08-24 11:00:00Z;-1,89;2;3
1978-08-25 11:00:00Z;-1,89;2;3
1978-08-26 11:00:00Z;-1,88;2;3
1978-08-27 11:00:00Z;-1,87;2;3
1978-08-28 11:00:00Z;-1,86;0;3
1978-08-29 11:00:00Z;-1,74;2;3
1978-08-30 11:00:00Z;-1,63;2;3
1978-08-31 11:00:00Z;-1,51;0;3
1978-09-01 11:00:00Z;-1,48;2;3
1978-09-02 11:00:00Z;-1,45;2;3
1978-09-03 11:00:00Z;-1,42;2;3
1978-09-04 11:00:00Z;-1,39;0;3
1978-09-05 11:00:00Z;-1,38;2;3
1978-09-06 11:00:00Z;-1,37;2;3
1978-09-07 11:00:00Z;-1,36;2;3
1978-09-08 11:00:00Z;-1,34;2;3
1978-09-09 11:00:00Z;-1,33;2;3
1978-09-10 11:00:00Z;-1,32;2;3
1978-09-11 11:00:00Z;-1,31;0;3
1978-09-12 11:00:00Z;-1,14;2;3
1978-09-13 11:00:00Z;-0,98;2;3
1978-09-14 11:00:00Z;-0,81;2;3
1978-09-15 11:00:00Z;-0,65;2;3
1978-09-16 11:00:00Z;-0,48;2;3
1978-09-17 11:00:00Z;-0,32;2;3
1978-09-18 11:00:00Z;-0,15;0;3
1978-09-19 11:00:00Z;0,06;0;3
1978-09-20 11:00:00Z;0,11;2;3
1978-09-21 11:00:00Z;0,17;0;3
1978-09-22 11:00:00Z;0,17;2;3
1978-09-23 11:00:00Z;0,18;2;3
1978-09-24 11:00:00Z;0,19;2;3
1978-09-25 11:00:00Z;0,19;0;3
1978-09-26 11:00:00Z;0,16;2;3
1978-09-27 11:00:00Z;0,14;2;3
1978-09-28 11:00:00Z;0,11;2;3
1978-09-29 11:00:00Z;0,09;2;3
1978-09-30 11:00:00Z;0,06;0;3
1978-10-01 11:00:00Z;0,07;2;3
1978-10-02 11:00:00Z;0,08;2;3
1978-10-03 11:00:00Z;0,09;2;3
1978-10-04 11:00:00Z;0,1;2;3
1978-10-05 11:00:00Z;0,12;2;3
1978-10-06 11:00:00Z;0,13;2;3
1978-10-07 11:00:00Z;0,14;2;3
1978-10-08 11:00:00Z;0,15;2;3
1978-10-09 11:00:00Z;0,16;0;3
1978-10-10 11:00:00Z;0,15;2;3
1978-10-11 11:00:00Z;0,14;2;3
1978-10-12 11:00:00Z;0,13;2;3
1978-10-13 11:00:00Z;0,11;2;3
1978-10-14 11:00:00Z;0,1;2;3
1978-10-15 11:00:00Z;0,09;2;3
1978-10-16 11:00:00Z;0,08;0;3
1978-10-17 11:00:00Z;0,08;2;3
1978-10-18 11:00:00Z;0,08;2;3
1978-10-19 11:00:00Z;0,08;2;3
1978-10-20 11:00:00Z;0,09;2;3
1978-10-21 11:00:00Z;0,09;2;3
1978-10-22 11:00:00Z;0,09;2;3
1978-10-23 11:00:00Z;0,09;0;3
1978-10-24 11:00:00Z;0,1;2;3
1978-10-25 11:00:00Z;0,11;2;3
1978-10-26 11:00:00Z;0,12;2;3
1978-10-27 11:00:00Z;0,14;2;3
1978-10-28 11:00:00Z;0,15;2;3
1978-10-29 11:00:00Z;0,16;2;3
1978-10-30 11:00:00Z;0,17;2;3
1978-10-31 11:00:00Z;0,18;0;3
1978-11-01 11:00:00Z;0,21;2;3
1978-11-02 11:00:00Z;0,24;2;3
1978-11-03 11:00:00Z;0,27;2;3
1978-11-04 11:00:00Z;0,3;2;3
1978-11-05 11:00:00Z;0,33;2;3
1978-11-06 11:00:00Z;0,36;0;3
1978-11-07 11:00:00Z;0,33;2;3
1978-11-08 11:00:00Z;0,3;2;3
1978-11-09 11:00:00Z;0,27;2;3
1978-11-10 11:00:00Z;0,23;2;3
1978-11-11 11:00:00Z;0,2;2;3
1978-11-12 11:00:00Z;0,17;2;3
1978-11-13 11:00:00Z;0,14;0;3
1978-11-14 11:00:00Z;0,16;2;3
1978-11-15 11:00:00Z;0,18;2;3
1978-11-16 11:00:00Z;0,2;2;3
1978-11-17 11:00:00Z;0,22;2;3
1978-11-18 11:00:00Z;0,24;2;3
1978-11-19 11:00:00Z;0,26;2;3
1978-11-20 11:00:00Z;0,28;0;3
1978-11-21 11:00:00Z;0,26;2;3
1978-11-22 11:00:00Z;0,23;2;3
1978-11-23 11:00:00Z;0,21;2;3
1978-11-24 11:00:00Z;0,18;2;3
1978-11-25 11:00:00Z;0,16;2;3
1978-11-26 11:00:00Z;0,13;2;3
1978-11-27 11:00:00Z;0,11;0;3
1978-11-28 11:00:00Z;0,09;2;3
1978-11-29 11:00:00Z;0,08;2;3
1978-11-30 11:00:00Z;0,06;0;3
1978-12-01 11:00:00Z;0,06;2;3
1978-12-02 11:00:00Z;0,05;2;3
1978-12-03 11:00:00Z;0,05;2;3
1978-12-04 11:00:00Z;0,05;2;3
1978-12-05 11:00:00Z;0,05;2;3
1978-12-06 11:00:00Z;0,04;2;3
1978-12-07 11:00:00Z;0,04;2;3
1978-12-08 11:00:00Z;0,04;2;3
1978-12-09 11:00:00Z;0,04;2;3
1978-12-10 11:00:00Z;0,03;2;3
1978-12-11 11:00:00Z;0,03;0;3
1978-12-12 11:00:00Z;0,02;2;3
1978-12-13 11:00:00Z;0,01;2;3
1978-12-14 11:00:00Z;0;2;3
1978-12-15 11:00:00Z;-0,01;2;3
1978-12-16 11:00:00Z;-0,02;2;3
1978-12-17 11:00:00Z;-0,03;2;3
1978-12-18 11:00:00Z;-0,04;2;3
1978-12-19 11:00:00Z;-0,05;2;3
1978-12-20 11:00:00Z;-0,06;2;3
1978-12-21 11:00:00Z;-0,07;0;3
1978-12-22 11:00:00Z;-0,15;2;3
1978-12-23 11:00:00Z;-0,22;2;3
1978-12-24 11:00:00Z;-0,3;2;3
1978-12-25 11:00:00Z;-0,37;2;3
1978-12-26 11:00:00Z;-0,44;2;3
1978-12-27 11:00:00Z;-0,52;2;3
1978-12-28 11:00:00Z;-0,6;2;3
1978-12-29 11:00:00Z;-0,67;2;3
1978-12-30 11:00:00Z;-0,75;2;3
1978-12-31 11:00:00Z;-0,82;0;3
1979-01-01 11:00:00Z;-0,89;2;3
1979-01-02 11:00:00Z;-0,96;0;3
1979-01-03 11:00:00Z;-1,04;2;3
1979-01-04 11:00:00Z;-1,12;2;3
1979-01-05 11:00:00Z;-1,2;2;3
1979-01-06 11:00:00Z;-1,28;2;3
1979-01-07 11:00:00Z;-1,36;2;3
1979-01-08 11:00:00Z;-1,44;0;3
1979-01-09 11:00:00Z;-1,54;2;3
1979-01-10 11:00:00Z;-1,65;2;3
1979-01-11 11:00:00Z;-1,75;2;3
1979-01-12 11:00:00Z;-1,85;2;3
1979-01-13 11:00:00Z;-1,95;2;3
1979-01-14 11:00:00Z;-2,06;2;3
1979-01-15 11:00:00Z;-2,16;0;3
1979-01-16 11:00:00Z;-2,24;2;3
1979-01-17 11:00:00Z;-2,32;2;3
1979-01-18 11:00:00Z;-2,4;2;3
1979-01-19 11:00:00Z;-2,48;2;3
1979-01-20 11:00:00Z;-2,56;2;3
1979-01-21 11:00:00Z;-2,64;2;3
1979-01-22 11:00:00Z;-2,72;0;3
1979-01-23 11:00:00Z;-2,76;2;3
1979-01-24 11:00:00Z;-2,79;2;3
1979-01-25 11:00:00Z;-2,83;2;3
1979-01-26 11:00:00Z;-2,87;2;3
1979-01-27 11:00:00Z;-2,9;2;3
1979-01-28 11:00:00Z;-2,94;2;3
1979-01-29 11:00:00Z;-2,98;2;3
1979-01-30 11:00:00Z;-3,01;2;3
1979-01-31 11:00:00Z;-3,05;0;3
1979-02-01 11:00:00Z;-3,08;2;3
1979-02-02 11:00:00Z;-3,11;2;3
1979-02-03 11:00:00Z;-3,14;2;3
1979-02-04 11:00:00Z;-3,17;2;3
1979-02-05 11:00:00Z;-3,2;0;3
1979-02-06 11:00:00Z;-3,24;2;3
1979-02-07 11:00:00Z;-3,27;2;3
1979-02-08 11:00:00Z;-3,31;2;3
1979-02-09 11:00:00Z;-3,34;2;3
1979-02-10 11:00:00Z;-3,38;2;3
1979-02-11 11:00:00Z;-3,41;2;3
1979-02-12 11:00:00Z;-3,45;0;3
1979-02-13 11:00:00Z;-3,47;2;3
1979-02-14 11:00:00Z;-3,49;2;3
1979-02-15 11:00:00Z;-3,51;2;3
1979-02-16 11:00:00Z;-3,54;2;3
1979-02-17 11:00:00Z;-3,56;2;3
1979-02-18 11:00:00Z;-3,58;2;3
1979-02-19 11:00:00Z;-3,6;0;3
1979-02-20 11:00:00Z;-3,6;2;3
1979-02-21 11:00:00Z;-3,6;2;3
1979-02-22 11:00:00Z;-3,6;2;3
1979-02-23 11:00:00Z;-3,6;2;3
1979-02-24 11:00:00Z;-3,6;2;3
1979-02-25 11:00:00Z;-3,6;2;3
1979-02-26 11:00:00Z;-3,6;2;3
1979-02-27 11:00:00Z;-3,6;2;3
1979-02-28 11:00:00Z;-3,6;0;3
1979-03-01 11:00:00Z;-3,6;2;3
1979-03-02 11:00:00Z;-3,6;2;3
1979-03-03 11:00:00Z;-3,6;2;3
1979-03-04 11:00:00Z;-3,6;2;3
1979-03-05 11:00:00Z;-3,6;0;3
1979-03-06 11:00:00Z;-3,48;2;3
1979-03-07 11:00:00Z;-3,36;2;3
1979-03-08 11:00:00Z;-3,24;2;3
1979-03-09 11:00:00Z;-3,13;2;3
1979-03-10 11:00:00Z;-3,01;2;3
1979-03-11 11:00:00Z;-2,89;2;3
1979-03-12 11:00:00Z;-2,77;0;3
1979-03-13 11:00:00Z;-2,77;2;3
1979-03-14 11:00:00Z;-2,78;2;3
1979-03-15 11:00:00Z;-2,78;2;3
1979-03-16 11:00:00Z;-2,79;2;3
1979-03-17 11:00:00Z;-2,79;2;3
1979-03-18 11:00:00Z;-2,8;2;3
1979-03-19 11:00:00Z;-2,8;0;3
1979-03-20 11:00:00Z;-2,81;2;3
1979-03-21 11:00:00Z;-2,83;2;3
1979-03-22 11:00:00Z;-2,84;2;3
1979-03-23 11:00:00Z;-2,86;2;3
1979-03-24 11:00:00Z;-2,87;2;3
1979-03-25 11:00:00Z;-2,89;2;3
1979-03-26 11:00:00Z;-2,9;0;3
1979-03-27 11:00:00Z;-2,9;2;3
1979-03-28 11:00:00Z;-2,89;2;3
1979-03-29 11:00:00Z;-2,89;2;3
1979-03-30 11:00:00Z;-2,88;2;3
1979-03-31 11:00:00Z;-2,88;0;3
1979-04-01 11:00:00Z;-2,84;2;3
1979-04-02 11:00:00Z;-2,8;2;3
1979-04-03 11:00:00Z;-2,76;2;3
1979-04-04 11:00:00Z;-2,72;2;3
1979-04-05 11:00:00Z;-2,68;2;3
1979-04-06 11:00:00Z;-2,64;2;3
1979-04-07 11:00:00Z;-2,6;2;3
1979-04-08 11:00:00Z;-2,56;2;3
1979-04-09 11:00:00Z;-2,52;0;3
1979-04-10 11:00:00Z;-2,47;2;3
1979-04-11 11:00:00Z;-2,42;2;3
1979-04-12 11:00:00Z;-2,37;2;3
1979-04-13 11:00:00Z;-2,33;2;3
1979-04-14 11:00:00Z;-2,28;2;3
1979-04-15 11:00:00Z;-2,23;2;3
1979-04-16 11:00:00Z;-2,18;2;3
1979-04-17 11:00:00Z;-2,13;0;3
1979-04-18 11:00:00Z;-2,07;2;3
1979-04-19 11:00:00Z;-2;2;3
1979-04-20 11:00:00Z;-1,94;2;3
1979-04-21 11:00:00Z;-1,88;2;3
1979-04-22 11:00:00Z;-1,81;2;3
1979-04-23 11:00:00Z;-1,75;0;3
1979-04-24 11:00:00Z;-1,72;2;3
1979-04-25 11:00:00Z;-1,69;2;3
1979-04-26 11:00:00Z;-1,66;2;3
1979-04-27 11:00:00Z;-1,62;2;3
1979-04-28 11:00:00Z;-1,59;2;3
1979-04-29 11:00:00Z;-1,56;2;3
1979-04-30 11:00:00Z;-1,53;0;3
1979-05-01 11:00:00Z;-1,39;2;3
1979-05-02 11:00:00Z;-1,25;2;3
1979-05-03 11:00:00Z;-1,11;2;3
1979-05-04 11:00:00Z;-0,97;2;3
1979-05-05 11:00:00Z;-0,83;2;3
1979-05-06 11:00:00Z;-0,69;2;3
1979-05-07 11:00:00Z;-0,55;0;3
1979-05-08 11:00:00Z;-0,43;2;3
1979-05-09 11:00:00Z;-0,3;2;3
1979-05-10 11:00:00Z;-0,18;2;3
1979-05-11 11:00:00Z;-0,05;2;3
1979-05-12 11:00:00Z;0,07;2;3
1979-05-13 11:00:00Z;0,2;2;3
1979-05-14 11:00:00Z;0,32;0;3
1979-05-15 11:00:00Z;0,29;2;3
1979-05-16 11:00:00Z;0,26;2;3
1979-05-17 11:00:00Z;0,23;2;3
1979-05-18 11:00:00Z;0,21;2;3
1979-05-19 11:00:00Z;0,18;2;3
1979-05-20 11:00:00Z;0,15;2;3
1979-05-21 11:00:00Z;0,12;0;3
1979-05-22 11:00:00Z;0,11;2;3
1979-05-23 11:00:00Z;0,1;2;3
1979-05-24 11:00:00Z;0,09;2;3
1979-05-25 11:00:00Z;0,08;2;3
1979-05-26 11:00:00Z;0,07;2;3
1979-05-27 11:00:00Z;0,06;2;3
1979-05-28 11:00:00Z;0,05;0;3
1979-05-29 11:00:00Z;0,03;2;3
1979-05-30 11:00:00Z;0,02;2;3
1979-05-31 11:00:00Z;0;0;3
1979-06-01 11:00:00Z;-0,03;2;3
1979-06-02 11:00:00Z;-0,05;2;3
1979-06-03 11:00:00Z;-0,08;2;3
1979-06-04 11:00:00Z;-0,1;2;3
1979-06-05 11:00:00Z;-0,12;2;3
1979-06-06 11:00:00Z;-0,15;2;3
1979-06-07 11:00:00Z;-0,17;2;3
1979-06-08 11:00:00Z;-0,2;0;3
1979-06-09 11:00:00Z;-0,25;2;3
1979-06-10 11:00:00Z;-0,3;2;3
1979-06-11 11:00:00Z;-0,35;0;3
1979-06-12 11:00:00Z;-0,38;2;3
1979-06-13 11:00:00Z;-0,42;2;3
1979-06-14 11:00:00Z;-0,45;2;3
1979-06-15 11:00:00Z;-0,48;2;3
1979-06-16 11:00:00Z;-0,51;2;3
1979-06-17 11:00:00Z;-0,55;2;3
1979-06-18 11:00:00Z;-0,58;0;3
1979-06-19 11:00:00Z;-0,57;2;3
1979-06-20 11:00:00Z;-0,56;2;3
1979-06-21 11:00:00Z;-0,55;2;3
1979-06-22 11:00:00Z;-0,53;2;3
1979-06-23 11:00:00Z;-0,52;2;3
1979-06-24 11:00:00Z;-0,51;2;3
1979-06-25 11:00:00Z;-0,5;0;3
1979-06-26 11:00:00Z;-0,51;2;3
1979-06-27 11:00:00Z;-0,52;2;3
1979-06-28 11:00:00Z;-0,53;2;3
1979-06-29 11:00:00Z;-0,54;2;3
1979-06-30 11:00:00Z;-0,55;0;3
1979-07-01 11:00:00Z;-0,61;2;3
1979-07-02 11:00:00Z;-0,67;0;3
1979-07-03 11:00:00Z;-0,62;2;3
1979-07-04 11:00:00Z;-0,57;2;3
1979-07-05 11:00:00Z;-0,52;2;3
1979-07-06 11:00:00Z;-0,48;2;3
1979-07-07 11:00:00Z;-0,43;2;3
1979-07-08 11:00:00Z;-0,38;2;3
1979-07-09 11:00:00Z;-0,33;0;3
1979-07-10 11:00:00Z;-0,34;2;3
1979-07-11 11:00:00Z;-0,36;2;3
1979-07-12 11:00:00Z;-0,37;2;3
1979-07-13 11:00:00Z;-0,39;2;3
1979-07-14 11:00:00Z;-0,4;2;3
1979-07-15 11:00:00Z;-0,42;2;3
1979-07-16 11:00:00Z;-0,43;0;3
1979-07-17 11:00:00Z;-0,39;2;3
1979-07-18 11:00:00Z;-0,35;2;3
1979-07-19 11:00:00Z;-0,31;2;3
1979-07-20 11:00:00Z;-0,26;2;3
1979-07-21 11:00:00Z;-0,22;2;3
1979-07-22 11:00:00Z;-0,18;2;3
1979-07-23 11:00:00Z;-0,14;0;3
1979-07-24 11:00:00Z;-0,16;2;3
1979-07-25 11:00:00Z;-0,17;2;3
1979-07-26 11:00:00Z;-0,19;2;3
1979-07-27 11:00:00Z;-0,2;2;3
1979-07-28 11:00:00Z;-0,22;2;3
1979-07-29 11:00:00Z;-0,23;2;3
1979-07-30 11:00:00Z;-0,24;2;3
1979-07-31 11:00:00Z;-0,26;0;3
1979-08-01 11:00:00Z;-0,3;2;3
1979-08-02 11:00:00Z;-0,35;2;3
1979-08-03 11:00:00Z;-0,39;2;3
1979-08-04 11:00:00Z;-0,43;2;3
1979-08-05 11:00:00Z;-0,48;2;3
1979-08-06 11:00:00Z;-0,52;0;3
1979-08-07 11:00:00Z;-0,59;2;3
1979-08-08 11:00:00Z;-0,67;2;3
1979-08-09 11:00:00Z;-0,74;2;3
1979-08-10 11:00:00Z;-0,82;2;3
1979-08-11 11:00:00Z;-0,89;2;3
1979-08-12 11:00:00Z;-0,97;2;3
1979-08-13 11:00:00Z;-1,04;0;3
1979-08-14 11:00:00Z;-1,07;2;3
1979-08-15 11:00:00Z;-1,09;2;3
1979-08-16 11:00:00Z;-1,12;2;3
1979-08-17 11:00:00Z;-1,15;2;3
1979-08-18 11:00:00Z;-1,18;2;3
1979-08-19 11:00:00Z;-1,2;2;3
1979-08-20 11:00:00Z;-1,23;0;3
1979-08-21 11:00:00Z;-1,21;2;3
1979-08-22 11:00:00Z;-1,18;2;3
1979-08-23 11:00:00Z;-1,16;2;3
1979-08-24 11:00:00Z;-1,14;2;3
1979-08-25 11:00:00Z;-1,12;2;3
1979-08-26 11:00:00Z;-1,09;2;3
1979-08-27 11:00:00Z;-1,07;0;3
1979-08-28 11:00:00Z;-0,98;2;3
1979-08-29 11:00:00Z;-0,9;2;3
1979-08-30 11:00:00Z;-0,81;2;3
1979-08-31 11:00:00Z;-0,72;0;3
1979-09-01 11:00:00Z;-0,71;2;3
1979-09-02 11:00:00Z;-0,7;2;3
1979-09-03 11:00:00Z;-0,68;2;3
1979-09-04 11:00:00Z;-0,67;2;3
1979-09-05 11:00:00Z;-0,66;2;3
1979-09-06 11:00:00Z;-0,65;2;3
1979-09-07 11:00:00Z;-0,64;2;3
1979-09-08 11:00:00Z;-0,62;2;3
1979-09-09 11:00:00Z;-0,61;2;3
1979-09-10 11:00:00Z;-0,6;0;3
1979-09-11 11:00:00Z;-0,5;2;3
1979-09-12 11:00:00Z;-0,41;2;3
1979-09-13 11:00:00Z;-0,31;2;3
1979-09-14 11:00:00Z;-0,21;2;3
1979-09-15 11:00:00Z;-0,11;2;3
1979-09-16 11:00:00Z;-0,02;2;3
1979-09-17 11:00:00Z;0,08;0;3
1979-09-18 11:00:00Z;0,08;2;3
1979-09-19 11:00:00Z;0,08;2;3
1979-09-20 11:00:00Z;0,08;2;3
1979-09-21 11:00:00Z;0,08;2;3
1979-09-22 11:00:00Z;0,08;2;3
1979-09-23 11:00:00Z;0,08;2;3
1979-09-24 11:00:00Z;0,08;0;3
1979-09-25 11:00:00Z;0,09;2;3
1979-09-26 11:00:00Z;0,11;2;3
1979-09-27 11:00:00Z;0,12;2;3
1979-09-28 11:00:00Z;0,13;2;3
1979-09-29 11:00:00Z;0,15;2;3
1979-09-30 11:00:00Z;0,16;0;3
1979-10-01 11:00:00Z;0,13;2;3
1979-10-02 11:00:00Z;0,11;2;3
1979-10-03 11:00:00Z;0,08;2;3
1979-10-04 11:00:00Z;0,05;2;3
1979-10-05 11:00:00Z;0,03;2;3
1979-10-06 11:00:00Z;0;2;3
1979-10-07 11:00:00Z;-0,02;2;3
1979-10-08 11:00:00Z;-0,05;0;3
1979-10-09 11:00:00Z;-0,04;2;3
1979-10-10 11:00:00Z;-0,02;2;3
1979-10-11 11:00:00Z;-0,01;2;3
1979-10-12 11:00:00Z;0,01;2;3
1979-10-13 11:00:00Z;0,02;2;3
1979-10-14 11:00:00Z;0,04;2;3
1979-10-15 11:00:00Z;0,05;0;3
1979-10-16 11:00:00Z;0,06;2;3
1979-10-17 11:00:00Z;0,07;2;3
1979-10-18 11:00:00Z;0,08;2;3
1979-10-19 11:00:00Z;0,1;2;3
1979-10-20 11:00:00Z;0,11;2;3
1979-10-21 11:00:00Z;0,12;2;3
1979-10-22 11:00:00Z;0,13;0;3
1979-10-23 11:00:00Z;0,09;2;3
1979-10-24 11:00:00Z;0,05;2;3
1979-10-25 11:00:00Z;0,01;2;3
1979-10-26 11:00:00Z;-0,02;2;3
1979-10-27 11:00:00Z;-0,06;2;3
1979-10-28 11:00:00Z;-0,1;2;3
1979-10-29 11:00:00Z;-0,14;0;3
1979-10-30 11:00:00Z;-0,16;2;3
1979-10-31 11:00:00Z;-0,18;0;3
1979-11-01 11:00:00Z;-0,2;2;3
1979-11-02 11:00:00Z;-0,22;2;3
1979-11-03 11:00:00Z;-0,25;2;3
1979-11-04 11:00:00Z;-0,27;2;3
1979-11-05 11:00:00Z;-0,29;0;3
1979-11-06 11:00:00Z;-0,3;2;3
1979-11-07 11:00:00Z;-0,31;2;3
1979-11-08 11:00:00Z;-0,32;2;3
1979-11-09 11:00:00Z;-0,33;2;3
1979-11-10 11:00:00Z;-0,34;2;3
1979-11-11 11:00:00Z;-0,35;2;3
1979-11-12 11:00:00Z;-0,36;0;3
1979-11-13 11:00:00Z;-0,39;2;3
1979-11-14 11:00:00Z;-0,42;2;3
1979-11-15 11:00:00Z;-0,45;2;3
1979-11-16 11:00:00Z;-0,48;2;3
1979-11-17 11:00:00Z;-0,51;2;3
1979-11-18 11:00:00Z;-0,54;2;3
1979-11-19 11:00:00Z;-0,57;0;3
1979-11-20 11:00:00Z;-0,53;2;3
1979-11-21 11:00:00Z;-0,49;2;3
1979-11-22 11:00:00Z;-0,45;2;3
1979-11-23 11:00:00Z;-0,4;2;3
1979-11-24 11:00:00Z;-0,36;2;3
1979-11-25 11:00:00Z;-0,32;2;3
1979-11-26 11:00:00Z;-0,28;0;3
1979-11-27 11:00:00Z;-0,17;2;3
1979-11-28 11:00:00Z;-0,06;2;3
1979-11-29 11:00:00Z;0,06;2;3
1979-11-30 11:00:00Z;0,17;0;3
1979-12-01 11:00:00Z;0,16;2;3
1979-12-02 11:00:00Z;0,14;2;3
1979-12-03 11:00:00Z;0,13;2;3
1979-12-04 11:00:00Z;0,11;2;3
1979-12-05 11:00:00Z;0,1;2;3
1979-12-06 11:00:00Z;0,09;2;3
1979-12-07 11:00:00Z;0,07;2;3
1979-12-08 11:00:00Z;0,06;2;3
1979-12-09 11:00:00Z;0,04;2;3
1979-12-10 11:00:00Z;0,03;0;3
1979-12-11 11:00:00Z;0,01;2;3
1979-12-12 11:00:00Z;0;2;3
1979-12-13 11:00:00Z;-0,02;2;3
1979-12-14 11:00:00Z;-0,03;2;3
1979-12-15 11:00:00Z;-0,05;2;3
1979-12-16 11:00:00Z;-0,06;2;3
1979-12-17 11:00:00Z;-0,08;0;3
1979-12-18 11:00:00Z;-0,11;2;3
1979-12-19 11:00:00Z;-0,14;2;3
1979-12-20 11:00:00Z;-0,17;2;3
1979-12-21 11:00:00Z;-0,19;2;3
1979-12-22 11:00:00Z;-0,22;2;3
1979-12-23 11:00:00Z;-0,25;2;3
1979-12-24 11:00:00Z;-0,28;0;3
1979-12-25 11:00:00Z;-0,3;2;3
1979-12-26 11:00:00Z;-0,32;2;3
1979-12-27 11:00:00Z;-0,34;2;3
1979-12-28 11:00:00Z;-0,36;2;3
1979-12-29 11:00:00Z;-0,38;2;3
1979-12-30 11:00:00Z;-0,4;2;3
1979-12-31 11:00:00Z;-0,42;0;3
1980-01-01 11:00:00Z;-0,42;0;3
1980-01-02 11:00:00Z;-0,47;2;3
1980-01-03 11:00:00Z;-0,51;2;3
1980-01-04 11:00:00Z;-0,56;2;3
1980-01-05 11:00:00Z;-0,61;2;3
1980-01-06 11:00:00Z;-0,65;2;3
1980-01-07 11:00:00Z;-0,7;0;3
1980-01-08 11:00:00Z;-0,69;2;3
1980-01-09 11:00:00Z;-0,69;2;3
1980-01-10 11:00:00Z;-0,69;2;3
1980-01-11 11:00:00Z;-0,68;2;3
1980-01-12 11:00:00Z;-0,68;2;3
1980-01-13 11:00:00Z;-0,67;2;3
1980-01-14 11:00:00Z;-0,66;2;3
1980-01-15 11:00:00Z;-0,66;2;3
1980-01-16 11:00:00Z;-0,65;2;3
1980-01-17 11:00:00Z;-0,65;2;3
1980-01-18 11:00:00Z;-0,64;2;3
1980-01-19 11:00:00Z;-0,64;0;3
1980-01-20 11:00:00Z;-0,63;2;3
1980-01-21 11:00:00Z;-0,63;2;3
1980-01-22 11:00:00Z;-0,62;2;3
1980-01-23 11:00:00Z;-0,61;2;3
1980-01-24 11:00:00Z;-0,6;2;3
1980-01-25 11:00:00Z;-0,6;2;3
1980-01-26 11:00:00Z;-0,59;0;3
1980-01-27 11:00:00Z;-0,61;2;3
1980-01-28 11:00:00Z;-0,62;2;3
1980-01-29 11:00:00Z;-0,64;2;3
1980-01-30 11:00:00Z;-0,65;2;3
1980-01-31 11:00:00Z;-0,67;0;3
1980-02-01 11:00:00Z;-0,68;2;3
1980-02-02 11:00:00Z;-0,7;2;3
1980-02-03 11:00:00Z;-0,71;2;3
1980-02-04 11:00:00Z;-0,72;2;3
1980-02-05 11:00:00Z;-0,74;2;3
1980-02-06 11:00:00Z;-0,75;2;3
1980-02-07 11:00:00Z;-0,77;2;3
1980-02-08 11:00:00Z;-0,78;2;3
1980-02-09 11:00:00Z;-0,79;2;3
1980-02-10 11:00:00Z;-0,81;2;3
1980-02-11 11:00:00Z;-0,82;0;3
1980-02-12 11:00:00Z;-0,78;2;3
1980-02-13 11:00:00Z;-0,75;2;3
1980-02-14 11:00:00Z;-0,71;2;3
1980-02-15 11:00:00Z;-0,67;2;3
1980-02-16 11:00:00Z;-0,64;2;3
1980-02-17 11:00:00Z;-0,6;2;3
1980-02-18 11:00:00Z;-0,57;2;3
1980-02-19 11:00:00Z;-0,53;0;3
1980-02-20 11:00:00Z;-0,57;2;3
1980-02-21 11:00:00Z;-0,62;2;3
1980-02-22 11:00:00Z;-0,66;2;3
1980-02-23 11:00:00Z;-0,7;2;3
1980-02-24 11:00:00Z;-0,75;2;3
1980-02-25 11:00:00Z;-0,79;0;3
1980-02-26 11:00:00Z;-0,83;2;3
1980-02-27 11:00:00Z;-0,87;2;3
1980-02-28 11:00:00Z;-0,9;2;3
1980-02-29 11:00:00Z;-0,94;0;3
1980-03-01 11:00:00Z;-0,93;2;3
1980-03-02 11:00:00Z;-0,93;2;3
1980-03-03 11:00:00Z;-0,92;2;3
1980-03-04 11:00:00Z;-0,91;2;3
1980-03-05 11:00:00Z;-0,9;2;3
1980-03-06 11:00:00Z;-0,89;2;3
1980-03-07 11:00:00Z;-0,89;2;3
1980-03-08 11:00:00Z;-0,88;0;3
1980-03-09 11:00:00Z;-0,93;2;3
1980-03-10 11:00:00Z;-0,97;2;3
1980-03-11 11:00:00Z;-1,02;2;3
1980-03-12 11:00:00Z;-1,07;2;3
1980-03-13 11:00:00Z;-1,11;2;3
1980-03-14 11:00:00Z;-1,16;2;3
1980-03-15 11:00:00Z;-1,21;2;3
1980-03-16 11:00:00Z;-1,25;2;3
1980-03-17 11:00:00Z;-1,3;0;3
1980-03-18 11:00:00Z;-1,36;2;3
1980-03-19 11:00:00Z;-1,41;0;3
1980-03-20 11:00:00Z;-1,48;2;3
1980-03-21 11:00:00Z;-1,55;2;3
1980-03-22 11:00:00Z;-1,63;2;3
1980-03-23 11:00:00Z;-1,7;2;3
1980-03-24 11:00:00Z;-1,77;0;3
1980-03-25 11:00:00Z;-1,83;2;3
1980-03-26 11:00:00Z;-1,89;2;3
1980-03-27 11:00:00Z;-1,95;2;3
1980-03-28 11:00:00Z;-2,01;2;3
1980-03-29 11:00:00Z;-2,07;2;3
1980-03-30 11:00:00Z;-2,13;2;3
1980-03-31 11:00:00Z;-2,19;0;3
1980-04-01 11:00:00Z;-2,09;2;3
1980-04-02 11:00:00Z;-1,98;2;3
1980-04-03 11:00:00Z;-1,88;2;3
1980-04-04 11:00:00Z;-1,77;2;3
1980-04-05 11:00:00Z;-1,66;2;3
1980-04-06 11:00:00Z;-1,56;2;3
1980-04-07 11:00:00Z;-1,46;2;3
1980-04-08 11:00:00Z;-1,35;0;3
1980-04-09 11:00:00Z;-1,23;2;3
1980-04-10 11:00:00Z;-1,11;2;3
1980-04-11 11:00:00Z;-1;2;3
1980-04-12 11:00:00Z;-0,88;2;3
1980-04-13 11:00:00Z;-0,76;2;3
1980-04-14 11:00:00Z;-0,64;0;3
1980-04-15 11:00:00Z;-0,56;2;3
1980-04-16 11:00:00Z;-0,47;2;3
1980-04-17 11:00:00Z;-0,39;2;3
1980-04-18 11:00:00Z;-0,3;2;3
1980-04-19 11:00:00Z;-0,22;2;3
1980-04-20 11:00:00Z;-0,13;2;3
1980-04-21 11:00:00Z;-0,05;0;3
1980-04-22 11:00:00Z;-0,04;2;3
1980-04-23 11:00:00Z;-0,03;2;3
1980-04-24 11:00:00Z;-0,02;2;3
1980-04-25 11:00:00Z;-0,02;2;3
1980-04-26 11:00:00Z;-0,01;2;3
1980-04-27 11:00:00Z;0;0;3
1980-04-28 11:00:00Z;0,02;2;3
1980-04-29 11:00:00Z;0,05;2;3
1980-04-30 11:00:00Z;0,07;0;3
1980-05-01 11:00:00Z;0,06;2;3
1980-05-02 11:00:00Z;0,05;2;3
1980-05-03 11:00:00Z;0,03;2;3
1980-05-04 11:00:00Z;0,02;0;3
1980-05-05 11:00:00Z;0;2;3
1980-05-06 11:00:00Z;-0,02;2;3
1980-05-07 11:00:00Z;-0,04;2;3
1980-05-08 11:00:00Z;-0,06;2;3
1980-05-09 11:00:00Z;-0,08;2;3
1980-05-10 11:00:00Z;-0,1;0;3
1980-05-11 11:00:00Z;-0,17;2;3
1980-05-12 11:00:00Z;-0,23;2;3
1980-05-13 11:00:00Z;-0,3;2;3
1980-05-14 11:00:00Z;-0,37;2;3
1980-05-15 11:00:00Z;-0,43;2;3
1980-05-16 11:00:00Z;-0,5;2;3
1980-05-17 11:00:00Z;-0,57;2;3
1980-05-18 11:00:00Z;-0,63;2;3
1980-05-19 11:00:00Z;-0,7;0;3
1980-05-20 11:00:00Z;-0,8;2;3
1980-05-21 11:00:00Z;-0,89;2;3
1980-05-22 11:00:00Z;-0,99;2;3
1980-05-23 11:00:00Z;-1,08;2;3
1980-05-24 11:00:00Z;-1,18;0;3
1980-05-25 11:00:00Z;-1,12;2;3
1980-05-26 11:00:00Z;-1,07;2;3
1980-05-27 11:00:00Z;-1,01;2;3
1980-05-28 11:00:00Z;-0,95;2;3
1980-05-29 11:00:00Z;-0,89;2;3
1980-05-30 11:00:00Z;-0,84;2;3
1980-05-31 11:00:00Z;-0,78;0;3
1980-06-01 11:00:00Z;-0,81;2;3
1980-06-02 11:00:00Z;-0,85;2;3
1980-06-03 11:00:00Z;-0,88;2;3
1980-06-04 11:00:00Z;-0,92;2;3
1980-06-05 11:00:00Z;-0,95;2;3
1980-06-06 11:00:00Z;-0,99;2;3
1980-06-07 11:00:00Z;-1,02;0;3
1980-06-08 11:00:00Z;-1,06;2;3
1980-06-09 11:00:00Z;-1,09;2;3
1980-06-10 11:00:00Z;-1,13;2;3
1980-06-11 11:00:00Z;-1,17;2;3
1980-06-12 11:00:00Z;-1,21;2;3
1980-06-13 11:00:00Z;-1,24;2;3
1980-06-14 11:00:00Z;-1,28;0;3
1980-06-15 11:00:00Z;-1,32;2;3
1980-06-16 11:00:00Z;-1,36;2;3
1980-06-17 11:00:00Z;-1,4;2;3
1980-06-18 11:00:00Z;-1,44;2;3
1980-06-19 11:00:00Z;-1,48;2;3
1980-06-20 11:00:00Z;-1,52;2;3
1980-06-21 11:00:00Z;-1,56;0;3
1980-06-22 11:00:00Z;-1,59;2;3
1980-06-23 11:00:00Z;-1,62;2;3
1980-06-24 11:00:00Z;-1,65;2;3
1980-06-25 11:00:00Z;-1,67;2;3
1980-06-26 11:00:00Z;-1,7;2;3
1980-06-27 11:00:00Z;-1,73;2;3
1980-06-28 11:00:00Z;-1,76;0;3
1980-06-29 11:00:00Z;-1,77;2;3
1980-06-30 11:00:00Z;-1,79;0;3
1980-07-01 11:00:00Z;-1,82;2;3
1980-07-02 11:00:00Z;-1,84;2;3
1980-07-03 11:00:00Z;-1,87;2;3
1980-07-04 11:00:00Z;-1,9;2;3
1980-07-05 11:00:00Z;-1,92;2;3
1980-07-06 11:00:00Z;-1,95;0;3
1980-07-07 11:00:00Z;-1,97;2;3
1980-07-08 11:00:00Z;-1,98;2;3
1980-07-09 11:00:00Z;-2;2;3
1980-07-10 11:00:00Z;-2,02;2;3
1980-07-11 11:00:00Z;-2,03;2;3
1980-07-12 11:00:00Z;-2,05;0;3
1980-07-13 11:00:00Z;-2,06;2;3
1980-07-14 11:00:00Z;-2,08;2;3
1980-07-15 11:00:00Z;-2,09;2;3
1980-07-16 11:00:00Z;-2,11;2;3
1980-07-17 11:00:00Z;-2,12;2;3
1980-07-18 11:00:00Z;-2,13;2;3
1980-07-19 11:00:00Z;-2,15;2;3
1980-07-20 11:00:00Z;-2,16;0;3
1980-07-21 11:00:00Z;-2,12;2;3
1980-07-22 11:00:00Z;-2,08;2;3
1980-07-23 11:00:00Z;-2,03;2;3
1980-07-24 11:00:00Z;-1,99;2;3
1980-07-25 11:00:00Z;-1,95;0;3
1980-07-26 11:00:00Z;-1,92;2;3
1980-07-27 11:00:00Z;-1,88;2;3
1980-07-28 11:00:00Z;-1,85;2;3
1980-07-29 11:00:00Z;-1,82;2;3
1980-07-30 11:00:00Z;-1,78;2;3
1980-07-31 11:00:00Z;-1,75;0;3
1980-08-01 11:00:00Z;-1,75;2;3
1980-08-02 11:00:00Z;-1,76;2;3
1980-08-03 11:00:00Z;-1,76;2;3
1980-08-04 11:00:00Z;-1,76;2;3
1980-08-05 11:00:00Z;-1,76;2;3
1980-08-06 11:00:00Z;-1,77;2;3
1980-08-07 11:00:00Z;-1,77;2;3
1980-08-08 11:00:00Z;-1,77;2;3
1980-08-09 11:00:00Z;-1,77;2;3
1980-08-10 11:00:00Z;-1,78;2;3
1980-08-11 11:00:00Z;-1,78;0;3
1980-08-12 11:00:00Z;-1,8;2;3
1980-08-13 11:00:00Z;-1,81;2;3
1980-08-14 11:00:00Z;-1,83;2;3
1980-08-15 11:00:00Z;-1,84;2;3
1980-08-16 11:00:00Z;-1,86;2;3
1980-08-17 11:00:00Z;-1,87;2;3
1980-08-18 11:00:00Z;-1,89;0;3
1980-08-19 11:00:00Z;-1,9;2;3
1980-08-20 11:00:00Z;-1,91;2;3
1980-08-21 11:00:00Z;-1,92;2;3
1980-08-22 11:00:00Z;-1,92;2;3
1980-08-23 11:00:00Z;-1,93;2;3
1980-08-24 11:00:00Z;-1,94;2;3
1980-08-25 11:00:00Z;-1,95;0;3
1980-08-26 11:00:00Z;-1,96;2;3
1980-08-27 11:00:00Z;-1,97;2;3
1980-08-28 11:00:00Z;-1,98;2;3
1980-08-29 11:00:00Z;-1,98;2;3
1980-08-30 11:00:00Z;-1,99;2;3
1980-08-31 11:00:00Z;-2;0;3
1980-09-01 11:00:00Z;-2;2;3
1980-09-02 11:00:00Z;-1,99;2;3
1980-09-03 11:00:00Z;-1,99;2;3
1980-09-04 11:00:00Z;-1,99;2;3
1980-09-05 11:00:00Z;-1,98;2;3
1980-09-06 11:00:00Z;-1,98;2;3
1980-09-07 11:00:00Z;-1,97;2;3
1980-09-08 11:00:00Z;-1,97;0;3
1980-09-09 11:00:00Z;-1,92;2;3
1980-09-10 11:00:00Z;-1,88;2;3
1980-09-11 11:00:00Z;-1,83;2;3
1980-09-12 11:00:00Z;-1,79;2;3
1980-09-13 11:00:00Z;-1,74;2;3
1980-09-14 11:00:00Z;-1,7;2;3
1980-09-15 11:00:00Z;-1,65;0;3
1980-09-16 11:00:00Z;-1,57;2;3
1980-09-17 11:00:00Z;-1,48;2;3
1980-09-18 11:00:00Z;-1,4;2;3
1980-09-19 11:00:00Z;-1,32;2;3
1980-09-20 11:00:00Z;-1,24;2;3
1980-09-21 11:00:00Z;-1,15;2;3
1980-09-22 11:00:00Z;-1,07;0;3
1980-09-23 11:00:00Z;-1,08;2;3
1980-09-24 11:00:00Z;-1,1;2;3
1980-09-25 11:00:00Z;-1,11;2;3
1980-09-26 11:00:00Z;-1,12;2;3
1980-09-27 11:00:00Z;-1,13;2;3
1980-09-28 11:00:00Z;-1,14;2;3
1980-09-29 11:00:00Z;-1,16;2;3
1980-09-30 11:00:00Z;-1,17;0;3
1980-10-01 11:00:00Z;-1,16;2;3
1980-10-02 11:00:00Z;-1,14;2;3
1980-10-03 11:00:00Z;-1,13;2;3
1980-10-04 11:00:00Z;-1,11;2;3
1980-10-05 11:00:00Z;-1,1;2;3
1980-10-06 11:00:00Z;-1,08;2;3
1980-10-07 11:00:00Z;-1,07;0;3
1980-10-08 11:00:00Z;-1,11;2;3
1980-10-09 11:00:00Z;-1,15;2;3
1980-10-10 11:00:00Z;-1,18;2;3
1980-10-11 11:00:00Z;-1,22;2;3
1980-10-12 11:00:00Z;-1,26;2;3
1980-10-13 11:00:00Z;-1,3;0;3
1980-10-14 11:00:00Z;-1,31;2;3
1980-10-15 11:00:00Z;-1,31;2;3
1980-10-16 11:00:00Z;-1,32;2;3
1980-10-17 11:00:00Z;-1,33;2;3
1980-10-18 11:00:00Z;-1,34;2;3
1980-10-19 11:00:00Z;-1,34;2;3
1980-10-20 11:00:00Z;-1,35;0;3
1980-10-21 11:00:00Z;-1,34;2;3
1980-10-22 11:00:00Z;-1,34;2;3
1980-10-23 11:00:00Z;-1,33;2;3
1980-10-24 11:00:00Z;-1,33;2;3
1980-10-25 11:00:00Z;-1,32;2;3
1980-10-26 11:00:00Z;-1,32;2;3
1980-10-27 11:00:00Z;-1,31;0;3
1980-10-28 11:00:00Z;-1,33;2;3
1980-10-29 11:00:00Z;-1,36;2;3
1980-10-30 11:00:00Z;-1,38;2;3
1980-10-31 11:00:00Z;-1,4;0;3
1980-11-01 11:00:00Z;-1,39;2;3
1980-11-02 11:00:00Z;-1,39;2;3
1980-11-03 11:00:00Z;-1,38;2;3
1980-11-04 11:00:00Z;-1,38;2;3
1980-11-05 11:00:00Z;-1,37;2;3
1980-11-06 11:00:00Z;-1,36;2;3
1980-11-07 11:00:00Z;-1,36;2;3
1980-11-08 11:00:00Z;-1,35;2;3
1980-11-09 11:00:00Z;-1,35;2;3
1980-11-10 11:00:00Z;-1,34;0;3
1980-11-11 11:00:00Z;-1,34;2;3
1980-11-12 11:00:00Z;-1,33;2;3
1980-11-13 11:00:00Z;-1,33;2;3
1980-11-14 11:00:00Z;-1,33;2;3
1980-11-15 11:00:00Z;-1,33;2;3
1980-11-16 11:00:00Z;-1,32;2;3
1980-11-17 11:00:00Z;-1,32;0;3
1980-11-18 11:00:00Z;-1,31;2;3
1980-11-19 11:00:00Z;-1,29;2;3
1980-11-20 11:00:00Z;-1,28;2;3
1980-11-21 11:00:00Z;-1,27;2;3
1980-11-22 11:00:00Z;-1,26;2;3
1980-11-23 11:00:00Z;-1,24;2;3
1980-11-24 11:00:00Z;-1,23;0;3
1980-11-25 11:00:00Z;-1,22;2;3
1980-11-26 11:00:00Z;-1,22;2;3
1980-11-27 11:00:00Z;-1,21;2;3
1980-11-28 11:00:00Z;-1,2;2;3
1980-11-29 11:00:00Z;-1,2;2;3
1980-11-30 11:00:00Z;-1,19;0;3
1980-12-01 11:00:00Z;-1,16;2;3
1980-12-02 11:00:00Z;-1,14;2;3
1980-12-03 11:00:00Z;-1,11;2;3
1980-12-04 11:00:00Z;-1,09;2;3
1980-12-05 11:00:00Z;-1,06;2;3
1980-12-06 11:00:00Z;-1,03;2;3
1980-12-07 11:00:00Z;-1,01;2;3
1980-12-08 11:00:00Z;-0,98;0;3
1980-12-09 11:00:00Z;-0,89;2;3
1980-12-10 11:00:00Z;-0,8;2;3
1980-12-11 11:00:00Z;-0,71;2;3
1980-12-12 11:00:00Z;-0,62;2;3
1980-12-13 11:00:00Z;-0,53;2;3
1980-12-14 11:00:00Z;-0,44;2;3
1980-12-15 11:00:00Z;-0,35;0;3
1980-12-16 11:00:00Z;-0,34;2;3
1980-12-17 11:00:00Z;-0,34;2;3
1980-12-18 11:00:00Z;-0,33;2;3
1980-12-19 11:00:00Z;-0,32;2;3
1980-12-20 11:00:00Z;-0,31;2;3
1980-12-21 11:00:00Z;-0,31;2;3
1980-12-22 11:00:00Z;-0,3;0;3
1980-12-23 11:00:00Z;-0,26;2;3
1980-12-24 11:00:00Z;-0,22;2;3
1980-12-25 11:00:00Z;-0,18;2;3
1980-12-26 11:00:00Z;-0,14;2;3
1980-12-27 11:00:00Z;-0,1;2;3
1980-12-28 11:00:00Z;-0,06;2;3
1980-12-29 11:00:00Z;-0,02;2;3
1980-12-30 11:00:00Z;0,02;2;3
1980-12-31 11:00:00Z;0,06;0;3
1981-01-01 11:00:00Z;0,05;2;3
1981-01-02 11:00:00Z;0,04;2;3
1981-01-03 11:00:00Z;0,04;2;3
1981-01-04 11:00:00Z;0,03;2;3
1981-01-05 11:00:00Z;0,02;0;3
1981-01-06 11:00:00Z;0,04;2;3
1981-01-07 11:00:00Z;0,06;2;3
1981-01-08 11:00:00Z;0,08;2;3
1981-01-09 11:00:00Z;0,1;2;3
1981-01-10 11:00:00Z;0,12;2;3
1981-01-11 11:00:00Z;0,14;2;3
1981-01-12 11:00:00Z;0,16;0;3
1981-01-13 11:00:00Z;0,14;2;3
1981-01-14 11:00:00Z;0,12;2;3
1981-01-15 11:00:00Z;0,1;2;3
1981-01-16 11:00:00Z;0,08;2;3
1981-01-17 11:00:00Z;0,06;2;3
1981-01-18 11:00:00Z;0,04;2;3
1981-01-19 11:00:00Z;0,02;0;3
1981-01-20 11:00:00Z;0,04;2;3
1981-01-21 11:00:00Z;0,06;2;3
1981-01-22 11:00:00Z;0,08;2;3
1981-01-23 11:00:00Z;0,11;2;3
1981-01-24 11:00:00Z;0,13;2;3
1981-01-25 11:00:00Z;0,15;2;3
1981-01-26 11:00:00Z;0,17;0;3
1981-01-27 11:00:00Z;0,2;2;3
1981-01-28 11:00:00Z;0,24;2;3
1981-01-29 11:00:00Z;0,27;2;3
1981-01-30 11:00:00Z;0,31;2;3
1981-01-31 11:00:00Z;0,34;0;3
1981-02-01 11:00:00Z;0,38;2;3
1981-02-02 11:00:00Z;0,41;0;3
1981-02-03 11:00:00Z;0,36;2;3
1981-02-04 11:00:00Z;0,31;2;3
1981-02-05 11:00:00Z;0,26;2;3
1981-02-06 11:00:00Z;0,21;2;3
1981-02-07 11:00:00Z;0,16;2;3
1981-02-08 11:00:00Z;0,11;2;3
1981-02-09 11:00:00Z;0,06;0;3
1981-02-10 11:00:00Z;0,05;2;3
1981-02-11 11:00:00Z;0,04;2;3
1981-02-12 11:00:00Z;0,03;2;3
1981-02-13 11:00:00Z;0,03;2;3
1981-02-14 11:00:00Z;0,02;2;3
1981-02-15 11:00:00Z;0,01;2;3
1981-02-16 11:00:00Z;0;0;3
1981-02-17 11:00:00Z;-0,02;2;3
1981-02-18 11:00:00Z;-0,03;2;3
1981-02-19 11:00:00Z;-0,05;2;3
1981-02-20 11:00:00Z;-0,07;2;3
1981-02-21 11:00:00Z;-0,09;2;3
1981-02-22 11:00:00Z;-0,1;2;3
1981-02-23 11:00:00Z;-0,12;0;3
1981-02-24 11:00:00Z;-0,14;2;3
1981-02-25 11:00:00Z;-0,16;2;3
1981-02-26 11:00:00Z;-0,17;2;3
1981-02-27 11:00:00Z;-0,19;2;3
1981-02-28 11:00:00Z;-0,21;0;3
1981-03-01 11:00:00Z;-0,22;2;3
1981-03-02 11:00:00Z;-0,24;2;3
1981-03-03 11:00:00Z;-0,25;2;3
1981-03-04 11:00:00Z;-0,27;2;3
1981-03-05 11:00:00Z;-0,28;2;3
1981-03-06 11:00:00Z;-0,3;2;3
1981-03-07 11:00:00Z;-0,31;2;3
1981-03-08 11:00:00Z;-0,33;2;3
1981-03-09 11:00:00Z;-0,34;0;3
1981-03-10 11:00:00Z;-0,38;2;3
1981-03-11 11:00:00Z;-0,42;2;3
1981-03-12 11:00:00Z;-0,46;2;3
1981-03-13 11:00:00Z;-0,49;2;3
1981-03-14 11:00:00Z;-0,53;2;3
1981-03-15 11:00:00Z;-0,57;2;3
1981-03-16 11:00:00Z;-0,61;0;3
1981-03-17 11:00:00Z;-0,65;2;3
1981-03-18 11:00:00Z;-0,69;2;3
1981-03-19 11:00:00Z;-0,73;2;3
1981-03-20 11:00:00Z;-0,77;2;3
1981-03-21 11:00:00Z;-0,81;2;3
1981-03-22 11:00:00Z;-0,85;2;3
1981-03-23 11:00:00Z;-0,89;0;3
1981-03-24 11:00:00Z;-0,93;2;3
1981-03-25 11:00:00Z;-0,97;2;3
1981-03-26 11:00:00Z;-1,01;2;3
1981-03-27 11:00:00Z;-1,05;2;3
1981-03-28 11:00:00Z;-1,08;2;3
1981-03-29 11:00:00Z;-1,12;2;3
1981-03-30 11:00:00Z;-1,16;2;3
1981-03-31 11:00:00Z;-1,2;0;3
1981-04-01 11:00:00Z;-1,23;2;3
1981-04-02 11:00:00Z;-1,25;2;3
1981-04-03 11:00:00Z;-1,28;2;3
1981-04-04 11:00:00Z;-1,3;2;3
1981-04-05 11:00:00Z;-1,33;2;3
1981-04-06 11:00:00Z;-1,35;0;3
1981-04-07 11:00:00Z;-1,13;2;3
1981-04-08 11:00:00Z;-0,91;2;3
1981-04-09 11:00:00Z;-0,69;2;3
1981-04-10 11:00:00Z;-0,48;2;3
1981-04-11 11:00:00Z;-0,26;2;3
1981-04-12 11:00:00Z;-0,04;2;3
1981-04-13 11:00:00Z;0,18;0;3
1981-04-14 11:00:00Z;0,17;2;3
1981-04-15 11:00:00Z;0,16;2;3
1981-04-16 11:00:00Z;0,15;2;3
1981-04-17 11:00:00Z;0,15;2;3
1981-04-18 11:00:00Z;0,14;2;3
1981-04-19 11:00:00Z;0,13;2;3
1981-04-20 11:00:00Z;0,12;2;3
1981-04-21 11:00:00Z;0,11;0;3
1981-04-22 11:00:00Z;0,09;2;3
1981-04-23 11:00:00Z;0,08;2;3
1981-04-24 11:00:00Z;0,06;2;3
1981-04-25 11:00:00Z;0,04;2;3
1981-04-26 11:00:00Z;0,03;2;3
1981-04-27 11:00:00Z;0,01;0;3
1981-04-28 11:00:00Z;0,03;2;3
1981-04-29 11:00:00Z;0,04;2;3
1981-04-30 11:00:00Z;0,06;0;3
1981-05-01 11:00:00Z;0,05;2;3
1981-05-02 11:00:00Z;0,04;2;3
1981-05-03 11:00:00Z;0,04;2;3
1981-05-04 11:00:00Z;0,03;0;3
1981-05-05 11:00:00Z;0,05;2;3
1981-05-06 11:00:00Z;0,08;2;3
1981-05-07 11:00:00Z;0,1;2;3
1981-05-08 11:00:00Z;0,12;2;3
1981-05-09 11:00:00Z;0,14;2;3
1981-05-10 11:00:00Z;0,17;2;3
1981-05-11 11:00:00Z;0,19;0;3
1981-05-12 11:00:00Z;0,18;2;3
1981-05-13 11:00:00Z;0,17;2;3
1981-05-14 11:00:00Z;0,16;2;3
1981-05-15 11:00:00Z;0,14;2;3
1981-05-16 11:00:00Z;0,13;2;3
1981-05-17 11:00:00Z;0,12;2;3
1981-05-18 11:00:00Z;0,11;0;3
1981-05-19 11:00:00Z;0,1;2;3
1981-05-20 11:00:00Z;0,08;2;3
1981-05-21 11:00:00Z;0,07;2;3
1981-05-22 11:00:00Z;0,06;2;3
1981-05-23 11:00:00Z;0,05;2;3
1981-05-24 11:00:00Z;0,03;2;3
1981-05-25 11:00:00Z;0,02;0;3
1981-05-26 11:00:00Z;0,01;2;3
1981-05-27 11:00:00Z;0,01;2;3
1981-05-28 11:00:00Z;0;2;3
1981-05-29 11:00:00Z;0;2;3
1981-05-30 11:00:00Z;0;2;3
1981-05-31 11:00:00Z;-0,01;0;3
1981-06-01 11:00:00Z;-0,04;2;3
1981-06-02 11:00:00Z;-0,08;2;3
1981-06-03 11:00:00Z;-0,11;2;3
1981-06-04 11:00:00Z;-0,14;2;3
1981-06-05 11:00:00Z;-0,18;2;3
1981-06-06 11:00:00Z;-0,21;2;3
1981-06-07 11:00:00Z;-0,24;2;3
1981-06-08 11:00:00Z;-0,28;2;3
1981-06-09 11:00:00Z;-0,31;0;3
1981-06-10 11:00:00Z;-0,33;2;3
1981-06-11 11:00:00Z;-0,34;2;3
1981-06-12 11:00:00Z;-0,36;2;3
1981-06-13 11:00:00Z;-0,38;2;3
1981-06-14 11:00:00Z;-0,4;2;3
1981-06-15 11:00:00Z;-0,41;2;3
1981-06-16 11:00:00Z;-0,43;0;3
1981-06-17 11:00:00Z;-0,48;2;3
1981-06-18 11:00:00Z;-0,54;2;3
1981-06-19 11:00:00Z;-0,59;2;3
1981-06-20 11:00:00Z;-0,64;2;3
1981-06-21 11:00:00Z;-0,7;2;3
1981-06-22 11:00:00Z;-0,75;0;3
1981-06-23 11:00:00Z;-0,8;2;3
1981-06-24 11:00:00Z;-0,85;2;3
1981-06-25 11:00:00Z;-0,9;2;3
1981-06-26 11:00:00Z;-0,95;2;3
1981-06-27 11:00:00Z;-1,01;2;3
1981-06-28 11:00:00Z;-1,06;2;3
1981-06-29 11:00:00Z;-1,11;2;3
1981-06-30 11:00:00Z;-1,16;0;3
1981-07-01 11:00:00Z;-1,19;2;3
1981-07-02 11:00:00Z;-1,22;2;3
1981-07-03 11:00:00Z;-1,25;2;3
1981-07-04 11:00:00Z;-1,29;2;3
1981-07-05 11:00:00Z;-1,32;2;3
1981-07-06 11:00:00Z;-1,35;0;3
1981-07-07 11:00:00Z;-1,41;2;3
1981-07-08 11:00:00Z;-1,46;2;3
1981-07-09 11:00:00Z;-1,52;2;3
1981-07-10 11:00:00Z;-1,57;2;3
1981-07-11 11:00:00Z;-1,63;2;3
1981-07-12 11:00:00Z;-1,68;2;3
1981-07-13 11:00:00Z;-1,74;0;3
1981-07-14 11:00:00Z;-1,78;2;3
1981-07-15 11:00:00Z;-1,82;2;3
1981-07-16 11:00:00Z;-1,86;2;3
1981-07-17 11:00:00Z;-1,89;2;3
1981-07-18 11:00:00Z;-1,93;2;3
1981-07-19 11:00:00Z;-1,97;2;3
1981-07-20 11:00:00Z;-2,01;0;3
1981-07-21 11:00:00Z;-2,03;2;3
1981-07-22 11:00:00Z;-2,06;2;3
1981-07-23 11:00:00Z;-2,08;2;3
1981-07-24 11:00:00Z;-2,1;2;3
1981-07-25 11:00:00Z;-2,12;2;3
1981-07-26 11:00:00Z;-2,15;2;3
1981-07-27 11:00:00Z;-2,17;0;3
1981-07-28 11:00:00Z;-2,15;2;3
1981-07-29 11:00:00Z;-2,14;2;3
1981-07-30 11:00:00Z;-2,12;2;3
1981-07-31 11:00:00Z;-2,11;0;3
1981-08-01 11:00:00Z;-2,06;2;3
1981-08-02 11:00:00Z;-2,02;2;3
1981-08-03 11:00:00Z;-1,97;2;3
1981-08-04 11:00:00Z;-1,93;2;3
1981-08-05 11:00:00Z;-1,88;2;3
1981-08-06 11:00:00Z;-1,83;2;3
1981-08-07 11:00:00Z;-1,79;2;3
1981-08-08 11:00:00Z;-1,74;2;3
1981-08-09 11:00:00Z;-1,7;2;3
1981-08-10 11:00:00Z;-1,65;0;3
1981-08-11 11:00:00Z;-1,6;2;3
1981-08-12 11:00:00Z;-1,56;2;3
1981-08-13 11:00:00Z;-1,51;2;3
1981-08-14 11:00:00Z;-1,46;2;3
1981-08-15 11:00:00Z;-1,41;2;3
1981-08-16 11:00:00Z;-1,37;2;3
1981-08-17 11:00:00Z;-1,32;0;3
1981-08-18 11:00:00Z;-1,26;2;3
1981-08-19 11:00:00Z;-1,2;2;3
1981-08-20 11:00:00Z;-1,14;2;3
1981-08-21 11:00:00Z;-1,07;2;3
1981-08-22 11:00:00Z;-1,01;2;3
1981-08-23 11:00:00Z;-0,95;2;3
1981-08-24 11:00:00Z;-0,89;0;3
1981-08-25 11:00:00Z;-0,79;2;3
1981-08-26 11:00:00Z;-0,68;2;3
1981-08-27 11:00:00Z;-0,58;2;3
1981-08-28 11:00:00Z;-0,47;2;3
1981-08-29 11:00:00Z;-0,37;2;3
1981-08-30 11:00:00Z;-0,26;2;3
1981-08-31 11:00:00Z;-0,16;0;3
1981-09-01 11:00:00Z;-0,17;2;3
1981-09-02 11:00:00Z;-0,18;2;3
1981-09-03 11:00:00Z;-0,19;2;3
1981-09-04 11:00:00Z;-0,2;0;3
1981-09-05 11:00:00Z;-0,23;2;3
1981-09-06 11:00:00Z;-0,26;2;3
1981-09-07 11:00:00Z;-0,29;2;3
1981-09-08 11:00:00Z;-0,33;2;3
1981-09-09 11:00:00Z;-0,36;2;3
1981-09-10 11:00:00Z;-0,39;2;3
1981-09-11 11:00:00Z;-0,42;0;3
1981-09-12 11:00:00Z;-0,51;2;3
1981-09-13 11:00:00Z;-0,6;2;3
1981-09-14 11:00:00Z;-0,69;2;3
1981-09-15 11:00:00Z;-0,79;2;3
1981-09-16 11:00:00Z;-0,88;2;3
1981-09-17 11:00:00Z;-0,97;2;3
1981-09-18 11:00:00Z;-1,06;0;3
1981-09-19 11:00:00Z;-1,1;2;3
1981-09-20 11:00:00Z;-1,14;2;3
1981-09-21 11:00:00Z;-1,18;2;3
1981-09-22 11:00:00Z;-1,23;2;3
1981-09-23 11:00:00Z;-1,27;2;3
1981-09-24 11:00:00Z;-1,31;2;3
1981-09-25 11:00:00Z;-1,35;0;3
1981-09-26 11:00:00Z;-1,36;2;3
1981-09-27 11:00:00Z;-1,36;2;3
1981-09-28 11:00:00Z;-1,37;2;3
1981-09-29 11:00:00Z;-1,37;2;3
1981-09-30 11:00:00Z;-1,38;0;3
1981-10-01 11:00:00Z;-1,38;2;3
1981-10-02 11:00:00Z;-1,38;2;3
1981-10-03 11:00:00Z;-1,39;2;3
1981-10-04 11:00:00Z;-1,39;2;3
1981-10-05 11:00:00Z;-1,39;0;3
1981-10-06 11:00:00Z;-1,38;2;3
1981-10-07 11:00:00Z;-1,37;2;3
1981-10-08 11:00:00Z;-1,36;2;3
1981-10-09 11:00:00Z;-1,34;2;3
1981-10-10 11:00:00Z;-1,33;2;3
1981-10-11 11:00:00Z;-1,32;2;3
1981-10-12 11:00:00Z;-1,31;0;3
1981-10-13 11:00:00Z;-1,23;2;3
1981-10-14 11:00:00Z;-1,14;2;3
1981-10-15 11:00:00Z;-1,06;2;3
1981-10-16 11:00:00Z;-0,97;2;3
1981-10-17 11:00:00Z;-0,89;2;3
1981-10-18 11:00:00Z;-0,8;2;3
1981-10-19 11:00:00Z;-0,72;0;3
1981-10-20 11:00:00Z;-0,69;2;3
1981-10-21 11:00:00Z;-0,66;2;3
1981-10-22 11:00:00Z;-0,63;2;3
1981-10-23 11:00:00Z;-0,59;2;3
1981-10-24 11:00:00Z;-0,56;2;3
1981-10-25 11:00:00Z;-0,53;2;3
1981-10-26 11:00:00Z;-0,5;0;3
1981-10-27 11:00:00Z;-0,49;2;3
1981-10-28 11:00:00Z;-0,48;2;3
1981-10-29 11:00:00Z;-0,47;2;3
1981-10-30 11:00:00Z;-0,46;2;3
1981-10-31 11:00:00Z;-0,45;0;3
1981-11-01 11:00:00Z;-0,4;2;3
1981-11-02 11:00:00Z;-0,35;2;3
1981-11-03 11:00:00Z;-0,3;2;3
1981-11-04 11:00:00Z;-0,25;2;3
1981-11-05 11:00:00Z;-0,2;2;3
1981-11-06 11:00:00Z;-0,15;2;3
1981-11-07 11:00:00Z;-0,1;2;3
1981-11-08 11:00:00Z;-0,05;2;3
1981-11-09 11:00:00Z;0;0;3
1981-11-10 11:00:00Z;0,01;2;3
1981-11-11 11:00:00Z;0,01;2;3
1981-11-12 11:00:00Z;0,02;2;3
1981-11-13 11:00:00Z;0,02;2;3
1981-11-14 11:00:00Z;0,03;2;3
1981-11-15 11:00:00Z;0,03;2;3
1981-11-16 11:00:00Z;0,04;0;3
1981-11-17 11:00:00Z;0;2;3
1981-11-18 11:00:00Z;-0,03;2;3
1981-11-19 11:00:00Z;-0,07;2;3
1981-11-20 11:00:00Z;-0,1;2;3
1981-11-21 11:00:00Z;-0,14;2;3
1981-11-22 11:00:00Z;-0,17;2;3
1981-11-23 11:00:00Z;-0,21;0;3
1981-11-24 11:00:00Z;-0,23;2;3
1981-11-25 11:00:00Z;-0,26;2;3
1981-11-26 11:00:00Z;-0,28;2;3
1981-11-27 11:00:00Z;-0,3;2;3
1981-11-28 11:00:00Z;-0,32;2;3
1981-11-29 11:00:00Z;-0,35;2;3
1981-11-30 11:00:00Z;-0,37;0;3
1981-12-01 11:00:00Z;-0,21;2;3
1981-12-02 11:00:00Z;-0,06;2;3
1981-12-03 11:00:00Z;0,1;2;3
1981-12-04 11:00:00Z;0,26;0;3
1981-12-05 11:00:00Z;0,19;2;3
1981-12-06 11:00:00Z;0,12;2;3
1981-12-07 11:00:00Z;0,05;0;3
1981-12-08 11:00:00Z;0,02;2;3
1981-12-09 11:00:00Z;0;2;3
1981-12-10 11:00:00Z;-0,03;2;3
1981-12-11 11:00:00Z;-0,06;2;3
1981-12-12 11:00:00Z;-0,09;2;3
1981-12-13 11:00:00Z;-0,11;2;3
1981-12-14 11:00:00Z;-0,14;0;3
1981-12-15 11:00:00Z;-0,17;2;3
1981-12-16 11:00:00Z;-0,2;2;3
1981-12-17 11:00:00Z;-0,23;2;3
1981-12-18 11:00:00Z;-0,25;2;3
1981-12-19 11:00:00Z;-0,28;2;3
1981-12-20 11:00:00Z;-0,31;2;3
1981-12-21 11:00:00Z;-0,34;0;3
1981-12-22 11:00:00Z;-0,37;2;3
1981-12-23 11:00:00Z;-0,4;2;3
1981-12-24 11:00:00Z;-0,43;2;3
1981-12-25 11:00:00Z;-0,46;2;3
1981-12-26 11:00:00Z;-0,5;2;3
1981-12-27 11:00:00Z;-0,53;2;3
1981-12-28 11:00:00Z;-0,56;2;3
1981-12-29 11:00:00Z;-0,59;2;3
1981-12-30 11:00:00Z;-0,62;2;3
1981-12-31 11:00:00Z;-0,65;0;3
1982-01-01 11:00:00Z;-0,7;2;3
1982-01-02 11:00:00Z;-0,75;2;3
1982-01-03 11:00:00Z;-0,8;2;3
1982-01-04 11:00:00Z;-0,85;2;3
1982-01-05 11:00:00Z;-0,9;2;3
1982-01-06 11:00:00Z;-0,95;2;3
1982-01-07 11:00:00Z;-1;0;3
1982-01-08 11:00:00Z;-1,05;2;3
1982-01-09 11:00:00Z;-1,11;2;3
1982-01-10 11:00:00Z;-1,16;2;3
1982-01-11 11:00:00Z;-1,22;2;3
1982-01-12 11:00:00Z;-1,27;2;3
1982-01-13 11:00:00Z;-1,33;2;3
1982-01-14 11:00:00Z;-1,38;2;3
1982-01-15 11:00:00Z;-1,44;2;3
1982-01-16 11:00:00Z;-1,49;2;3
1982-01-17 11:00:00Z;-1,55;2;3
1982-01-18 11:00:00Z;-1,6;0;3
1982-01-19 11:00:00Z;-1,6;2;3
1982-01-20 11:00:00Z;-1,6;2;3
1982-01-21 11:00:00Z;-1,6;2;3
1982-01-22 11:00:00Z;-1,6;2;3
1982-01-23 11:00:00Z;-1,6;2;3
1982-01-24 11:00:00Z;-1,6;2;3
1982-01-25 11:00:00Z;-1,6;0;3
1982-01-26 11:00:00Z;-1,61;2;3
1982-01-27 11:00:00Z;-1,61;2;3
1982-01-28 11:00:00Z;-1,62;2;3
1982-01-29 11:00:00Z;-1,63;2;3
1982-01-30 11:00:00Z;-1,63;2;3
1982-01-31 11:00:00Z;-1,64;0;3
1982-02-01 11:00:00Z;-1,68;2;3
1982-02-02 11:00:00Z;-1,72;2;3
1982-02-03 11:00:00Z;-1,76;2;3
1982-02-04 11:00:00Z;-1,8;0;3
1982-02-05 11:00:00Z;-1,86;2;3
1982-02-06 11:00:00Z;-1,93;2;3
1982-02-07 11:00:00Z;-1,99;2;3
1982-02-08 11:00:00Z;-2,05;2;3
1982-02-09 11:00:00Z;-2,11;2;3
1982-02-10 11:00:00Z;-2,18;2;3
1982-02-11 11:00:00Z;-2,24;0;3
1982-02-12 11:00:00Z;-2,27;2;3
1982-02-13 11:00:00Z;-2,3;2;3
1982-02-14 11:00:00Z;-2,33;2;3
1982-02-15 11:00:00Z;-2,37;2;3
1982-02-16 11:00:00Z;-2,4;2;3
1982-02-17 11:00:00Z;-2,43;2;3
1982-02-18 11:00:00Z;-2,46;0;3
1982-02-19 11:00:00Z;-2,47;2;3
1982-02-20 11:00:00Z;-2,48;2;3
1982-02-21 11:00:00Z;-2,48;2;3
1982-02-22 11:00:00Z;-2,49;2;3
1982-02-23 11:00:00Z;-2,5;2;3
1982-02-24 11:00:00Z;-2,51;2;3
1982-02-25 11:00:00Z;-2,52;2;3
1982-02-26 11:00:00Z;-2,52;2;3
1982-02-27 11:00:00Z;-2,53;2;3
1982-02-28 11:00:00Z;-2,54;0;3
1982-03-01 11:00:00Z;-2,57;2;3
1982-03-02 11:00:00Z;-2,6;2;3
1982-03-03 11:00:00Z;-2,62;2;3
1982-03-04 11:00:00Z;-2,65;2;3
1982-03-05 11:00:00Z;-2,68;2;3
1982-03-06 11:00:00Z;-2,7;2;3
1982-03-07 11:00:00Z;-2,73;2;3
1982-03-08 11:00:00Z;-2,76;0;3
1982-03-09 11:00:00Z;-2,81;2;3
1982-03-10 11:00:00Z;-2,86;2;3
1982-03-11 11:00:00Z;-2,91;2;3
1982-03-12 11:00:00Z;-2,95;2;3
1982-03-13 11:00:00Z;-3;2;3
1982-03-14 11:00:00Z;-3,05;2;3
1982-03-15 11:00:00Z;-3,1;0;3
1982-03-16 11:00:00Z;-2,98;2;3
1982-03-17 11:00:00Z;-2,86;2;3
1982-03-18 11:00:00Z;-2,74;2;3
1982-03-19 11:00:00Z;-2,62;2;3
1982-03-20 11:00:00Z;-2,5;2;3
1982-03-21 11:00:00Z;-2,38;2;3
1982-03-22 11:00:00Z;-2,26;2;3
1982-03-23 11:00:00Z;-2,14;2;3
1982-03-24 11:00:00Z;-2,02;2;3
1982-03-25 11:00:00Z;-1,9;0;3
1982-03-26 11:00:00Z;-1,57;2;3
1982-03-27 11:00:00Z;-1,25;2;3
1982-03-28 11:00:00Z;-0,92;2;3
1982-03-29 11:00:00Z;-0,59;2;3
1982-03-30 11:00:00Z;-0,27;2;3
1982-03-31 11:00:00Z;0,06;0;3
1982-04-01 11:00:00Z;0,07;2;3
1982-04-02 11:00:00Z;0,08;2;3
1982-04-03 11:00:00Z;0,09;2;3
1982-04-04 11:00:00Z;0,1;2;3
1982-04-05 11:00:00Z;0,11;0;3
1982-04-06 11:00:00Z;0,1;2;3
1982-04-07 11:00:00Z;0,08;2;3
1982-04-08 11:00:00Z;0,07;2;3
1982-04-09 11:00:00Z;0,05;2;3
1982-04-10 11:00:00Z;0,04;2;3
1982-04-11 11:00:00Z;0,03;2;3
1982-04-12 11:00:00Z;0,01;2;3
1982-04-13 11:00:00Z;0;0;3
1982-04-14 11:00:00Z;0,03;2;3
1982-04-15 11:00:00Z;0,07;2;3
1982-04-16 11:00:00Z;0,1;2;3
1982-04-17 11:00:00Z;0,13;2;3
1982-04-18 11:00:00Z;0,17;2;3
1982-04-19 11:00:00Z;0,2;0;3
1982-04-20 11:00:00Z;0,19;2;3
1982-04-21 11:00:00Z;0,19;2;3
1982-04-22 11:00:00Z;0,18;2;3
1982-04-23 11:00:00Z;0,17;2;3
1982-04-24 11:00:00Z;0,16;2;3
1982-04-25 11:00:00Z;0,16;2;3
1982-04-26 11:00:00Z;0,15;0;3
1982-04-27 11:00:00Z;0,16;2;3
1982-04-28 11:00:00Z;0,16;2;3
1982-04-29 11:00:00Z;0,17;2;3
1982-04-30 11:00:00Z;0,17;0;3
1982-05-01 11:00:00Z;0,12;2;3
1982-05-02 11:00:00Z;0,08;2;3
1982-05-03 11:00:00Z;0,03;0;3
1982-05-04 11:00:00Z;0,03;2;3
1982-05-05 11:00:00Z;0,03;2;3
1982-05-06 11:00:00Z;0,03;2;3
1982-05-07 11:00:00Z;0,03;2;3
1982-05-08 11:00:00Z;0,03;2;3
1982-05-09 11:00:00Z;0,03;2;3
1982-05-10 11:00:00Z;0,03;0;3
1982-05-11 11:00:00Z;0,03;2;3
1982-05-12 11:00:00Z;0,03;2;3
1982-05-13 11:00:00Z;0,03;2;3
1982-05-14 11:00:00Z;0,03;2;3
1982-05-15 11:00:00Z;0,03;2;3
1982-05-16 11:00:00Z;0,03;2;3
1982-05-17 11:00:00Z;0,03;2;3
1982-05-18 11:00:00Z;0,03;0;3
1982-05-19 11:00:00Z;-0,02;2;3
1982-05-20 11:00:00Z;-0,07;2;3
1982-05-21 11:00:00Z;-0,11;2;3
1982-05-22 11:00:00Z;-0,16;2;3
1982-05-23 11:00:00Z;-0,21;2;3
1982-05-24 11:00:00Z;-0,26;0;3
1982-05-25 11:00:00Z;-0,31;2;3
1982-05-26 11:00:00Z;-0,36;2;3
1982-05-27 11:00:00Z;-0,42;2;3
1982-05-28 11:00:00Z;-0,47;2;3
1982-05-29 11:00:00Z;-0,52;0;3
1982-05-30 11:00:00Z;-0,46;2;3
1982-05-31 11:00:00Z;-0,41;2;3
1982-06-01 11:00:00Z;-0,35;2;3
1982-06-02 11:00:00Z;-0,3;2;3
1982-06-03 11:00:00Z;-0,24;2;3
1982-06-04 11:00:00Z;-0,19;2;3
1982-06-05 11:00:00Z;-0,13;0;3
1982-06-06 11:00:00Z;-0,16;2;3
1982-06-07 11:00:00Z;-0,2;2;3
1982-06-08 11:00:00Z;-0,23;2;3
1982-06-09 11:00:00Z;-0,27;2;3
1982-06-10 11:00:00Z;-0,31;2;3
1982-06-11 11:00:00Z;-0,34;2;3
1982-06-12 11:00:00Z;-0,38;2;3
1982-06-13 11:00:00Z;-0,41;0;3
1982-06-14 11:00:00Z;-0,46;2;3
1982-06-15 11:00:00Z;-0,5;2;3
1982-06-16 11:00:00Z;-0,55;2;3
1982-06-17 11:00:00Z;-0,6;2;3
1982-06-18 11:00:00Z;-0,65;2;3
1982-06-19 11:00:00Z;-0,69;2;3
1982-06-20 11:00:00Z;-0,74;0;3
1982-06-21 11:00:00Z;-0,78;2;3
1982-06-22 11:00:00Z;-0,82;2;3
1982-06-23 11:00:00Z;-0,86;2;3
1982-06-24 11:00:00Z;-0,89;2;3
1982-06-25 11:00:00Z;-0,93;2;3
1982-06-26 11:00:00Z;-0,97;0;3
1982-06-27 11:00:00Z;-1,01;2;3
1982-06-28 11:00:00Z;-1,06;2;3
1982-06-29 11:00:00Z;-1,1;2;3
1982-06-30 11:00:00Z;-1,14;0;3
1982-07-01 11:00:00Z;-1,18;2;3
1982-07-02 11:00:00Z;-1,22;2;3
1982-07-03 11:00:00Z;-1,26;0;3
1982-07-04 11:00:00Z;-0,92;2;3
1982-07-05 11:00:00Z;-0,59;0;3
1982-07-06 11:00:00Z;-0,5;2;3
1982-07-07 11:00:00Z;-0,41;2;3
1982-07-08 11:00:00Z;-0,32;2;3
1982-07-09 11:00:00Z;-0,23;2;3
1982-07-10 11:00:00Z;-0,14;2;3
1982-07-11 11:00:00Z;-0,05;2;3
1982-07-12 11:00:00Z;0,04;0;3
1982-07-13 11:00:00Z;0,02;2;3
1982-07-14 11:00:00Z;0;2;3
1982-07-15 11:00:00Z;-0,02;2;3
1982-07-16 11:00:00Z;-0,04;2;3
1982-07-17 11:00:00Z;-0,06;2;3
1982-07-18 11:00:00Z;-0,08;2;3
1982-07-19 11:00:00Z;-0,1;0;3
1982-07-20 11:00:00Z;-0,07;2;3
1982-07-21 11:00:00Z;-0,05;2;3
1982-07-22 11:00:00Z;-0,02;2;3
1982-07-23 11:00:00Z;0;2;3
1982-07-24 11:00:00Z;0,03;2;3
1982-07-25 11:00:00Z;0,05;2;3
1982-07-26 11:00:00Z;0,08;0;3
1982-07-27 11:00:00Z;0,06;2;3
1982-07-28 11:00:00Z;0,05;2;3
1982-07-29 11:00:00Z;0,03;2;3
1982-07-30 11:00:00Z;0,02;2;3
1982-07-31 11:00:00Z;0;0;3
1982-08-01 11:00:00Z;-0,03;2;3
1982-08-02 11:00:00Z;-0,06;2;3
1982-08-03 11:00:00Z;-0,09;2;3
1982-08-04 11:00:00Z;-0,12;2;3
1982-08-05 11:00:00Z;-0,15;2;3
1982-08-06 11:00:00Z;-0,18;2;3
1982-08-07 11:00:00Z;-0,21;2;3
1982-08-08 11:00:00Z;-0,24;2;3
1982-08-09 11:00:00Z;-0,27;0;3
1982-08-10 11:00:00Z;-0,28;2;3
1982-08-11 11:00:00Z;-0,29;2;3
1982-08-12 11:00:00Z;-0,3;2;3
1982-08-13 11:00:00Z;-0,31;2;3
1982-08-14 11:00:00Z;-0,32;2;3
1982-08-15 11:00:00Z;-0,33;2;3
1982-08-16 11:00:00Z;-0,34;0;3
1982-08-17 11:00:00Z;-0,32;2;3
1982-08-18 11:00:00Z;-0,3;2;3
1982-08-19 11:00:00Z;-0,28;2;3
1982-08-20 11:00:00Z;-0,27;2;3
1982-08-21 11:00:00Z;-0,25;2;3
1982-08-22 11:00:00Z;-0,23;2;3
1982-08-23 11:00:00Z;-0,21;0;3
1982-08-24 11:00:00Z;-0,2;2;3
1982-08-25 11:00:00Z;-0,18;2;3
1982-08-26 11:00:00Z;-0,17;2;3
1982-08-27 11:00:00Z;-0,16;2;3
1982-08-28 11:00:00Z;-0,14;2;3
1982-08-29 11:00:00Z;-0,13;2;3
1982-08-30 11:00:00Z;-0,11;2;3
1982-08-31 11:00:00Z;-0,1;0;3
1982-09-01 11:00:00Z;-0,03;2;3
1982-09-02 11:00:00Z;0,04;2;3
1982-09-03 11:00:00Z;0,11;2;3
1982-09-04 11:00:00Z;0,18;2;3
1982-09-05 11:00:00Z;0,25;2;3
1982-09-06 11:00:00Z;0,32;0;3
1982-09-07 11:00:00Z;0,29;2;3
1982-09-08 11:00:00Z;0,26;2;3
1982-09-09 11:00:00Z;0,23;2;3
1982-09-10 11:00:00Z;0,21;2;3
1982-09-11 11:00:00Z;0,18;2;3
1982-09-12 11:00:00Z;0,15;2;3
1982-09-13 11:00:00Z;0,12;0;3
1982-09-14 11:00:00Z;0,31;2;3
1982-09-15 11:00:00Z;0,49;0;3
1982-09-16 11:00:00Z;0,38;2;3
1982-09-17 11:00:00Z;0,26;0;3
1982-09-18 11:00:00Z;0,25;2;3
1982-09-19 11:00:00Z;0,23;2;3
1982-09-20 11:00:00Z;0,22;0;3
1982-09-21 11:00:00Z;0,2;2;3
1982-09-22 11:00:00Z;0,19;2;3
1982-09-23 11:00:00Z;0,17;2;3
1982-09-24 11:00:00Z;0,16;2;3
1982-09-25 11:00:00Z;0,14;2;3
1982-09-26 11:00:00Z;0,13;2;3
1982-09-27 11:00:00Z;0,11;0;3
1982-09-28 11:00:00Z;0,11;2;3
1982-09-29 11:00:00Z;0,1;2;3
1982-09-30 11:00:00Z;0,1;0;3
1982-10-01 11:00:00Z;0,09;2;3
1982-10-02 11:00:00Z;0,09;2;3
1982-10-03 11:00:00Z;0,08;2;3
1982-10-04 11:00:00Z;0,07;0;3
1982-10-05 11:00:00Z;0,06;2;3
1982-10-06 11:00:00Z;0,06;2;3
1982-10-07 11:00:00Z;0,05;2;3
1982-10-08 11:00:00Z;0,04;2;3
1982-10-09 11:00:00Z;0,03;2;3
1982-10-10 11:00:00Z;0,03;2;3
1982-10-11 11:00:00Z;0,02;0;3
1982-10-12 11:00:00Z;0,02;2;3
1982-10-13 11:00:00Z;0,01;2;3
1982-10-14 11:00:00Z;0,01;2;3
1982-10-15 11:00:00Z;0,01;2;3
1982-10-16 11:00:00Z;0,01;2;3
1982-10-17 11:00:00Z;0;2;3
1982-10-18 11:00:00Z;0;0;3
1982-10-19 11:00:00Z;-0,03;2;3
1982-10-20 11:00:00Z;-0,05;2;3
1982-10-21 11:00:00Z;-0,08;2;3
1982-10-22 11:00:00Z;-0,1;2;3
1982-10-23 11:00:00Z;-0,13;2;3
1982-10-24 11:00:00Z;-0,15;2;3
1982-10-25 11:00:00Z;-0,18;0;3
1982-10-26 11:00:00Z;-0,16;2;3
1982-10-27 11:00:00Z;-0,14;2;3
1982-10-28 11:00:00Z;-0,12;2;3
1982-10-29 11:00:00Z;-0,1;2;3
1982-10-30 11:00:00Z;-0,08;2;3
1982-10-31 11:00:00Z;-0,06;0;3
1982-11-01 11:00:00Z;-0,01;2;3
1982-11-02 11:00:00Z;0,03;2;3
1982-11-03 11:00:00Z;0,08;0;3
1982-11-04 11:00:00Z;0,07;2;3
1982-11-05 11:00:00Z;0,06;2;3
1982-11-06 11:00:00Z;0,05;2;3
1982-11-07 11:00:00Z;0,04;2;3
1982-11-08 11:00:00Z;0,03;0;3
1982-11-09 11:00:00Z;0,03;2;3
1982-11-10 11:00:00Z;0,04;2;3
1982-11-11 11:00:00Z;0,04;2;3
1982-11-12 11:00:00Z;0,04;2;3
1982-11-13 11:00:00Z;0,04;2;3
1982-11-14 11:00:00Z;0,05;2;3
1982-11-15 11:00:00Z;0,05;0;3
1982-11-16 11:00:00Z;0,04;2;3
1982-11-17 11:00:00Z;0,03;2;3
1982-11-18 11:00:00Z;0,02;2;3
1982-11-19 11:00:00Z;0;2;3
1982-11-20 11:00:00Z;-0,01;2;3
1982-11-21 11:00:00Z;-0,02;2;3
1982-11-22 11:00:00Z;-0,03;0;3
1982-11-23 11:00:00Z;-0,03;2;3
1982-11-24 11:00:00Z;-0,03;2;3
1982-11-25 11:00:00Z;-0,03;2;3
1982-11-26 11:00:00Z;-0,04;2;3
1982-11-27 11:00:00Z;-0,04;2;3
1982-11-28 11:00:00Z;-0,04;2;3
1982-11-29 11:00:00Z;-0,04;2;3
1982-11-30 11:00:00Z;-0,04;0;3
1982-12-01 11:00:00Z;-0,02;2;3
1982-12-02 11:00:00Z;-0,01;2;3
1982-12-03 11:00:00Z;0,01;2;3
1982-12-04 11:00:00Z;0,03;2;3
1982-12-05 11:00:00Z;0,04;2;3
1982-12-06 11:00:00Z;0,06;0;3
1982-12-07 11:00:00Z;0,05;2;3
1982-12-08 11:00:00Z;0,05;2;3
1982-12-09 11:00:00Z;0,04;2;3
1982-12-10 11:00:00Z;0,04;2;3
1982-12-11 11:00:00Z;0,03;2;3
1982-12-12 11:00:00Z;0,03;2;3
1982-12-13 11:00:00Z;0,02;0;3
1982-12-14 11:00:00Z;0,01;2;3
1982-12-15 11:00:00Z;0,01;2;3
1982-12-16 11:00:00Z;0;2;3
1982-12-17 11:00:00Z;0;2;3
1982-12-18 11:00:00Z;-0,01;2;3
1982-12-19 11:00:00Z;-0,01;2;3
1982-12-20 11:00:00Z;-0,02;0;3
1982-12-21 11:00:00Z;-0,01;2;3
1982-12-22 11:00:00Z;-0,01;2;3
1982-12-23 11:00:00Z;0;2;3
1982-12-24 11:00:00Z;0,01;2;3
1982-12-25 11:00:00Z;0,02;2;3
1982-12-26 11:00:00Z;0,02;2;3
1982-12-27 11:00:00Z;0,03;0;3
1982-12-28 11:00:00Z;0,04;2;3
1982-12-29 11:00:00Z;0,05;2;3
1982-12-30 11:00:00Z;0,06;2;3
1982-12-31 11:00:00Z;0,07;0;3
1983-01-01 11:00:00Z;0,08;2;3
1983-01-02 11:00:00Z;0,09;2;3
1983-01-03 11:00:00Z;0,11;2;3
1983-01-04 11:00:00Z;0,12;2;3
1983-01-05 11:00:00Z;0,13;2;3
1983-01-06 11:00:00Z;0,14;2;3
1983-01-07 11:00:00Z;0,15;2;3
1983-01-08 11:00:00Z;0,16;2;3
1983-01-09 11:00:00Z;0,18;2;3
1983-01-10 11:00:00Z;0,19;2;3
1983-01-11 11:00:00Z;0,2;0;3
1983-01-12 11:00:00Z;0,18;2;3
1983-01-13 11:00:00Z;0,16;2;3
1983-01-14 11:00:00Z;0,14;2;3
1983-01-15 11:00:00Z;0,11;2;3
1983-01-16 11:00:00Z;0,09;2;3
1983-01-17 11:00:00Z;0,07;0;3
1983-01-18 11:00:00Z;0,11;2;3
1983-01-19 11:00:00Z;0,14;2;3
1983-01-20 11:00:00Z;0,18;2;3
1983-01-21 11:00:00Z;0,22;2;3
1983-01-22 11:00:00Z;0,26;2;3
1983-01-23 11:00:00Z;0,29;2;3
1983-01-24 11:00:00Z;0,33;0;3
1983-01-25 11:00:00Z;0,3;2;3
1983-01-26 11:00:00Z;0,27;2;3
1983-01-27 11:00:00Z;0,24;2;3
1983-01-28 11:00:00Z;0,2;2;3
1983-01-29 11:00:00Z;0,17;2;3
1983-01-30 11:00:00Z;0,14;2;3
1983-01-31 11:00:00Z;0,11;0;3
1983-02-01 11:00:00Z;0,1;2;3
1983-02-02 11:00:00Z;0,08;2;3
1983-02-03 11:00:00Z;0,07;2;3
1983-02-04 11:00:00Z;0,06;2;3
1983-02-05 11:00:00Z;0,05;2;3
1983-02-06 11:00:00Z;0,03;2;3
1983-02-07 11:00:00Z;0,02;0;3
1983-02-08 11:00:00Z;-0,01;2;3
1983-02-09 11:00:00Z;-0,03;2;3
1983-02-10 11:00:00Z;-0,06;2;3
1983-02-11 11:00:00Z;-0,09;2;3
1983-02-12 11:00:00Z;-0,12;2;3
1983-02-13 11:00:00Z;-0,14;2;3
1983-02-14 11:00:00Z;-0,17;0;3
1983-02-15 11:00:00Z;-0,19;2;3
1983-02-16 11:00:00Z;-0,21;2;3
1983-02-17 11:00:00Z;-0,23;2;3
1983-02-18 11:00:00Z;-0,26;2;3
1983-02-19 11:00:00Z;-0,28;2;3
1983-02-20 11:00:00Z;-0,3;2;3
1983-02-21 11:00:00Z;-0,32;0;3
1983-02-22 11:00:00Z;-0,33;2;3
1983-02-23 11:00:00Z;-0,34;2;3
1983-02-24 11:00:00Z;-0,35;2;3
1983-02-25 11:00:00Z;-0,36;2;3
1983-02-26 11:00:00Z;-0,37;2;3
1983-02-27 11:00:00Z;-0,38;2;3
1983-02-28 11:00:00Z;-0,39;0;3
1983-03-01 11:00:00Z;-0,46;2;3
1983-03-02 11:00:00Z;-0,52;2;3
1983-03-03 11:00:00Z;-0,59;2;3
1983-03-04 11:00:00Z;-0,66;2;3
1983-03-05 11:00:00Z;-0,73;2;3
1983-03-06 11:00:00Z;-0,79;2;3
1983-03-07 11:00:00Z;-0,86;0;3
1983-03-08 11:00:00Z;-0,93;2;3
1983-03-09 11:00:00Z;-1;2;3
1983-03-10 11:00:00Z;-1,07;2;3
1983-03-11 11:00:00Z;-1,15;2;3
1983-03-12 11:00:00Z;-1,22;2;3
1983-03-13 11:00:00Z;-1,29;2;3
1983-03-14 11:00:00Z;-1,36;0;3
1983-03-15 11:00:00Z;-1,39;2;3
1983-03-16 11:00:00Z;-1,42;2;3
1983-03-17 11:00:00Z;-1,45;2;3
1983-03-18 11:00:00Z;-1,48;2;3
1983-03-19 11:00:00Z;-1,51;2;3
1983-03-20 11:00:00Z;-1,54;2;3
1983-03-21 11:00:00Z;-1,57;2;3
1983-03-22 11:00:00Z;-1,6;0;3
1983-03-23 11:00:00Z;-1,66;2;3
1983-03-24 11:00:00Z;-1,73;2;3
1983-03-25 11:00:00Z;-1,79;2;3
1983-03-26 11:00:00Z;-1,86;2;3
1983-03-27 11:00:00Z;-1,92;2;3
1983-03-28 11:00:00Z;-1,99;2;3
1983-03-29 11:00:00Z;-2,05;2;3
1983-03-30 11:00:00Z;-2,12;2;3
1983-03-31 11:00:00Z;-2,18;0;3
1983-04-01 11:00:00Z;-2,23;2;3
1983-04-02 11:00:00Z;-2,29;2;3
1983-04-03 11:00:00Z;-2,34;2;3
1983-04-04 11:00:00Z;-2,4;2;3
1983-04-05 11:00:00Z;-2,45;2;3
1983-04-06 11:00:00Z;-2,51;2;3
1983-04-07 11:00:00Z;-2,56;2;3
1983-04-08 11:00:00Z;-2,62;2;3
1983-04-09 11:00:00Z;-2,67;2;3
1983-04-10 11:00:00Z;-2,73;2;3
1983-04-11 11:00:00Z;-2,78;0;3
1983-04-12 11:00:00Z;-2,61;2;3
1983-04-13 11:00:00Z;-2,43;2;3
1983-04-14 11:00:00Z;-2,26;2;3
1983-04-15 11:00:00Z;-2,09;2;3
1983-04-16 11:00:00Z;-1,91;2;3
1983-04-17 11:00:00Z;-1,74;2;3
1983-04-18 11:00:00Z;-1,56;2;3
1983-04-19 11:00:00Z;-1,39;2;3
1983-04-20 11:00:00Z;-1,22;2;3
1983-04-21 11:00:00Z;-1,04;2;3
1983-04-22 11:00:00Z;-0,87;2;3
1983-04-23 11:00:00Z;-0,7;2;3
1983-04-24 11:00:00Z;-0,52;2;3
1983-04-25 11:00:00Z;-0,35;0;3
1983-04-26 11:00:00Z;-0,29;2;3
1983-04-27 11:00:00Z;-0,23;2;3
1983-04-28 11:00:00Z;-0,16;2;3
1983-04-29 11:00:00Z;-0,1;2;3
1983-04-30 11:00:00Z;-0,04;0;3
1983-05-01 11:00:00Z;-0,06;2;3
1983-05-02 11:00:00Z;-0,09;2;3
1983-05-03 11:00:00Z;-0,11;2;3
1983-05-04 11:00:00Z;-0,13;2;3
1983-05-05 11:00:00Z;-0,16;2;3
1983-05-06 11:00:00Z;-0,18;2;3
1983-05-07 11:00:00Z;-0,2;2;3
1983-05-08 11:00:00Z;-0,23;2;3
1983-05-09 11:00:00Z;-0,25;0;3
1983-05-10 11:00:00Z;-0,3;2;3
1983-05-11 11:00:00Z;-0,34;0;3
1983-05-12 11:00:00Z;-0,42;2;3
1983-05-13 11:00:00Z;-0,5;2;3
1983-05-14 11:00:00Z;-0,58;2;3
1983-05-15 11:00:00Z;-0,66;2;3
1983-05-16 11:00:00Z;-0,74;0;3
1983-05-17 11:00:00Z;-0,78;2;3
1983-05-18 11:00:00Z;-0,81;2;3
1983-05-19 11:00:00Z;-0,85;2;3
1983-05-20 11:00:00Z;-0,89;2;3
1983-05-21 11:00:00Z;-0,93;2;3
1983-05-22 11:00:00Z;-0,96;2;3
1983-05-23 11:00:00Z;-1;2;3
1983-05-24 11:00:00Z;-1,04;0;3
1983-05-25 11:00:00Z;-1,07;2;3
1983-05-26 11:00:00Z;-1,11;2;3
1983-05-27 11:00:00Z;-1,14;2;3
1983-05-28 11:00:00Z;-1,18;2;3
1983-05-29 11:00:00Z;-1,21;2;3
1983-05-30 11:00:00Z;-1,25;2;3
1983-05-31 11:00:00Z;-1,28;0;3
1983-06-01 11:00:00Z;-1,3;2;3
1983-06-02 11:00:00Z;-1,32;2;3
1983-06-03 11:00:00Z;-1,35;2;3
1983-06-04 11:00:00Z;-1,37;2;3
1983-06-05 11:00:00Z;-1,39;2;3
1983-06-06 11:00:00Z;-1,41;0;3
1983-06-07 11:00:00Z;-1,42;2;3
1983-06-08 11:00:00Z;-1,42;2;3
1983-06-09 11:00:00Z;-1,43;2;3
1983-06-10 11:00:00Z;-1,43;2;3
1983-06-11 11:00:00Z;-1,44;2;3
1983-06-12 11:00:00Z;-1,44;2;3
1983-06-13 11:00:00Z;-1,45;0;3
1983-06-14 11:00:00Z;-1,43;2;3
1983-06-15 11:00:00Z;-1,41;2;3
1983-06-16 11:00:00Z;-1,39;2;3
1983-06-17 11:00:00Z;-1,38;2;3
1983-06-18 11:00:00Z;-1,36;2;3
1983-06-19 11:00:00Z;-1,34;2;3
1983-06-20 11:00:00Z;-1,32;0;3
1983-06-21 11:00:00Z;-1,31;2;3
1983-06-22 11:00:00Z;-1,29;2;3
1983-06-23 11:00:00Z;-1,28;2;3
1983-06-24 11:00:00Z;-1,26;2;3
1983-06-25 11:00:00Z;-1,25;2;3
1983-06-26 11:00:00Z;-1,23;2;3
1983-06-27 11:00:00Z;-1,22;0;3
1983-06-28 11:00:00Z;-1,23;2;3
1983-06-29 11:00:00Z;-1,24;2;3
1983-06-30 11:00:00Z;-1,25;0;3
1983-07-01 11:00:00Z;-1,26;2;3
1983-07-02 11:00:00Z;-1,27;2;3
1983-07-03 11:00:00Z;-1,29;2;3
1983-07-04 11:00:00Z;-1,3;0;3
1983-07-05 11:00:00Z;-1,32;2;3
1983-07-06 11:00:00Z;-1,35;2;3
1983-07-07 11:00:00Z;-1,37;2;3
1983-07-08 11:00:00Z;-1,39;2;3
1983-07-09 11:00:00Z;-1,41;2;3
1983-07-10 11:00:00Z;-1,44;2;3
1983-07-11 11:00:00Z;-1,46;0;3
1983-07-12 11:00:00Z;-1,47;2;3
1983-07-13 11:00:00Z;-1,48;2;3
1983-07-14 11:00:00Z;-1,49;2;3
1983-07-15 11:00:00Z;-1,51;2;3
1983-07-16 11:00:00Z;-1,52;2;3
1983-07-17 11:00:00Z;-1,53;2;3
1983-07-18 11:00:00Z;-1,54;0;3
1983-07-19 11:00:00Z;-1,42;2;3
1983-07-20 11:00:00Z;-1,29;2;3
1983-07-21 11:00:00Z;-1,17;2;3
1983-07-22 11:00:00Z;-1,05;2;3
1983-07-23 11:00:00Z;-0,93;2;3
1983-07-24 11:00:00Z;-0,8;2;3
1983-07-25 11:00:00Z;-0,68;0;3
1983-07-26 11:00:00Z;-0,68;2;3
1983-07-27 11:00:00Z;-0,68;2;3
1983-07-28 11:00:00Z;-0,69;2;3
1983-07-29 11:00:00Z;-0,69;2;3
1983-07-30 11:00:00Z;-0,69;2;3
1983-07-31 11:00:00Z;-0,69;0;3
1983-08-01 11:00:00Z;-0,67;2;3
1983-08-02 11:00:00Z;-0,64;2;3
1983-08-03 11:00:00Z;-0,62;2;3
1983-08-04 11:00:00Z;-0,59;2;3
1983-08-05 11:00:00Z;-0,56;2;3
1983-08-06 11:00:00Z;-0,54;2;3
1983-08-07 11:00:00Z;-0,51;2;3
1983-08-08 11:00:00Z;-0,49;0;3
1983-08-09 11:00:00Z;-0,42;2;3
1983-08-10 11:00:00Z;-0,35;2;3
1983-08-11 11:00:00Z;-0,28;2;3
1983-08-12 11:00:00Z;-0,2;2;3
1983-08-13 11:00:00Z;-0,13;2;3
1983-08-14 11:00:00Z;-0,06;2;3
1983-08-15 11:00:00Z;0,01;0;3
1983-08-16 11:00:00Z;0,01;2;3
1983-08-17 11:00:00Z;0,01;2;3
1983-08-18 11:00:00Z;0,01;2;3
1983-08-19 11:00:00Z;0,01;2;3
1983-08-20 11:00:00Z;0,01;2;3
1983-08-21 11:00:00Z;0,01;2;3
1983-08-22 11:00:00Z;0,01;0;3
1983-08-23 11:00:00Z;0,15;2;3
1983-08-24 11:00:00Z;0,28;2;3
1983-08-25 11:00:00Z;0,42;0;3
1983-08-26 11:00:00Z;0,35;2;3
1983-08-27 11:00:00Z;0,28;2;3
1983-08-28 11:00:00Z;0,22;2;3
1983-08-29 11:00:00Z;0,15;0;3
1983-08-30 11:00:00Z;0,18;2;3
1983-08-31 11:00:00Z;0,21;0;3
1983-09-01 11:00:00Z;0,17;2;3
1983-09-02 11:00:00Z;0,13;2;3
1983-09-03 11:00:00Z;0,09;2;3
1983-09-04 11:00:00Z;0,05;2;3
1983-09-05 11:00:00Z;0,01;0;3
1983-09-06 11:00:00Z;0,01;2;3
1983-09-07 11:00:00Z;0,01;2;3
1983-09-08 11:00:00Z;0,01;2;3
1983-09-09 11:00:00Z;0,02;2;3
1983-09-10 11:00:00Z;0,02;2;3
1983-09-11 11:00:00Z;0,02;2;3
1983-09-12 11:00:00Z;0,02;0;3
1983-09-13 11:00:00Z;-0,01;2;3
1983-09-14 11:00:00Z;-0,05;2;3
1983-09-15 11:00:00Z;-0,08;2;3
1983-09-16 11:00:00Z;-0,11;2;3
1983-09-17 11:00:00Z;-0,14;2;3
1983-09-18 11:00:00Z;-0,18;2;3
1983-09-19 11:00:00Z;-0,21;0;3
1983-09-20 11:00:00Z;-0,24;2;3
1983-09-21 11:00:00Z;-0,26;2;3
1983-09-22 11:00:00Z;-0,29;2;3
1983-09-23 11:00:00Z;-0,32;2;3
1983-09-24 11:00:00Z;-0,35;2;3
1983-09-25 11:00:00Z;-0,37;2;3
1983-09-26 11:00:00Z;-0,4;0;3
1983-09-27 11:00:00Z;-0,27;2;3
1983-09-28 11:00:00Z;-0,14;2;3
1983-09-29 11:00:00Z;-0,01;2;3
1983-09-30 11:00:00Z;0,12;0;3
1983-10-01 11:00:00Z;0,15;2;3
1983-10-02 11:00:00Z;0,19;2;3
1983-10-03 11:00:00Z;0,22;0;3
1983-10-04 11:00:00Z;0,19;2;3
1983-10-05 11:00:00Z;0,17;2;3
1983-10-06 11:00:00Z;0,14;2;3
1983-10-07 11:00:00Z;0,12;2;3
1983-10-08 11:00:00Z;0,09;2;3
1983-10-09 11:00:00Z;0,07;2;3
1983-10-10 11:00:00Z;0,04;0;3
1983-10-11 11:00:00Z;0,02;2;3
1983-10-12 11:00:00Z;0;2;3
1983-10-13 11:00:00Z;-0,02;2;3
1983-10-14 11:00:00Z;-0,04;2;3
1983-10-15 11:00:00Z;-0,06;2;3
1983-10-16 11:00:00Z;-0,08;2;3
1983-10-17 11:00:00Z;-0,1;0;3
1983-10-18 11:00:00Z;-0,06;2;3
1983-10-19 11:00:00Z;-0,01;2;3
1983-10-20 11:00:00Z;0,03;2;3
1983-10-21 11:00:00Z;0,07;2;3
1983-10-22 11:00:00Z;0,11;2;3
1983-10-23 11:00:00Z;0,16;2;3
1983-10-24 11:00:00Z;0,2;0;3
1983-10-25 11:00:00Z;0,22;2;3
1983-10-26 11:00:00Z;0,24;2;3
1983-10-27 11:00:00Z;0,26;2;3
1983-10-28 11:00:00Z;0,28;2;3
1983-10-29 11:00:00Z;0,3;2;3
1983-10-30 11:00:00Z;0,32;2;3
1983-10-31 11:00:00Z;0,34;0;3
1983-11-01 11:00:00Z;0,32;2;3
1983-11-02 11:00:00Z;0,29;2;3
1983-11-03 11:00:00Z;0,27;2;3
1983-11-04 11:00:00Z;0,25;2;3
1983-11-05 11:00:00Z;0,23;2;3
1983-11-06 11:00:00Z;0,2;2;3
1983-11-07 11:00:00Z;0,18;0;3
1983-11-08 11:00:00Z;0,17;2;3
1983-11-09 11:00:00Z;0,16;2;3
1983-11-10 11:00:00Z;0,15;2;3
1983-11-11 11:00:00Z;0,14;2;3
1983-11-12 11:00:00Z;0,13;2;3
1983-11-13 11:00:00Z;0,12;2;3
1983-11-14 11:00:00Z;0,11;0;3
1983-11-15 11:00:00Z;0,12;2;3
1983-11-16 11:00:00Z;0,12;2;3
1983-11-17 11:00:00Z;0,13;2;3
1983-11-18 11:00:00Z;0,14;2;3
1983-11-19 11:00:00Z;0,15;2;3
1983-11-20 11:00:00Z;0,15;2;3
1983-11-21 11:00:00Z;0,16;0;3
1983-11-22 11:00:00Z;0,27;2;3
1983-11-23 11:00:00Z;0,38;2;3
1983-11-24 11:00:00Z;0,49;2;3
1983-11-25 11:00:00Z;0,6;0;3
1983-11-26 11:00:00Z;0,44;2;3
1983-11-27 11:00:00Z;0,28;2;3
1983-11-28 11:00:00Z;0,12;0;3
1983-11-29 11:00:00Z;0,09;2;3
1983-11-30 11:00:00Z;0,06;0;3
1983-12-01 11:00:00Z;0,14;2;3
1983-12-02 11:00:00Z;0,22;2;3
1983-12-03 11:00:00Z;0,3;2;3
1983-12-04 11:00:00Z;0,38;2;3
1983-12-05 11:00:00Z;0,46;0;3
1983-12-06 11:00:00Z;0,4;2;3
1983-12-07 11:00:00Z;0,35;2;3
1983-12-08 11:00:00Z;0,29;2;3
1983-12-09 11:00:00Z;0,24;2;3
1983-12-10 11:00:00Z;0,18;2;3
1983-12-11 11:00:00Z;0,13;2;3
1983-12-12 11:00:00Z;0,07;0;3
1983-12-13 11:00:00Z;0,07;2;3
1983-12-14 11:00:00Z;0,07;2;3
1983-12-15 11:00:00Z;0,07;2;3
1983-12-16 11:00:00Z;0,06;2;3
1983-12-17 11:00:00Z;0,06;2;3
1983-12-18 11:00:00Z;0,06;2;3
1983-12-19 11:00:00Z;0,06;0;3
1983-12-20 11:00:00Z;0,03;2;3
1983-12-21 11:00:00Z;0;2;3
1983-12-22 11:00:00Z;-0,02;2;3
1983-12-23 11:00:00Z;-0,05;2;3
1983-12-24 11:00:00Z;-0,08;2;3
1983-12-25 11:00:00Z;-0,1;2;3
1983-12-26 11:00:00Z;-0,13;2;3
1983-12-27 11:00:00Z;-0,16;0;3
1983-12-28 11:00:00Z;-0,11;2;3
1983-12-29 11:00:00Z;-0,05;2;3
1983-12-30 11:00:00Z;0;2;3
1983-12-31 11:00:00Z;0,05;0;3
1984-01-01 11:00:00Z;;0;3
1984-01-02 11:00:00Z;;0;3
1984-01-03 11:00:00Z;;0;3
1984-01-04 11:00:00Z;;0;3
1984-01-05 11:00:00Z;;0;3
1984-01-06 11:00:00Z;;0;3
1984-01-07 11:00:00Z;;0;3
1984-01-08 11:00:00Z;;0;3
1984-01-09 11:00:00Z;;0;3
1984-01-10 11:00:00Z;;0;3
1984-01-11 11:00:00Z;;0;3
1984-01-12 11:00:00Z;;0;3
1984-01-13 11:00:00Z;;0;3
1984-01-14 11:00:00Z;;0;3
1984-01-15 11:00:00Z;;0;3
1984-01-16 11:00:00Z;;0;3
1984-01-17 11:00:00Z;;0;3
1984-01-18 11:00:00Z;;0;3
1984-01-19 11:00:00Z;;0;3
1984-01-20 11:00:00Z;;0;3
1984-01-21 11:00:00Z;;0;3
1984-01-22 11:00:00Z;;0;3
1984-01-23 11:00:00Z;;0;3
1984-01-24 11:00:00Z;;0;3
1984-01-25 11:00:00Z;;0;3
1984-01-26 11:00:00Z;;0;3
1984-01-27 11:00:00Z;;0;3
1984-01-28 11:00:00Z;;0;3
1984-01-29 11:00:00Z;;0;3
1984-01-30 11:00:00Z;;0;3
1984-01-31 11:00:00Z;;0;3
1984-02-01 11:00:00Z;-1,4;0;3
1984-02-02 11:00:00Z;-1,45;2;3
1984-02-03 11:00:00Z;-1,5;2;3
1984-02-04 11:00:00Z;-1,54;2;3
1984-02-05 11:00:00Z;-1,59;2;3
1984-02-06 11:00:00Z;-1,64;0;3
1984-02-07 11:00:00Z;-1,59;2;3
1984-02-08 11:00:00Z;-1,53;2;3
1984-02-09 11:00:00Z;-1,48;2;3
1984-02-10 11:00:00Z;-1,42;2;3
1984-02-11 11:00:00Z;-1,37;2;3
1984-02-12 11:00:00Z;-1,31;2;3
1984-02-13 11:00:00Z;-1,26;0;3
1984-02-14 11:00:00Z;-1,2;2;3
1984-02-15 11:00:00Z;-1,15;2;3
1984-02-16 11:00:00Z;-1,09;2;3
1984-02-17 11:00:00Z;-1,03;2;3
1984-02-18 11:00:00Z;-0,97;2;3
1984-02-19 11:00:00Z;-0,92;2;3
1984-02-20 11:00:00Z;-0,86;0;3
1984-02-21 11:00:00Z;-0,89;2;3
1984-02-22 11:00:00Z;-0,93;2;3
1984-02-23 11:00:00Z;-0,96;2;3
1984-02-24 11:00:00Z;-1;2;3
1984-02-25 11:00:00Z;-1,03;2;3
1984-02-26 11:00:00Z;-1,07;2;3
1984-02-27 11:00:00Z;-1,1;0;3
1984-02-28 11:00:00Z;-1,12;2;3
1984-02-29 11:00:00Z;-1,13;2;3
1984-03-01 11:00:00Z;-1,14;2;3
1984-03-02 11:00:00Z;-1,16;0;3
1984-03-03 11:00:00Z;-1,19;2;3
1984-03-04 11:00:00Z;-1,23;2;3
1984-03-05 11:00:00Z;-1,26;2;3
1984-03-06 11:00:00Z;-1,3;2;3
1984-03-07 11:00:00Z;-1,33;2;3
1984-03-08 11:00:00Z;-1,36;2;3
1984-03-09 11:00:00Z;-1,4;2;3
1984-03-10 11:00:00Z;-1,43;2;3
1984-03-11 11:00:00Z;-1,47;2;3
1984-03-12 11:00:00Z;-1,5;0;3
1984-03-13 11:00:00Z;-1,57;2;3
1984-03-14 11:00:00Z;-1,64;2;3
1984-03-15 11:00:00Z;-1,71;2;3
1984-03-16 11:00:00Z;-1,79;2;3
1984-03-17 11:00:00Z;-1,86;2;3
1984-03-18 11:00:00Z;-1,93;2;3
1984-03-19 11:00:00Z;-2;0;3
1984-03-20 11:00:00Z;-2,11;2;3
1984-03-21 11:00:00Z;-2,22;2;3
1984-03-22 11:00:00Z;-2,33;2;3
1984-03-23 11:00:00Z;-2,44;2;3
1984-03-24 11:00:00Z;-2,56;2;3
1984-03-25 11:00:00Z;-2,67;2;3
1984-03-26 11:00:00Z;-2,78;2;3
1984-03-27 11:00:00Z;-2,89;2;3
1984-03-28 11:00:00Z;-3;0;3
1984-03-29 11:00:00Z;-3,13;2;3
1984-03-30 11:00:00Z;-3,27;2;3
1984-03-31 11:00:00Z;-3,4;0;3
1984-04-01 11:00:00Z;-3,4;2;3
1984-04-02 11:00:00Z;-3,4;0;3
1984-04-03 11:00:00Z;-3,39;2;3
1984-04-04 11:00:00Z;-3,37;2;3
1984-04-05 11:00:00Z;-3,36;2;3
1984-04-06 11:00:00Z;-3,34;2;3
1984-04-07 11:00:00Z;-3,33;2;3
1984-04-08 11:00:00Z;-3,31;2;3
1984-04-09 11:00:00Z;-3,3;0;3
1984-04-10 11:00:00Z;-3,25;2;3
1984-04-11 11:00:00Z;-3,2;2;3
1984-04-12 11:00:00Z;-3,15;2;3
1984-04-13 11:00:00Z;-3,1;2;3
1984-04-14 11:00:00Z;-3,05;2;3
1984-04-15 11:00:00Z;-3;2;3
1984-04-16 11:00:00Z;-2,95;2;3
1984-04-17 11:00:00Z;-2,9;2;3
1984-04-18 11:00:00Z;-2,85;0;3
1984-04-19 11:00:00Z;-2,69;2;3
1984-04-20 11:00:00Z;-2,52;2;3
1984-04-21 11:00:00Z;-2,36;2;3
1984-04-22 11:00:00Z;-2,2;2;3
1984-04-23 11:00:00Z;-2,03;2;3
1984-04-24 11:00:00Z;-1,87;2;3
1984-04-25 11:00:00Z;-1,71;2;3
1984-04-26 11:00:00Z;-1,54;2;3
1984-04-27 11:00:00Z;-1,38;2;3
1984-04-28 11:00:00Z;-1,22;2;3
1984-04-29 11:00:00Z;-1,05;2;3
1984-04-30 11:00:00Z;-0,89;0;3
1984-05-01 11:00:00Z;-0,56;2;3
1984-05-02 11:00:00Z;-0,23;0;3
1984-05-03 11:00:00Z;-0,31;2;3
1984-05-04 11:00:00Z;-0,39;2;3
1984-05-05 11:00:00Z;-0,47;2;3
1984-05-06 11:00:00Z;-0,55;2;3
1984-05-07 11:00:00Z;-0,63;2;3
1984-05-08 11:00:00Z;-0,71;2;3
1984-05-09 11:00:00Z;-0,79;2;3
1984-05-10 11:00:00Z;-0,87;2;3
1984-05-11 11:00:00Z;-0,95;0;3
1984-05-12 11:00:00Z;-0,92;2;3
1984-05-13 11:00:00Z;-0,9;2;3
1984-05-14 11:00:00Z;-0,87;2;3
1984-05-15 11:00:00Z;-0,84;2;3
1984-05-16 11:00:00Z;-0,81;2;3
1984-05-17 11:00:00Z;-0,79;2;3
1984-05-18 11:00:00Z;-0,76;2;3
1984-05-19 11:00:00Z;-0,73;2;3
1984-05-20 11:00:00Z;-0,7;2;3
1984-05-21 11:00:00Z;-0,68;2;3
1984-05-22 11:00:00Z;-0,65;0;3
1984-05-23 11:00:00Z;-0,67;2;3
1984-05-24 11:00:00Z;-0,69;2;3
1984-05-25 11:00:00Z;-0,7;2;3
1984-05-26 11:00:00Z;-0,72;0;3
1984-05-27 11:00:00Z;-0,75;2;3
1984-05-28 11:00:00Z;-0,79;2;3
1984-05-29 11:00:00Z;-0,82;2;3
1984-05-30 11:00:00Z;-0,86;2;3
1984-05-31 11:00:00Z;-0,89;0;3
1984-06-01 11:00:00Z;-0,9;2;3
1984-06-02 11:00:00Z;-0,9;2;3
1984-06-03 11:00:00Z;-0,91;2;3
1984-06-04 11:00:00Z;-0,92;0;3
1984-06-05 11:00:00Z;-0,92;2;3
1984-06-06 11:00:00Z;-0,92;2;3
1984-06-07 11:00:00Z;-0,92;2;3
1984-06-08 11:00:00Z;-0,93;2;3
1984-06-09 11:00:00Z;-0,93;2;3
1984-06-10 11:00:00Z;-0,93;2;3
1984-06-11 11:00:00Z;-0,93;2;3
1984-06-12 11:00:00Z;-0,93;0;3
1984-06-13 11:00:00Z;-0,93;2;3
1984-06-14 11:00:00Z;-0,93;2;3
1984-06-15 11:00:00Z;-0,94;2;3
1984-06-16 11:00:00Z;-0,94;2;3
1984-06-17 11:00:00Z;-0,94;2;3
1984-06-18 11:00:00Z;-0,94;2;3
1984-06-19 11:00:00Z;-0,95;2;3
1984-06-20 11:00:00Z;-0,95;2;3
1984-06-21 11:00:00Z;-0,95;0;3
1984-06-22 11:00:00Z;-0,94;2;3
1984-06-23 11:00:00Z;-0,94;2;3
1984-06-24 11:00:00Z;-0,93;2;3
1984-06-25 11:00:00Z;-0,93;2;3
1984-06-26 11:00:00Z;-0,92;2;3
1984-06-27 11:00:00Z;-0,92;2;3
1984-06-28 11:00:00Z;-0,91;2;3
1984-06-29 11:00:00Z;-0,91;2;3
1984-06-30 11:00:00Z;-0,9;0;3
1984-07-01 11:00:00Z;-0,91;2;3
1984-07-02 11:00:00Z;-0,92;2;3
1984-07-03 11:00:00Z;-0,92;2;3
1984-07-04 11:00:00Z;-0,93;2;3
1984-07-05 11:00:00Z;-0,94;2;3
1984-07-06 11:00:00Z;-0,95;0;3
1984-07-07 11:00:00Z;-0,96;2;3
1984-07-08 11:00:00Z;-0,97;2;3
1984-07-09 11:00:00Z;-0,98;2;3
1984-07-10 11:00:00Z;-0,99;2;3
1984-07-11 11:00:00Z;-0,99;2;3
1984-07-12 11:00:00Z;-1;2;3
1984-07-13 11:00:00Z;-1,01;2;3
1984-07-14 11:00:00Z;-1,02;0;3
1984-07-15 11:00:00Z;-1,02;2;3
1984-07-16 11:00:00Z;-1,01;2;3
1984-07-17 11:00:00Z;-1,01;2;3
1984-07-18 11:00:00Z;-1,01;2;3
1984-07-19 11:00:00Z;-1;2;3
1984-07-20 11:00:00Z;-1;2;3
1984-07-21 11:00:00Z;-1;2;3
1984-07-22 11:00:00Z;-0,99;2;3
1984-07-23 11:00:00Z;-0,99;0;3
1984-07-24 11:00:00Z;-0,99;2;3
1984-07-25 11:00:00Z;-0,98;2;3
1984-07-26 11:00:00Z;-0,98;2;3
1984-07-27 11:00:00Z;-0,97;2;3
1984-07-28 11:00:00Z;-0,96;2;3
1984-07-29 11:00:00Z;-0,96;2;3
1984-07-30 11:00:00Z;-0,95;2;3
1984-07-31 11:00:00Z;-0,95;0;3
1984-08-01 11:00:00Z;-0,94;2;3
1984-08-02 11:00:00Z;-0,94;2;3
1984-08-03 11:00:00Z;-0,94;2;3
1984-08-04 11:00:00Z;-0,93;2;3
1984-08-05 11:00:00Z;-0,93;2;3
1984-08-06 11:00:00Z;-0,92;0;3
1984-08-07 11:00:00Z;-0,92;2;3
1984-08-08 11:00:00Z;-0,92;2;3
1984-08-09 11:00:00Z;-0,91;2;3
1984-08-10 11:00:00Z;-0,91;2;3
1984-08-11 11:00:00Z;-0,91;2;3
1984-08-12 11:00:00Z;-0,91;2;3
1984-08-13 11:00:00Z;-0,9;2;3
1984-08-14 11:00:00Z;-0,9;2;3
1984-08-15 11:00:00Z;-0,9;0;3
1984-08-16 11:00:00Z;-0,77;2;3
1984-08-17 11:00:00Z;-0,63;2;3
1984-08-18 11:00:00Z;-0,5;2;3
1984-08-19 11:00:00Z;-0,37;2;3
1984-08-20 11:00:00Z;-0,23;2;3
1984-08-21 11:00:00Z;-0,1;0;3
1984-08-22 11:00:00Z;-0,09;2;3
1984-08-23 11:00:00Z;-0,09;2;3
1984-08-24 11:00:00Z;-0,09;2;3
1984-08-25 11:00:00Z;-0,08;2;3
1984-08-26 11:00:00Z;-0,08;2;3
1984-08-27 11:00:00Z;-0,07;2;3
1984-08-28 11:00:00Z;-0,06;2;3
1984-08-29 11:00:00Z;-0,06;2;3
1984-08-30 11:00:00Z;-0,06;2;3
1984-08-31 11:00:00Z;-0,05;0;3
1984-09-01 11:00:00Z;-0,02;2;3
1984-09-02 11:00:00Z;0,01;2;3
1984-09-03 11:00:00Z;0,04;2;3
1984-09-04 11:00:00Z;0,06;2;3
1984-09-05 11:00:00Z;0,09;2;3
1984-09-06 11:00:00Z;0,12;2;3
1984-09-07 11:00:00Z;0,15;0;3
1984-09-08 11:00:00Z;0,18;2;3
1984-09-09 11:00:00Z;0,2;2;3
1984-09-10 11:00:00Z;0,23;0;3
1984-09-11 11:00:00Z;0,21;2;3
1984-09-12 11:00:00Z;0,19;2;3
1984-09-13 11:00:00Z;0,17;2;3
1984-09-14 11:00:00Z;0,16;2;3
1984-09-15 11:00:00Z;0,14;2;3
1984-09-16 11:00:00Z;0,12;2;3
1984-09-17 11:00:00Z;0,1;0;3
1984-09-18 11:00:00Z;0,09;2;3
1984-09-19 11:00:00Z;0,08;2;3
1984-09-20 11:00:00Z;0,07;2;3
1984-09-21 11:00:00Z;0,05;2;3
1984-09-22 11:00:00Z;0,04;2;3
1984-09-23 11:00:00Z;0,03;2;3
1984-09-24 11:00:00Z;0,02;0;3
1984-09-25 11:00:00Z;0,02;2;3
1984-09-26 11:00:00Z;0,02;2;3
1984-09-27 11:00:00Z;0,02;2;3
1984-09-28 11:00:00Z;0,02;2;3
1984-09-29 11:00:00Z;0,02;2;3
1984-09-30 11:00:00Z;0,02;0;3
1984-10-01 11:00:00Z;0,02;2;3
1984-10-02 11:00:00Z;0,02;2;3
1984-10-03 11:00:00Z;0,02;0;3
1984-10-04 11:00:00Z;-0,03;2;3
1984-10-05 11:00:00Z;-0,08;2;3
1984-10-06 11:00:00Z;-0,13;2;3
1984-10-07 11:00:00Z;-0,18;2;3
1984-10-08 11:00:00Z;-0,23;0;3
1984-10-09 11:00:00Z;-0,19;2;3
1984-10-10 11:00:00Z;-0,15;2;3
1984-10-11 11:00:00Z;-0,11;2;3
1984-10-12 11:00:00Z;-0,06;2;3
1984-10-13 11:00:00Z;-0,02;2;3
1984-10-14 11:00:00Z;0,02;2;3
1984-10-15 11:00:00Z;0,06;2;3
1984-10-16 11:00:00Z;0,1;0;3
1984-10-17 11:00:00Z;0,1;2;3
1984-10-18 11:00:00Z;0,1;2;3
1984-10-19 11:00:00Z;0,1;2;3
1984-10-20 11:00:00Z;0,1;2;3
1984-10-21 11:00:00Z;0,1;2;3
1984-10-22 11:00:00Z;0,1;2;3
1984-10-23 11:00:00Z;0,1;2;3
1984-10-24 11:00:00Z;0,1;2;3
1984-10-25 11:00:00Z;0,1;0;3
1984-10-26 11:00:00Z;0,1;2;3
1984-10-27 11:00:00Z;0,1;2;3
1984-10-28 11:00:00Z;0,1;2;3
1984-10-29 11:00:00Z;0,1;2;3
1984-10-30 11:00:00Z;0,1;2;3
1984-10-31 11:00:00Z;0,1;0;3
1984-11-01 11:00:00Z;0,1;0;3
1984-11-02 11:00:00Z;0,09;2;3
1984-11-03 11:00:00Z;0,08;2;3
1984-11-04 11:00:00Z;0,07;2;3
1984-11-05 11:00:00Z;0,06;2;3
1984-11-06 11:00:00Z;0,05;2;3
1984-11-07 11:00:00Z;0,04;2;3
1984-11-08 11:00:00Z;0,03;0;3
1984-11-09 11:00:00Z;0,02;2;3
1984-11-10 11:00:00Z;0;2;3
1984-11-11 11:00:00Z;-0,01;2;3
1984-11-12 11:00:00Z;-0,03;2;3
1984-11-13 11:00:00Z;-0,04;2;3
1984-11-14 11:00:00Z;-0,06;2;3
1984-11-15 11:00:00Z;-0,07;0;3
1984-11-16 11:00:00Z;-0,08;2;3
1984-11-17 11:00:00Z;-0,09;2;3
1984-11-18 11:00:00Z;-0,09;2;3
1984-11-19 11:00:00Z;-0,1;0;3
1984-11-20 11:00:00Z;-0,11;2;3
1984-11-21 11:00:00Z;-0,11;2;3
1984-11-22 11:00:00Z;-0,12;2;3
1984-11-23 11:00:00Z;-0,12;2;3
1984-11-24 11:00:00Z;-0,13;2;3
1984-11-25 11:00:00Z;-0,13;2;3
1984-11-26 11:00:00Z;-0,14;0;3
1984-11-27 11:00:00Z;-0,14;2;3
1984-11-28 11:00:00Z;-0,15;2;3
1984-11-29 11:00:00Z;-0,15;2;3
1984-11-30 11:00:00Z;-0,15;2;3
1984-12-01 11:00:00Z;-0,15;2;3
1984-12-02 11:00:00Z;-0,16;2;3
1984-12-03 11:00:00Z;-0,16;0;3
1984-12-04 11:00:00Z;-0,12;2;3
1984-12-05 11:00:00Z;-0,09;2;3
1984-12-06 11:00:00Z;-0,05;2;3
1984-12-07 11:00:00Z;-0,01;2;3
1984-12-08 11:00:00Z;0,03;2;3
1984-12-09 11:00:00Z;0,06;2;3
1984-12-10 11:00:00Z;0,1;0;3
1984-12-11 11:00:00Z;0,11;0;3
1984-12-12 11:00:00Z;0,1;2;3
1984-12-13 11:00:00Z;0,08;2;3
1984-12-14 11:00:00Z;0,07;2;3
1984-12-15 11:00:00Z;0,05;2;3
1984-12-16 11:00:00Z;0,04;2;3
1984-12-17 11:00:00Z;0,02;2;3
1984-12-18 11:00:00Z;0,01;2;3
1984-12-19 11:00:00Z;-0,01;2;3
1984-12-20 11:00:00Z;-0,02;0;3
1984-12-21 11:00:00Z;-0,05;2;3
1984-12-22 11:00:00Z;-0,08;2;3
1984-12-23 11:00:00Z;-0,12;2;3
1984-12-24 11:00:00Z;-0,15;2;3
1984-12-25 11:00:00Z;-0,18;2;3
1984-12-26 11:00:00Z;-0,21;2;3
1984-12-27 11:00:00Z;-0,24;2;3
1984-12-28 11:00:00Z;-0,27;2;3
1984-12-29 11:00:00Z;-0,31;2;3
1984-12-30 11:00:00Z;-0,34;2;3
1984-12-31 11:00:00Z;-0,37;0;3
1985-01-01 11:00:00Z;-0,39;2;3
1985-01-02 11:00:00Z;-0,42;0;3
1985-01-03 11:00:00Z;-0,49;2;3
1985-01-04 11:00:00Z;-0,56;2;3
1985-01-05 11:00:00Z;-0,63;2;3
1985-01-06 11:00:00Z;-0,71;2;3
1985-01-07 11:00:00Z;-0,78;2;3
1985-01-08 11:00:00Z;-0,85;2;3
1985-01-09 11:00:00Z;-0,92;0;3
1985-01-10 11:00:00Z;-0,96;2;3
1985-01-11 11:00:00Z;-1;2;3
1985-01-12 11:00:00Z;-1,04;2;3
1985-01-13 11:00:00Z;-1,08;2;3
1985-01-14 11:00:00Z;-1,12;2;3
1985-01-15 11:00:00Z;-1,16;0;3
1985-01-16 11:00:00Z;-1,13;2;3
1985-01-17 11:00:00Z;-1,11;2;3
1985-01-18 11:00:00Z;-1,08;2;3
1985-01-19 11:00:00Z;-1,05;2;3
1985-01-20 11:00:00Z;-1,03;2;3
1985-01-21 11:00:00Z;-1;0;3
1985-01-22 11:00:00Z;-0,98;2;3
1985-01-23 11:00:00Z;-0,96;2;3
1985-01-24 11:00:00Z;-0,94;2;3
1985-01-25 11:00:00Z;-0,91;2;3
1985-01-26 11:00:00Z;-0,89;2;3
1985-01-27 11:00:00Z;-0,87;2;3
1985-01-28 11:00:00Z;-0,85;0;3
1985-01-29 11:00:00Z;-0,88;2;3
1985-01-30 11:00:00Z;-0,92;2;3
1985-01-31 11:00:00Z;-0,95;0;3
1985-02-01 11:00:00Z;-1,06;2;3
1985-02-02 11:00:00Z;-1,17;2;3
1985-02-03 11:00:00Z;-1,27;2;3
1985-02-04 11:00:00Z;-1,38;2;3
1985-02-05 11:00:00Z;-1,49;2;3
1985-02-06 11:00:00Z;-1,6;0;3
1985-02-07 11:00:00Z;-1,62;2;3
1985-02-08 11:00:00Z;-1,64;2;3
1985-02-09 11:00:00Z;-1,67;2;3
1985-02-10 11:00:00Z;-1,69;2;3
1985-02-11 11:00:00Z;-1,71;2;3
1985-02-12 11:00:00Z;-1,73;2;3
1985-02-13 11:00:00Z;-1,76;2;3
1985-02-14 11:00:00Z;-1,78;2;3
1985-02-15 11:00:00Z;-1,8;0;3
1985-02-16 11:00:00Z;-1,87;2;3
1985-02-17 11:00:00Z;-1,94;2;3
1985-02-18 11:00:00Z;-2,01;2;3
1985-02-19 11:00:00Z;-2,09;2;3
1985-02-20 11:00:00Z;-2,16;2;3
1985-02-21 11:00:00Z;-2,23;0;3
1985-02-22 11:00:00Z;-2,27;2;3
1985-02-23 11:00:00Z;-2,31;2;3
1985-02-24 11:00:00Z;-2,35;2;3
1985-02-25 11:00:00Z;-2,38;2;3
1985-02-26 11:00:00Z;-2,42;2;3
1985-02-27 11:00:00Z;-2,46;2;3
1985-02-28 11:00:00Z;-2,5;0;3
1985-03-01 11:00:00Z;-2,51;2;3
1985-03-02 11:00:00Z;-2,53;2;3
1985-03-03 11:00:00Z;-2,54;2;3
1985-03-04 11:00:00Z;-2,55;2;3
1985-03-05 11:00:00Z;-2,56;2;3
1985-03-06 11:00:00Z;-2,57;2;3
1985-03-07 11:00:00Z;-2,59;2;3
1985-03-08 11:00:00Z;-2,6;0;3
1985-03-09 11:00:00Z;-2,59;2;3
1985-03-10 11:00:00Z;-2,57;2;3
1985-03-11 11:00:00Z;-2,56;2;3
1985-03-12 11:00:00Z;-2,55;2;3
1985-03-13 11:00:00Z;-2,53;2;3
1985-03-14 11:00:00Z;-2,52;0;3
1985-03-15 11:00:00Z;-2,57;2;3
1985-03-16 11:00:00Z;-2,63;2;3
1985-03-17 11:00:00Z;-2,68;2;3
1985-03-18 11:00:00Z;-2,74;2;3
1985-03-19 11:00:00Z;-2,79;2;3
1985-03-20 11:00:00Z;-2,85;2;3
1985-03-21 11:00:00Z;-2,9;0;3
1985-03-22 11:00:00Z;-2,92;2;3
1985-03-23 11:00:00Z;-2,94;2;3
1985-03-24 11:00:00Z;-2,96;2;3
1985-03-25 11:00:00Z;-2,98;2;3
1985-03-26 11:00:00Z;-3;2;3
1985-03-27 11:00:00Z;-3,02;2;3
1985-03-28 11:00:00Z;-3,04;2;3
1985-03-29 11:00:00Z;-3,06;2;3
1985-03-30 11:00:00Z;-3,08;2;3
1985-03-31 11:00:00Z;-3,1;0;3
1985-04-01 11:00:00Z;-3,1;0;3
1985-04-02 11:00:00Z;-3,11;2;3
1985-04-03 11:00:00Z;-3,12;2;3
1985-04-04 11:00:00Z;-3,14;2;3
1985-04-05 11:00:00Z;-3,15;2;3
1985-04-06 11:00:00Z;-3,16;2;3
1985-04-07 11:00:00Z;-3,17;2;3
1985-04-08 11:00:00Z;-3,19;2;3
1985-04-09 11:00:00Z;-3,2;0;3
1985-04-10 11:00:00Z;-3,18;2;3
1985-04-11 11:00:00Z;-3,16;2;3
1985-04-12 11:00:00Z;-3,13;2;3
1985-04-13 11:00:00Z;-3,11;2;3
1985-04-14 11:00:00Z;-3,09;2;3
1985-04-15 11:00:00Z;-3,07;2;3
1985-04-16 11:00:00Z;-3,04;2;3
1985-04-17 11:00:00Z;-3,02;2;3
1985-04-18 11:00:00Z;-3;0;3
1985-04-19 11:00:00Z;-2,97;2;3
1985-04-20 11:00:00Z;-2,94;2;3
1985-04-21 11:00:00Z;-2,91;2;3
1985-04-22 11:00:00Z;-2,89;2;3
1985-04-23 11:00:00Z;-2,86;2;3
1985-04-24 11:00:00Z;-2,83;2;3
1985-04-25 11:00:00Z;-2,8;0;3
1985-04-26 11:00:00Z;-2,8;2;3
1985-04-27 11:00:00Z;-2,8;2;3
1985-04-28 11:00:00Z;-2,8;2;3
1985-04-29 11:00:00Z;-2,8;2;3
1985-04-30 11:00:00Z;-2,8;0;3
1985-05-01 11:00:00Z;-2,8;0;3
1985-05-02 11:00:00Z;-2,77;2;3
1985-05-03 11:00:00Z;-2,74;2;3
1985-05-04 11:00:00Z;-2,7;2;3
1985-05-05 11:00:00Z;-2,67;2;3
1985-05-06 11:00:00Z;-2,64;2;3
1985-05-07 11:00:00Z;-2,61;0;3
1985-05-08 11:00:00Z;-2,36;2;3
1985-05-09 11:00:00Z;-2,12;2;3
1985-05-10 11:00:00Z;-1,87;2;3
1985-05-11 11:00:00Z;-1,63;2;3
1985-05-12 11:00:00Z;-1,38;2;3
1985-05-13 11:00:00Z;-1,14;2;3
1985-05-14 11:00:00Z;-0,89;0;3
1985-05-15 11:00:00Z;-0,93;2;3
1985-05-16 11:00:00Z;-0,97;2;3
1985-05-17 11:00:00Z;-1,01;2;3
1985-05-18 11:00:00Z;-1,04;2;3
1985-05-19 11:00:00Z;-1,08;2;3
1985-05-20 11:00:00Z;-1,12;2;3
1985-05-21 11:00:00Z;-1,16;0;3
1985-05-22 11:00:00Z;-1,22;2;3
1985-05-23 11:00:00Z;-1,27;2;3
1985-05-24 11:00:00Z;-1,33;2;3
1985-05-25 11:00:00Z;-1,38;2;3
1985-05-26 11:00:00Z;-1,44;2;3
1985-05-27 11:00:00Z;-1,49;2;3
1985-05-28 11:00:00Z;-1,55;0;3
1985-05-29 11:00:00Z;-1,66;2;3
1985-05-30 11:00:00Z;-1,76;2;3
1985-05-31 11:00:00Z;-1,87;0;3
1985-06-01 11:00:00Z;-1,89;0;3
1985-06-02 11:00:00Z;-1,93;2;3
1985-06-03 11:00:00Z;-1,98;2;3
1985-06-04 11:00:00Z;-2,02;2;3
1985-06-05 11:00:00Z;-2,06;2;3
1985-06-06 11:00:00Z;-2,11;2;3
1985-06-07 11:00:00Z;-2,15;0;3
1985-06-08 11:00:00Z;-2,16;2;3
1985-06-09 11:00:00Z;-2,18;2;3
1985-06-10 11:00:00Z;-2,19;2;3
1985-06-11 11:00:00Z;-2,2;2;3
1985-06-12 11:00:00Z;-2,21;2;3
1985-06-13 11:00:00Z;-2,23;2;3
1985-06-14 11:00:00Z;-2,24;0;3
1985-06-15 11:00:00Z;-2,25;2;3
1985-06-16 11:00:00Z;-2,26;2;3
1985-06-17 11:00:00Z;-2,28;2;3
1985-06-18 11:00:00Z;-2,29;2;3
1985-06-19 11:00:00Z;-2,3;2;3
1985-06-20 11:00:00Z;-2,31;2;3
1985-06-21 11:00:00Z;-2,32;2;3
1985-06-22 11:00:00Z;-2,34;2;3
1985-06-23 11:00:00Z;-2,35;2;3
1985-06-24 11:00:00Z;-2,36;0;3
1985-06-25 11:00:00Z;-2,37;2;3
1985-06-26 11:00:00Z;-2,38;2;3
1985-06-27 11:00:00Z;-2,39;2;3
1985-06-28 11:00:00Z;-2,41;2;3
1985-06-29 11:00:00Z;-2,42;2;3
1985-06-30 11:00:00Z;-2,43;0;3
1985-07-01 11:00:00Z;-2,43;0;3
1985-07-02 11:00:00Z;-2,44;2;3
1985-07-03 11:00:00Z;-2,45;2;3
1985-07-04 11:00:00Z;-2,46;2;3
1985-07-05 11:00:00Z;-2,47;2;3
1985-07-06 11:00:00Z;-2,48;2;3
1985-07-07 11:00:00Z;-2,49;2;3
1985-07-08 11:00:00Z;-2,5;0;3
1985-07-09 11:00:00Z;-2,5;2;3
1985-07-10 11:00:00Z;-2,51;2;3
1985-07-11 11:00:00Z;-2,51;2;3
1985-07-12 11:00:00Z;-2,51;2;3
1985-07-13 11:00:00Z;-2,51;2;3
1985-07-14 11:00:00Z;-2,52;2;3
1985-07-15 11:00:00Z;-2,52;0;3
1985-07-16 11:00:00Z;-2,44;2;3
1985-07-17 11:00:00Z;-2,36;2;3
1985-07-18 11:00:00Z;-2,29;2;3
1985-07-19 11:00:00Z;-2,21;2;3
1985-07-20 11:00:00Z;-2,13;2;3
1985-07-21 11:00:00Z;-2,05;2;3
1985-07-22 11:00:00Z;-1,97;2;3
1985-07-23 11:00:00Z;-1,9;2;3
1985-07-24 11:00:00Z;-1,82;2;3
1985-07-25 11:00:00Z;-1,74;0;3
1985-07-26 11:00:00Z;-1,75;2;3
1985-07-27 11:00:00Z;-1,75;2;3
1985-07-28 11:00:00Z;-1,75;2;3
1985-07-29 11:00:00Z;-1,76;2;3
1985-07-30 11:00:00Z;-1,76;2;3
1985-07-31 11:00:00Z;-1,77;0;3
1985-08-01 11:00:00Z;-1,77;0;3
1985-08-02 11:00:00Z;-1,66;2;3
1985-08-03 11:00:00Z;-1,56;2;3
1985-08-04 11:00:00Z;-1,46;2;3
1985-08-05 11:00:00Z;-1,35;0;3
1985-08-06 11:00:00Z;-1,21;2;3
1985-08-07 11:00:00Z;-1,06;2;3
1985-08-08 11:00:00Z;-0,92;0;3
1985-08-09 11:00:00Z;-0,92;2;3
1985-08-10 11:00:00Z;-0,91;2;3
1985-08-11 11:00:00Z;-0,91;2;3
1985-08-12 11:00:00Z;-0,91;2;3
1985-08-13 11:00:00Z;-0,9;2;3
1985-08-14 11:00:00Z;-0,9;0;3
1985-08-15 11:00:00Z;-0,94;2;3
1985-08-16 11:00:00Z;-0,99;2;3
1985-08-17 11:00:00Z;-1,03;2;3
1985-08-18 11:00:00Z;-1,07;2;3
1985-08-19 11:00:00Z;-1,11;2;3
1985-08-20 11:00:00Z;-1,16;2;3
1985-08-21 11:00:00Z;-1,2;0;3
1985-08-22 11:00:00Z;-1,18;2;3
1985-08-23 11:00:00Z;-1,16;2;3
1985-08-24 11:00:00Z;-1,15;2;3
1985-08-25 11:00:00Z;-1,13;2;3
1985-08-26 11:00:00Z;-1,11;2;3
1985-08-27 11:00:00Z;-1,1;2;3
1985-08-28 11:00:00Z;-1,08;2;3
1985-08-29 11:00:00Z;-1,06;0;3
1985-08-30 11:00:00Z;-0,88;2;3
1985-08-31 11:00:00Z;-0,7;0;3
1985-09-01 11:00:00Z;-0,67;2;3
1985-09-02 11:00:00Z;-0,65;0;3
1985-09-03 11:00:00Z;-0,66;2;3
1985-09-04 11:00:00Z;-0,67;2;3
1985-09-05 11:00:00Z;-0,68;2;3
1985-09-06 11:00:00Z;-0,69;2;3
1985-09-07 11:00:00Z;-0,7;2;3
1985-09-08 11:00:00Z;-0,71;2;3
1985-09-09 11:00:00Z;-0,72;2;3
1985-09-10 11:00:00Z;-0,73;2;3
1985-09-11 11:00:00Z;-0,74;2;3
1985-09-12 11:00:00Z;-0,75;0;3
1985-09-13 11:00:00Z;-0,73;2;3
1985-09-14 11:00:00Z;-0,71;2;3
1985-09-15 11:00:00Z;-0,69;2;3
1985-09-16 11:00:00Z;-0,67;2;3
1985-09-17 11:00:00Z;-0,65;0;3
1985-09-18 11:00:00Z;-0,52;2;3
1985-09-19 11:00:00Z;-0,4;0;3
1985-09-20 11:00:00Z;-0,34;2;3
1985-09-21 11:00:00Z;-0,28;2;3
1985-09-22 11:00:00Z;-0,21;2;3
1985-09-23 11:00:00Z;-0,15;0;3
1985-09-24 11:00:00Z;-0,07;0;3
1985-09-25 11:00:00Z;-0,03;2;3
1985-09-26 11:00:00Z;0;2;3
1985-09-27 11:00:00Z;0,04;2;3
1985-09-28 11:00:00Z;0,08;2;3
1985-09-29 11:00:00Z;0,11;2;3
1985-09-30 11:00:00Z;0,15;0;3
1985-10-01 11:00:00Z;0,2;2;3
1985-10-02 11:00:00Z;0,25;0;3
1985-10-03 11:00:00Z;0,23;2;3
1985-10-04 11:00:00Z;0,22;2;3
1985-10-05 11:00:00Z;0,2;0;3
1985-10-06 11:00:00Z;0,18;2;3
1985-10-07 11:00:00Z;0,16;2;3
1985-10-08 11:00:00Z;0,14;2;3
1985-10-09 11:00:00Z;0,12;2;3
1985-10-10 11:00:00Z;0,1;0;3
1985-10-11 11:00:00Z;0,18;2;3
1985-10-12 11:00:00Z;0,25;2;3
1985-10-13 11:00:00Z;0,33;2;3
1985-10-14 11:00:00Z;0,4;0;3
1985-10-15 11:00:00Z;0,5;2;3
1985-10-16 11:00:00Z;0,6;0;3
1985-10-17 11:00:00Z;0,54;2;3
1985-10-18 11:00:00Z;0,48;2;3
1985-10-19 11:00:00Z;0,42;2;3
1985-10-20 11:00:00Z;0,36;2;3
1985-10-21 11:00:00Z;0,3;0;3
1985-10-22 11:00:00Z;0,29;2;3
1985-10-23 11:00:00Z;0,27;2;3
1985-10-24 11:00:00Z;0,26;2;3
1985-10-25 11:00:00Z;0,25;2;3
1985-10-26 11:00:00Z;0,24;2;3
1985-10-27 11:00:00Z;0,22;2;3
1985-10-28 11:00:00Z;0,21;2;3
1985-10-29 11:00:00Z;0,2;2;3
1985-10-30 11:00:00Z;0,18;2;3
1985-10-31 11:00:00Z;0,17;0;3
1985-11-01 11:00:00Z;0,17;2;3
1985-11-02 11:00:00Z;0,16;2;3
1985-11-03 11:00:00Z;0,16;2;3
1985-11-04 11:00:00Z;0,16;2;3
1985-11-05 11:00:00Z;0,15;2;3
1985-11-06 11:00:00Z;0,15;0;3
1985-11-07 11:00:00Z;0,17;0;3
1985-11-08 11:00:00Z;0,16;2;3
1985-11-09 11:00:00Z;0,15;2;3
1985-11-10 11:00:00Z;0,14;2;3
1985-11-11 11:00:00Z;0,14;2;3
1985-11-12 11:00:00Z;0,13;2;3
1985-11-13 11:00:00Z;0,12;2;3
1985-11-14 11:00:00Z;0,11;2;3
1985-11-15 11:00:00Z;0,1;2;3
1985-11-16 11:00:00Z;0,09;2;3
1985-11-17 11:00:00Z;0,08;2;3
1985-11-18 11:00:00Z;0,08;2;3
1985-11-19 11:00:00Z;0,07;2;3
1985-11-20 11:00:00Z;0,06;2;3
1985-11-21 11:00:00Z;0,05;0;3
1985-11-22 11:00:00Z;0,05;2;3
1985-11-23 11:00:00Z;0,05;2;3
1985-11-24 11:00:00Z;0,06;2;3
1985-11-25 11:00:00Z;0,06;0;3
1985-11-26 11:00:00Z;0,02;2;3
1985-11-27 11:00:00Z;-0,01;2;3
1985-11-28 11:00:00Z;-0,05;2;3
1985-11-29 11:00:00Z;-0,08;2;3
1985-11-30 11:00:00Z;-0,12;0;3
1985-12-01 11:00:00Z;-0,04;2;3
1985-12-02 11:00:00Z;0,04;2;3
1985-12-03 11:00:00Z;0,12;2;3
1985-12-04 11:00:00Z;0,2;2;3
1985-12-05 11:00:00Z;0,28;0;3
1985-12-06 11:00:00Z;0,31;2;3
1985-12-07 11:00:00Z;0,35;2;3
1985-12-08 11:00:00Z;0,38;2;3
1985-12-09 11:00:00Z;0,42;2;3
1985-12-10 11:00:00Z;0,45;0;3
1985-12-11 11:00:00Z;0,31;2;3
1985-12-12 11:00:00Z;0,16;2;3
1985-12-13 11:00:00Z;0,02;2;3
1985-12-14 11:00:00Z;-0,12;2;3
1985-12-15 11:00:00Z;-0,27;2;3
1985-12-16 11:00:00Z;-0,41;2;3
1985-12-17 11:00:00Z;-0,56;2;3
1985-12-18 11:00:00Z;-0,7;0;3
1985-12-19 11:00:00Z;-0,73;2;3
1985-12-20 11:00:00Z;-0,77;2;3
1985-12-21 11:00:00Z;-0,8;2;3
1985-12-22 11:00:00Z;-0,84;2;3
1985-12-23 11:00:00Z;-0,87;2;3
1985-12-24 11:00:00Z;-0,91;2;3
1985-12-25 11:00:00Z;-0,94;2;3
1985-12-26 11:00:00Z;-0,98;2;3
1985-12-27 11:00:00Z;-1,01;2;3
1985-12-28 11:00:00Z;-1,05;2;3
1985-12-29 11:00:00Z;-1,08;2;3
1985-12-30 11:00:00Z;-1,12;2;3
1985-12-31 11:00:00Z;-1,15;0;3
1986-01-01 11:00:00Z;-1,18;2;3
1986-01-02 11:00:00Z;-1,21;0;3
1986-01-03 11:00:00Z;-1,22;2;3
1986-01-04 11:00:00Z;-1,23;2;3
1986-01-05 11:00:00Z;-1,24;2;3
1986-01-06 11:00:00Z;-1,25;0;3
1986-01-07 11:00:00Z;-1,31;2;3
1986-01-08 11:00:00Z;-1,37;2;3
1986-01-09 11:00:00Z;-1,43;2;3
1986-01-10 11:00:00Z;-1,49;2;3
1986-01-11 11:00:00Z;-1,55;2;3
1986-01-12 11:00:00Z;-1,61;2;3
1986-01-13 11:00:00Z;-1,67;2;3
1986-01-14 11:00:00Z;-1,73;2;3
1986-01-15 11:00:00Z;-1,79;0;3
1986-01-16 11:00:00Z;-1,85;2;3
1986-01-17 11:00:00Z;-1,91;2;3
1986-01-18 11:00:00Z;-1,97;2;3
1986-01-19 11:00:00Z;-2,03;2;3
1986-01-20 11:00:00Z;-2,09;2;3
1986-01-21 11:00:00Z;-2,15;2;3
1986-01-22 11:00:00Z;-2,21;2;3
1986-01-23 11:00:00Z;-2,27;0;3
1986-01-24 11:00:00Z;-2,31;2;3
1986-01-25 11:00:00Z;-2,35;2;3
1986-01-26 11:00:00Z;-2,39;2;3
1986-01-27 11:00:00Z;-2,43;2;3
1986-01-28 11:00:00Z;-2,48;2;3
1986-01-29 11:00:00Z;-2,52;2;3
1986-01-30 11:00:00Z;-2,56;2;3
1986-01-31 11:00:00Z;-2,6;0;3
1986-02-01 11:00:00Z;-2,67;2;3
1986-02-02 11:00:00Z;-2,73;2;3
1986-02-03 11:00:00Z;-2,8;2;3
1986-02-04 11:00:00Z;-2,86;2;3
1986-02-05 11:00:00Z;-2,93;0;3
1986-02-06 11:00:00Z;-2,95;2;3
1986-02-07 11:00:00Z;-2,97;2;3
1986-02-08 11:00:00Z;-2,99;2;3
1986-02-09 11:00:00Z;-3,01;2;3
1986-02-10 11:00:00Z;-3,02;2;3
1986-02-11 11:00:00Z;-3,04;2;3
1986-02-12 11:00:00Z;-3,06;2;3
1986-02-13 11:00:00Z;-3,08;2;3
1986-02-14 11:00:00Z;-3,1;0;3
1986-02-15 11:00:00Z;-3,14;2;3
1986-02-16 11:00:00Z;-3,18;2;3
1986-02-17 11:00:00Z;-3,22;2;3
1986-02-18 11:00:00Z;-3,26;2;3
1986-02-19 11:00:00Z;-3,3;2;3
1986-02-20 11:00:00Z;-3,34;2;3
1986-02-21 11:00:00Z;-3,38;2;3
1986-02-22 11:00:00Z;-3,42;2;3
1986-02-23 11:00:00Z;-3,46;2;3
1986-02-24 11:00:00Z;-3,5;0;3
1986-02-25 11:00:00Z;-3,5;2;3
1986-02-26 11:00:00Z;-3,5;2;3
1986-02-27 11:00:00Z;-3,5;2;3
1986-02-28 11:00:00Z;-3,5;0;3
1986-03-01 11:00:00Z;-3,5;2;3
1986-03-02 11:00:00Z;-3,5;2;3
1986-03-03 11:00:00Z;-3,5;2;3
1986-03-04 11:00:00Z;-3,5;2;3
1986-03-05 11:00:00Z;-3,5;2;3
1986-03-06 11:00:00Z;-3,5;2;3
1986-03-07 11:00:00Z;-3,5;0;3
1986-03-08 11:00:00Z;-3,49;2;3
1986-03-09 11:00:00Z;-3,47;2;3
1986-03-10 11:00:00Z;-3,46;2;3
1986-03-11 11:00:00Z;-3,44;2;3
1986-03-12 11:00:00Z;-3,43;2;3
1986-03-13 11:00:00Z;-3,41;2;3
1986-03-14 11:00:00Z;-3,4;0;3
1986-03-15 11:00:00Z;-3,39;2;3
1986-03-16 11:00:00Z;-3,38;2;3
1986-03-17 11:00:00Z;-3,38;2;3
1986-03-18 11:00:00Z;-3,37;2;3
1986-03-19 11:00:00Z;-3,36;2;3
1986-03-20 11:00:00Z;-3,36;2;3
1986-03-21 11:00:00Z;-3,35;2;3
1986-03-22 11:00:00Z;-3,34;2;3
1986-03-23 11:00:00Z;-3,33;2;3
1986-03-24 11:00:00Z;-3,33;2;3
1986-03-25 11:00:00Z;-3,32;2;3
1986-03-26 11:00:00Z;-3,31;0;3
1986-03-27 11:00:00Z;-3,3;2;3
1986-03-28 11:00:00Z;-3,29;2;3
1986-03-29 11:00:00Z;-3,29;2;3
1986-03-30 11:00:00Z;-3,28;2;3
1986-03-31 11:00:00Z;-3,27;0;3
1986-04-01 11:00:00Z;-3,25;0;3
1986-04-02 11:00:00Z;-3,22;2;3
1986-04-03 11:00:00Z;-3,2;2;3
1986-04-04 11:00:00Z;-3,17;2;3
1986-04-05 11:00:00Z;-3,15;2;3
1986-04-06 11:00:00Z;-3,12;2;3
1986-04-07 11:00:00Z;-3,1;0;3
1986-04-08 11:00:00Z;-3,07;2;3
1986-04-09 11:00:00Z;-3,05;2;3
1986-04-10 11:00:00Z;-3,03;2;3
1986-04-11 11:00:00Z;-3;0;3
1986-04-12 11:00:00Z;-3,01;2;3
1986-04-13 11:00:00Z;-3,02;2;3
1986-04-14 11:00:00Z;-3,04;2;3
1986-04-15 11:00:00Z;-3,05;2;3
1986-04-16 11:00:00Z;-3,06;2;3
1986-04-17 11:00:00Z;-3,07;2;3
1986-04-18 11:00:00Z;-3,08;2;3
1986-04-19 11:00:00Z;-3,1;2;3
1986-04-20 11:00:00Z;-3,11;2;3
1986-04-21 11:00:00Z;-3,12;0;3
1986-04-22 11:00:00Z;-3,08;2;3
1986-04-23 11:00:00Z;-3,04;2;3
1986-04-24 11:00:00Z;-3;2;3
1986-04-25 11:00:00Z;-2,96;2;3
1986-04-26 11:00:00Z;-2,91;2;3
1986-04-27 11:00:00Z;-2,87;2;3
1986-04-28 11:00:00Z;-2,83;2;3
1986-04-29 11:00:00Z;-2,79;2;3
1986-04-30 11:00:00Z;-2,75;0;3
1986-05-01 11:00:00Z;-2,69;0;3
1986-05-02 11:00:00Z;-2,53;2;3
1986-05-03 11:00:00Z;-2,36;2;3
1986-05-04 11:00:00Z;-2,2;2;3
1986-05-05 11:00:00Z;-2,04;2;3
1986-05-06 11:00:00Z;-1,88;2;3
1986-05-07 11:00:00Z;-1,71;2;3
1986-05-08 11:00:00Z;-1,55;0;3
1986-05-09 11:00:00Z;-1,42;2;3
1986-05-10 11:00:00Z;-1,29;0;3
1986-05-11 11:00:00Z;-1,17;2;3
1986-05-12 11:00:00Z;-1,05;0;3
1986-05-13 11:00:00Z;-1,02;2;3
1986-05-14 11:00:00Z;-1;2;3
1986-05-15 11:00:00Z;-0,97;2;3
1986-05-16 11:00:00Z;-0,95;0;3
1986-05-17 11:00:00Z;-0,95;2;3
1986-05-18 11:00:00Z;-0,95;2;3
1986-05-19 11:00:00Z;-0,95;2;3
1986-05-20 11:00:00Z;-0,95;2;3
1986-05-21 11:00:00Z;-0,95;0;3
1986-05-22 11:00:00Z;-0,93;2;3
1986-05-23 11:00:00Z;-0,91;2;3
1986-05-24 11:00:00Z;-0,9;2;3
1986-05-25 11:00:00Z;-0,88;2;3
1986-05-26 11:00:00Z;-0,86;2;3
1986-05-27 11:00:00Z;-0,84;2;3
1986-05-28 11:00:00Z;-0,83;2;3
1986-05-29 11:00:00Z;-0,81;2;3
1986-05-30 11:00:00Z;-0,79;0;3
1986-05-31 11:00:00Z;-0,78;2;3
1986-06-01 11:00:00Z;-0,76;2;3
1986-06-02 11:00:00Z;-0,75;0;3
1986-06-03 11:00:00Z;-0,74;2;3
1986-06-04 11:00:00Z;-0,74;2;3
1986-06-05 11:00:00Z;-0,73;2;3
1986-06-06 11:00:00Z;-0,72;0;3
1986-06-07 11:00:00Z;-0,74;2;3
1986-06-08 11:00:00Z;-0,75;2;3
1986-06-09 11:00:00Z;-0,77;2;3
1986-06-10 11:00:00Z;-0,79;2;3
1986-06-11 11:00:00Z;-0,81;2;3
1986-06-12 11:00:00Z;-0,82;2;3
1986-06-13 11:00:00Z;-0,84;2;3
1986-06-14 11:00:00Z;-0,86;2;3
1986-06-15 11:00:00Z;-0,87;2;3
1986-06-16 11:00:00Z;-0,89;0;3
1986-06-17 11:00:00Z;-0,92;2;3
1986-06-18 11:00:00Z;-0,95;2;3
1986-06-19 11:00:00Z;-0,99;2;3
1986-06-20 11:00:00Z;-1,02;2;3
1986-06-21 11:00:00Z;-1,05;2;3
1986-06-22 11:00:00Z;-1,08;2;3
1986-06-23 11:00:00Z;-1,12;2;3
1986-06-24 11:00:00Z;-1,15;2;3
1986-06-25 11:00:00Z;-1,18;0;3
1986-06-26 11:00:00Z;-1,22;2;3
1986-06-27 11:00:00Z;-1,26;2;3
1986-06-28 11:00:00Z;-1,3;2;3
1986-06-29 11:00:00Z;-1,34;2;3
1986-06-30 11:00:00Z;-1,38;0;3
1986-07-01 11:00:00Z;-1,42;2;3
1986-07-02 11:00:00Z;-1,46;2;3
1986-07-03 11:00:00Z;-1,5;0;3
1986-07-04 11:00:00Z;-1,51;2;3
1986-07-05 11:00:00Z;-1,52;2;3
1986-07-06 11:00:00Z;-1,52;2;3
1986-07-07 11:00:00Z;-1,53;2;3
1986-07-08 11:00:00Z;-1,54;2;3
1986-07-09 11:00:00Z;-1,55;0;3
1986-07-10 11:00:00Z;-1,52;2;3
1986-07-11 11:00:00Z;-1,49;2;3
1986-07-12 11:00:00Z;-1,46;2;3
1986-07-13 11:00:00Z;-1,43;2;3
1986-07-14 11:00:00Z;-1,41;2;3
1986-07-15 11:00:00Z;-1,38;2;3
1986-07-16 11:00:00Z;-1,35;2;3
1986-07-17 11:00:00Z;-1,32;0;3
1986-07-18 11:00:00Z;-1,33;2;3
1986-07-19 11:00:00Z;-1,35;2;3
1986-07-20 11:00:00Z;-1,36;2;3
1986-07-21 11:00:00Z;-1,37;2;3
1986-07-22 11:00:00Z;-1,39;2;3
1986-07-23 11:00:00Z;-1,4;0;3
1986-07-24 11:00:00Z;-1,42;2;3
1986-07-25 11:00:00Z;-1,44;2;3
1986-07-26 11:00:00Z;-1,46;2;3
1986-07-27 11:00:00Z;-1,47;2;3
1986-07-28 11:00:00Z;-1,49;2;3
1986-07-29 11:00:00Z;-1,51;2;3
1986-07-30 11:00:00Z;-1,53;2;3
1986-07-31 11:00:00Z;-1,55;0;3
1986-08-01 11:00:00Z;-1,58;2;3
1986-08-02 11:00:00Z;-1,61;2;3
1986-08-03 11:00:00Z;-1,64;2;3
1986-08-04 11:00:00Z;-1,68;2;3
1986-08-05 11:00:00Z;-1,71;2;3
1986-08-06 11:00:00Z;-1,74;0;3
1986-08-07 11:00:00Z;-1,86;2;3
1986-08-08 11:00:00Z;-1,99;2;3
1986-08-09 11:00:00Z;-2,11;2;3
1986-08-10 11:00:00Z;-2,23;2;3
1986-08-11 11:00:00Z;-2,35;2;3
1986-08-12 11:00:00Z;-2,48;2;3
1986-08-13 11:00:00Z;-2,6;0;3
1986-08-14 11:00:00Z;-2,6;2;3
1986-08-15 11:00:00Z;-2,61;2;3
1986-08-16 11:00:00Z;-2,61;2;3
1986-08-17 11:00:00Z;-2,62;2;3
1986-08-18 11:00:00Z;-2,62;2;3
1986-08-19 11:00:00Z;-2,63;2;3
1986-08-20 11:00:00Z;-2,63;0;3
1986-08-21 11:00:00Z;-2,7;2;3
1986-08-22 11:00:00Z;-2,78;2;3
1986-08-23 11:00:00Z;-2,85;2;3
1986-08-24 11:00:00Z;-2,93;2;3
1986-08-25 11:00:00Z;-3;0;3
1986-08-26 11:00:00Z;-3,03;2;3
1986-08-27 11:00:00Z;-3,07;2;3
1986-08-28 11:00:00Z;-3,1;2;3
1986-08-29 11:00:00Z;-3,13;2;3
1986-08-30 11:00:00Z;-3,17;2;3
1986-08-31 11:00:00Z;-3,2;0;3
1986-09-01 11:00:00Z;-3,21;2;3
1986-09-02 11:00:00Z;-3,22;0;3
1986-09-03 11:00:00Z;-3,21;2;3
1986-09-04 11:00:00Z;-3,2;2;3
1986-09-05 11:00:00Z;-3,19;2;3
1986-09-06 11:00:00Z;-3,18;2;3
1986-09-07 11:00:00Z;-3,17;2;3
1986-09-08 11:00:00Z;-3,16;2;3
1986-09-09 11:00:00Z;-3,15;0;3
1986-09-10 11:00:00Z;-3,13;2;3
1986-09-11 11:00:00Z;-3,11;2;3
1986-09-12 11:00:00Z;-3,09;2;3
1986-09-13 11:00:00Z;-3,07;2;3
1986-09-14 11:00:00Z;-3,05;2;3
1986-09-15 11:00:00Z;-3,03;2;3
1986-09-16 11:00:00Z;-3,01;2;3
1986-09-17 11:00:00Z;-2,99;0;3
1986-09-18 11:00:00Z;-2,88;2;3
1986-09-19 11:00:00Z;-2,77;2;3
1986-09-20 11:00:00Z;-2,65;2;3
1986-09-21 11:00:00Z;-2,54;2;3
1986-09-22 11:00:00Z;-2,43;2;3
1986-09-23 11:00:00Z;-2,32;0;3
1986-09-24 11:00:00Z;-2,16;2;3
1986-09-25 11:00:00Z;-2,01;2;3
1986-09-26 11:00:00Z;-1,85;0;3
1986-09-27 11:00:00Z;-1,76;2;3
1986-09-28 11:00:00Z;-1,68;2;3
1986-09-29 11:00:00Z;-1,6;2;3
1986-09-30 11:00:00Z;-1,51;0;3
1986-10-01 11:00:00Z;-1,45;0;3
1986-10-02 11:00:00Z;-1,23;2;3
1986-10-03 11:00:00Z;-1;2;3
1986-10-04 11:00:00Z;-0,78;2;3
1986-10-05 11:00:00Z;-0,55;2;3
1986-10-06 11:00:00Z;-0,33;2;3
1986-10-07 11:00:00Z;-0,1;0;3
1986-10-08 11:00:00Z;-0,09;2;3
1986-10-09 11:00:00Z;-0,08;2;3
1986-10-10 11:00:00Z;-0,07;2;3
1986-10-11 11:00:00Z;-0,06;2;3
1986-10-12 11:00:00Z;-0,05;0;3
1986-10-13 11:00:00Z;-0,04;2;3
1986-10-14 11:00:00Z;-0,03;2;3
1986-10-15 11:00:00Z;-0,01;2;3
1986-10-16 11:00:00Z;0;0;3
1986-10-17 11:00:00Z;0,01;2;3
1986-10-18 11:00:00Z;0,02;2;3
1986-10-19 11:00:00Z;0,02;2;3
1986-10-20 11:00:00Z;0,03;2;3
1986-10-21 11:00:00Z;0,04;2;3
1986-10-22 11:00:00Z;0,05;2;3
1986-10-23 11:00:00Z;0,05;2;3
1986-10-24 11:00:00Z;0,06;2;3
1986-10-25 11:00:00Z;0,07;0;3
1986-10-26 11:00:00Z;0,07;2;3
1986-10-27 11:00:00Z;0,07;2;3
1986-10-28 11:00:00Z;0,07;2;3
1986-10-29 11:00:00Z;0,07;2;3
1986-10-30 11:00:00Z;0,07;2;3
1986-10-31 11:00:00Z;0,07;0;3
1986-11-01 11:00:00Z;0,07;0;3
1986-11-02 11:00:00Z;0,09;2;3
1986-11-03 11:00:00Z;0,11;2;3
1986-11-04 11:00:00Z;0,13;0;3
1986-11-05 11:00:00Z;0,12;2;3
1986-11-06 11:00:00Z;0,11;2;3
1986-11-07 11:00:00Z;0,1;0;3
1986-11-08 11:00:00Z;0,13;2;3
1986-11-09 11:00:00Z;0,16;2;3
1986-11-10 11:00:00Z;0,19;0;3
1986-11-11 11:00:00Z;0,17;2;3
1986-11-12 11:00:00Z;0,16;2;3
1986-11-13 11:00:00Z;0,14;2;3
1986-11-14 11:00:00Z;0,13;2;3
1986-11-15 11:00:00Z;0,11;2;3
1986-11-16 11:00:00Z;0,09;2;3
1986-11-17 11:00:00Z;0,08;2;3
1986-11-18 11:00:00Z;0,06;2;3
1986-11-19 11:00:00Z;0,05;2;3
1986-11-20 11:00:00Z;0,03;0;3
1986-11-21 11:00:00Z;0,04;2;3
1986-11-22 11:00:00Z;0,06;2;3
1986-11-23 11:00:00Z;0,07;2;3
1986-11-24 11:00:00Z;0,09;2;3
1986-11-25 11:00:00Z;0,1;0;3
1986-11-26 11:00:00Z;0,1;2;3
1986-11-27 11:00:00Z;0,1;2;3
1986-11-28 11:00:00Z;0,1;0;3
1986-11-29 11:00:00Z;0,14;2;3
1986-11-30 11:00:00Z;0,18;0;3
1986-12-01 11:00:00Z;0,23;0;3
1986-12-02 11:00:00Z;0,25;2;3
1986-12-03 11:00:00Z;0,27;2;3
1986-12-04 11:00:00Z;0,29;0;3
1986-12-05 11:00:00Z;0,27;2;3
1986-12-06 11:00:00Z;0,25;2;3
1986-12-07 11:00:00Z;0,24;2;3
1986-12-08 11:00:00Z;0,22;2;3
1986-12-09 11:00:00Z;0,2;2;3
1986-12-10 11:00:00Z;0,18;2;3
1986-12-11 11:00:00Z;0,17;2;3
1986-12-12 11:00:00Z;0,15;2;3
1986-12-13 11:00:00Z;0,13;2;3
1986-12-14 11:00:00Z;0,11;2;3
1986-12-15 11:00:00Z;0,1;2;3
1986-12-16 11:00:00Z;0,08;2;3
1986-12-17 11:00:00Z;0,06;0;3
1986-12-18 11:00:00Z;0;2;3
1986-12-19 11:00:00Z;-0,05;2;3
1986-12-20 11:00:00Z;-0,11;2;3
1986-12-21 11:00:00Z;-0,16;2;3
1986-12-22 11:00:00Z;-0,22;2;3
1986-12-23 11:00:00Z;-0,27;2;3
1986-12-24 11:00:00Z;-0,33;2;3
1986-12-25 11:00:00Z;-0,39;2;3
1986-12-26 11:00:00Z;-0,44;2;3
1986-12-27 11:00:00Z;-0,5;2;3
1986-12-28 11:00:00Z;-0,55;2;3
1986-12-29 11:00:00Z;-0,61;2;3
1986-12-30 11:00:00Z;-0,66;2;3
1986-12-31 11:00:00Z;-0,72;0;3
1987-01-01 11:00:00Z;-0,78;2;3
1987-01-02 11:00:00Z;-0,85;2;3
1987-01-03 11:00:00Z;-0,91;2;3
1987-01-04 11:00:00Z;-0,97;2;3
1987-01-05 11:00:00Z;-1,04;2;3
1987-01-06 11:00:00Z;-1,1;0;3
1987-01-07 11:00:00Z;-1,17;2;3
1987-01-08 11:00:00Z;-1,23;2;3
1987-01-09 11:00:00Z;-1,3;2;3
1987-01-10 11:00:00Z;-1,37;2;3
1987-01-11 11:00:00Z;-1,43;2;3
1987-01-12 11:00:00Z;-1,5;2;3
1987-01-13 11:00:00Z;-1,56;2;3
1987-01-14 11:00:00Z;-1,63;0;3
1987-01-15 11:00:00Z;-1,66;2;3
1987-01-16 11:00:00Z;-1,7;2;3
1987-01-17 11:00:00Z;-1,73;2;3
1987-01-18 11:00:00Z;-1,76;2;3
1987-01-19 11:00:00Z;-1,8;2;3
1987-01-20 11:00:00Z;-1,83;2;3
1987-01-21 11:00:00Z;-1,86;2;3
1987-01-22 11:00:00Z;-1,9;2;3
1987-01-23 11:00:00Z;-1,93;2;3
1987-01-24 11:00:00Z;-1,97;2;3
1987-01-25 11:00:00Z;-2;2;3
1987-01-26 11:00:00Z;-2,03;2;3
1987-01-27 11:00:00Z;-2,07;2;3
1987-01-28 11:00:00Z;-2,1;2;3
1987-01-29 11:00:00Z;-2,13;2;3
1987-01-30 11:00:00Z;-2,17;2;3
1987-01-31 11:00:00Z;-2,2;0;3
1987-02-01 11:00:00Z;-2,16;2;3
1987-02-02 11:00:00Z;-2,12;2;3
1987-02-03 11:00:00Z;-2,09;2;3
1987-02-04 11:00:00Z;-2,05;0;3
1987-02-05 11:00:00Z;-1,74;2;3
1987-02-06 11:00:00Z;-1,43;2;3
1987-02-07 11:00:00Z;-1,12;2;3
1987-02-08 11:00:00Z;-0,82;2;3
1987-02-09 11:00:00Z;-0,51;2;3
1987-02-10 11:00:00Z;-0,2;0;3
1987-02-11 11:00:00Z;-0,22;2;3
1987-02-12 11:00:00Z;-0,24;2;3
1987-02-13 11:00:00Z;-0,26;2;3
1987-02-14 11:00:00Z;-0,28;2;3
1987-02-15 11:00:00Z;-0,31;2;3
1987-02-16 11:00:00Z;-0,33;2;3
1987-02-17 11:00:00Z;-0,35;2;3
1987-02-18 11:00:00Z;-0,37;2;3
1987-02-19 11:00:00Z;-0,39;0;3
1987-02-20 11:00:00Z;-0,42;2;3
1987-02-21 11:00:00Z;-0,45;2;3
1987-02-22 11:00:00Z;-0,48;2;3
1987-02-23 11:00:00Z;-0,51;2;3
1987-02-24 11:00:00Z;-0,54;2;3
1987-02-25 11:00:00Z;-0,57;2;3
1987-02-26 11:00:00Z;-0,6;2;3
1987-02-27 11:00:00Z;-0,63;2;3
1987-02-28 11:00:00Z;-0,66;0;3
1987-03-01 11:00:00Z;-0,66;2;3
1987-03-02 11:00:00Z;-0,66;2;3
1987-03-03 11:00:00Z;-0,66;0;3
1987-03-04 11:00:00Z;-0,72;2;3
1987-03-05 11:00:00Z;-0,79;2;3
1987-03-06 11:00:00Z;-0,85;2;3
1987-03-07 11:00:00Z;-0,92;2;3
1987-03-08 11:00:00Z;-0,98;2;3
1987-03-09 11:00:00Z;-1,05;2;3
1987-03-10 11:00:00Z;-1,11;1;3
1987-03-11 11:00:00Z;-1,2;2;3
1987-03-12 11:00:00Z;-1,28;2;3
1987-03-13 11:00:00Z;-1,37;2;3
1987-03-14 11:00:00Z;-1,46;2;3
1987-03-15 11:00:00Z;-1,55;2;3
1987-03-16 11:00:00Z;-1,63;2;3
1987-03-17 11:00:00Z;-1,72;0;3
1987-03-18 11:00:00Z;-1,78;2;3
1987-03-19 11:00:00Z;-1,85;2;3
1987-03-20 11:00:00Z;-1,91;2;3
1987-03-21 11:00:00Z;-1,97;2;3
1987-03-22 11:00:00Z;-2,04;2;3
1987-03-23 11:00:00Z;-2,1;0;3
1987-03-24 11:00:00Z;-2,24;2;3
1987-03-25 11:00:00Z;-2,38;2;3
1987-03-26 11:00:00Z;-2,51;2;3
1987-03-27 11:00:00Z;-2,65;2;3
1987-03-28 11:00:00Z;-2,79;2;3
1987-03-29 11:00:00Z;-2,92;2;3
1987-03-30 11:00:00Z;-3,06;2;3
1987-03-31 11:00:00Z;-3,2;0;3
1987-04-01 11:00:00Z;-3,2;0;3
1987-04-02 11:00:00Z;-3,2;2;3
1987-04-03 11:00:00Z;-3,2;2;3
1987-04-04 11:00:00Z;-3,2;2;3
1987-04-05 11:00:00Z;-3,2;2;3
1987-04-06 11:00:00Z;-3,2;2;3
1987-04-07 11:00:00Z;-3,2;2;3
1987-04-08 11:00:00Z;-3,2;2;3
1987-04-09 11:00:00Z;-3,2;2;3
1987-04-10 11:00:00Z;-3,2;0;3
1987-04-11 11:00:00Z;-3,16;2;3
1987-04-12 11:00:00Z;-3,12;2;3
1987-04-13 11:00:00Z;-3,08;2;3
1987-04-14 11:00:00Z;-3,04;2;3
1987-04-15 11:00:00Z;-3;1;3
1987-04-16 11:00:00Z;-2,73;2;3
1987-04-17 11:00:00Z;-2,46;2;3
1987-04-18 11:00:00Z;-2,19;2;3
1987-04-19 11:00:00Z;-1,92;2;3
1987-04-20 11:00:00Z;-1,64;2;3
1987-04-21 11:00:00Z;-1,37;2;3
1987-04-22 11:00:00Z;-1,1;2;3
1987-04-23 11:00:00Z;-0,83;2;3
1987-04-24 11:00:00Z;-0,56;0;3
1987-04-25 11:00:00Z;-0,49;2;3
1987-04-26 11:00:00Z;-0,42;2;3
1987-04-27 11:00:00Z;-0,35;2;3
1987-04-28 11:00:00Z;-0,28;2;3
1987-04-29 11:00:00Z;-0,21;2;3
1987-04-30 11:00:00Z;-0,15;2;3
1987-05-01 11:00:00Z;-0,08;2;3
1987-05-02 11:00:00Z;-0,01;2;3
1987-05-03 11:00:00Z;0,06;2;3
1987-05-04 11:00:00Z;0,13;2;3
1987-05-05 11:00:00Z;0,2;0;3
1987-05-06 11:00:00Z;0,2;2;3
1987-05-07 11:00:00Z;0,19;2;3
1987-05-08 11:00:00Z;0,19;2;3
1987-05-09 11:00:00Z;0,19;2;3
1987-05-10 11:00:00Z;0,19;2;3
1987-05-11 11:00:00Z;0,18;2;3
1987-05-12 11:00:00Z;0,18;0;3
1987-05-13 11:00:00Z;0,17;2;3
1987-05-14 11:00:00Z;0,16;2;3
1987-05-15 11:00:00Z;0,15;2;3
1987-05-16 11:00:00Z;0,14;2;3
1987-05-17 11:00:00Z;0,12;2;3
1987-05-18 11:00:00Z;0,11;2;3
1987-05-19 11:00:00Z;0,1;2;3
1987-05-20 11:00:00Z;0,09;0;3
1987-05-21 11:00:00Z;0,08;2;3
1987-05-22 11:00:00Z;0,06;2;3
1987-05-23 11:00:00Z;0,05;2;3
1987-05-24 11:00:00Z;0,04;2;3
1987-05-25 11:00:00Z;0,03;2;3
1987-05-26 11:00:00Z;0,01;2;3
1987-05-27 11:00:00Z;0;0;3
1987-05-28 11:00:00Z;-0,05;2;3
1987-05-29 11:00:00Z;-0,11;2;3
1987-05-30 11:00:00Z;-0,16;2;3
1987-05-31 11:00:00Z;-0,22;2;3
1987-06-01 11:00:00Z;-0,27;0;3
1987-06-02 11:00:00Z;-0,31;2;3
1987-06-03 11:00:00Z;-0,36;2;3
1987-06-04 11:00:00Z;-0,4;0;3
1987-06-05 11:00:00Z;-0,43;0;3
1987-06-06 11:00:00Z;-0,49;2;3
1987-06-07 11:00:00Z;-0,55;2;3
1987-06-08 11:00:00Z;-0,61;2;3
1987-06-09 11:00:00Z;-0,67;2;3
1987-06-10 11:00:00Z;-0,73;2;3
1987-06-11 11:00:00Z;-0,8;2;3
1987-06-12 11:00:00Z;-0,86;2;3
1987-06-13 11:00:00Z;-0,92;2;3
1987-06-14 11:00:00Z;-0,98;2;3
1987-06-15 11:00:00Z;-1,04;2;3
1987-06-16 11:00:00Z;-1,1;0;3
1987-06-17 11:00:00Z;-1,15;2;3
1987-06-18 11:00:00Z;-1,2;2;3
1987-06-19 11:00:00Z;-1,25;2;3
1987-06-20 11:00:00Z;-1,3;2;3
1987-06-21 11:00:00Z;-1,35;2;3
1987-06-22 11:00:00Z;-1,4;0;3
1987-06-23 11:00:00Z;-1,4;2;3
1987-06-24 11:00:00Z;-1,4;2;3
1987-06-25 11:00:00Z;-1,41;2;3
1987-06-26 11:00:00Z;-1,41;2;3
1987-06-27 11:00:00Z;-1,41;2;3
1987-06-28 11:00:00Z;-1,41;2;3
1987-06-29 11:00:00Z;-1,41;2;3
1987-06-30 11:00:00Z;-1,42;2;3
1987-07-01 11:00:00Z;-1,42;2;3
1987-07-02 11:00:00Z;-1,42;2;3
1987-07-03 11:00:00Z;-1,42;2;3
1987-07-04 11:00:00Z;-1,43;2;3
1987-07-05 11:00:00Z;-1,43;2;3
1987-07-06 11:00:00Z;-1,43;0;3
1987-07-07 11:00:00Z;-1,45;2;3
1987-07-08 11:00:00Z;-1,47;2;3
1987-07-09 11:00:00Z;-1,5;2;3
1987-07-10 11:00:00Z;-1,52;2;3
1987-07-11 11:00:00Z;-1,54;2;3
1987-07-12 11:00:00Z;-1,56;2;3
1987-07-13 11:00:00Z;-1,58;2;3
1987-07-14 11:00:00Z;-1,61;2;3
1987-07-15 11:00:00Z;-1,63;2;3
1987-07-16 11:00:00Z;-1,65;0;3
1987-07-17 11:00:00Z;-1,72;2;3
1987-07-18 11:00:00Z;-1,79;2;3
1987-07-19 11:00:00Z;-1,86;2;3
1987-07-20 11:00:00Z;-1,94;2;3
1987-07-21 11:00:00Z;-2,01;2;3
1987-07-22 11:00:00Z;-2,08;2;3
1987-07-23 11:00:00Z;-2,15;2;3
1987-07-24 11:00:00Z;-2,22;2;3
1987-07-25 11:00:00Z;-2,29;2;3
1987-07-26 11:00:00Z;-2,36;2;3
1987-07-27 11:00:00Z;-2,43;2;3
1987-07-28 11:00:00Z;-2,51;2;3
1987-07-29 11:00:00Z;-2,58;2;3
1987-07-30 11:00:00Z;-2,65;2;3
1987-07-31 11:00:00Z;-2,72;0;3
1987-08-01 11:00:00Z;-2,72;2;3
1987-08-02 11:00:00Z;-2,73;2;3
1987-08-03 11:00:00Z;-2,73;2;3
1987-08-04 11:00:00Z;-2,74;2;3
1987-08-05 11:00:00Z;-2,74;2;3
1987-08-06 11:00:00Z;-2,75;2;3
1987-08-07 11:00:00Z;-2,75;0;3
1987-08-08 11:00:00Z;-2,74;2;3
1987-08-09 11:00:00Z;-2,73;2;3
1987-08-10 11:00:00Z;-2,72;2;3
1987-08-11 11:00:00Z;-2,7;2;3
1987-08-12 11:00:00Z;-2,69;2;3
1987-08-13 11:00:00Z;-2,68;2;3
1987-08-14 11:00:00Z;-2,67;2;3
1987-08-15 11:00:00Z;-2,66;2;3
1987-08-16 11:00:00Z;-2,65;2;3
1987-08-17 11:00:00Z;-2,63;2;3
1987-08-18 11:00:00Z;-2,62;2;3
1987-08-19 11:00:00Z;-2,61;2;3
1987-08-20 11:00:00Z;-2,6;0;3
1987-08-21 11:00:00Z;-2,6;2;3
1987-08-22 11:00:00Z;-2,59;2;3
1987-08-23 11:00:00Z;-2,59;2;3
1987-08-24 11:00:00Z;-2,59;2;3
1987-08-25 11:00:00Z;-2,58;2;3
1987-08-26 11:00:00Z;-2,58;2;3
1987-08-27 11:00:00Z;-2,57;2;3
1987-08-28 11:00:00Z;-2,57;2;3
1987-08-29 11:00:00Z;-2,57;2;3
1987-08-30 11:00:00Z;-2,56;2;3
1987-08-31 11:00:00Z;-2,56;0;3
1987-09-01 11:00:00Z;-2,55;2;3
1987-09-02 11:00:00Z;-2,55;2;3
1987-09-03 11:00:00Z;-2,54;2;3
1987-09-04 11:00:00Z;-2,54;2;3
1987-09-05 11:00:00Z;-2,53;2;3
1987-09-06 11:00:00Z;-2,53;2;3
1987-09-07 11:00:00Z;-2,52;2;3
1987-09-08 11:00:00Z;-2,52;2;3
1987-09-09 11:00:00Z;-2,51;2;3
1987-09-10 11:00:00Z;-2,51;2;3
1987-09-11 11:00:00Z;-2,5;0;3
1987-09-12 11:00:00Z;-2,45;2;3
1987-09-13 11:00:00Z;-2,41;2;3
1987-09-14 11:00:00Z;-2,36;2;3
1987-09-15 11:00:00Z;-2,31;2;3
1987-09-16 11:00:00Z;-2,27;2;3
1987-09-17 11:00:00Z;-2,22;2;3
1987-09-18 11:00:00Z;-2,17;2;3
1987-09-19 11:00:00Z;-2,13;2;3
1987-09-20 11:00:00Z;-2,08;0;3
1987-09-21 11:00:00Z;-2,06;2;3
1987-09-22 11:00:00Z;-2,04;2;3
1987-09-23 11:00:00Z;-2,02;2;3
1987-09-24 11:00:00Z;-2;0;3
1987-09-25 11:00:00Z;-1,98;2;3
1987-09-26 11:00:00Z;-1,95;2;3
1987-09-27 11:00:00Z;-1,92;2;3
1987-09-28 11:00:00Z;-1,9;2;3
1987-09-29 11:00:00Z;-1,88;2;3
1987-09-30 11:00:00Z;-1,85;1;3
1987-10-01 11:00:00Z;-1,87;2;3
1987-10-02 11:00:00Z;-1,89;2;3
1987-10-03 11:00:00Z;-1,91;2;3
1987-10-04 11:00:00Z;-1,93;2;3
1987-10-05 11:00:00Z;-1,95;0;3
1987-10-06 11:00:00Z;-1,96;2;3
1987-10-07 11:00:00Z;-1,97;2;3
1987-10-08 11:00:00Z;-1,97;2;3
1987-10-09 11:00:00Z;-1,98;2;3
1987-10-10 11:00:00Z;-1,99;2;3
1987-10-11 11:00:00Z;-2;2;3
1987-10-12 11:00:00Z;-2,01;2;3
1987-10-13 11:00:00Z;-2,01;2;3
1987-10-14 11:00:00Z;-2,02;2;3
1987-10-15 11:00:00Z;-2,03;0;3
1987-10-16 11:00:00Z;-2,03;2;3
1987-10-17 11:00:00Z;-2,04;2;3
1987-10-18 11:00:00Z;-2,04;2;3
1987-10-19 11:00:00Z;-2,05;2;3
1987-10-20 11:00:00Z;-2,05;2;3
1987-10-21 11:00:00Z;-2,06;2;3
1987-10-22 11:00:00Z;-2,06;2;3
1987-10-23 11:00:00Z;-2,07;2;3
1987-10-24 11:00:00Z;-2,07;2;3
1987-10-25 11:00:00Z;-2,08;2;3
1987-10-26 11:00:00Z;-2,08;0;3
1987-10-27 11:00:00Z;-2,08;2;3
1987-10-28 11:00:00Z;-2,09;2;3
1987-10-29 11:00:00Z;-2,09;2;3
1987-10-30 11:00:00Z;-2,1;2;3
1987-10-31 11:00:00Z;-2,1;0;3
1987-11-01 11:00:00Z;-2,06;2;3
1987-11-02 11:00:00Z;-2,02;2;3
1987-11-03 11:00:00Z;-1,98;0;3
1987-11-04 11:00:00Z;-1,92;2;3
1987-11-05 11:00:00Z;-1,87;2;3
1987-11-06 11:00:00Z;-1,82;2;3
1987-11-07 11:00:00Z;-1,76;0;3
1987-11-08 11:00:00Z;-1,76;2;3
1987-11-09 11:00:00Z;-1,77;2;3
1987-11-10 11:00:00Z;-1,77;2;3
1987-11-11 11:00:00Z;-1,77;2;3
1987-11-12 11:00:00Z;-1,77;2;3
1987-11-13 11:00:00Z;-1,78;2;3
1987-11-14 11:00:00Z;-1,78;2;3
1987-11-15 11:00:00Z;-1,78;2;3
1987-11-16 11:00:00Z;-1,78;2;3
1987-11-17 11:00:00Z;-1,79;2;3
1987-11-18 11:00:00Z;-1,79;1;3
1987-11-19 11:00:00Z;-1,8;2;3
1987-11-20 11:00:00Z;-1,81;2;3
1987-11-21 11:00:00Z;-1,82;2;3
1987-11-22 11:00:00Z;-1,83;2;3
1987-11-23 11:00:00Z;-1,84;2;3
1987-11-24 11:00:00Z;-1,85;2;3
1987-11-25 11:00:00Z;-1,85;2;3
1987-11-26 11:00:00Z;-1,86;2;3
1987-11-27 11:00:00Z;-1,87;2;3
1987-11-28 11:00:00Z;-1,88;2;3
1987-11-29 11:00:00Z;-1,89;2;3
1987-11-30 11:00:00Z;-1,9;1;3
1987-12-01 11:00:00Z;-1,85;2;3
1987-12-02 11:00:00Z;-1,79;2;3
1987-12-03 11:00:00Z;-1,74;2;3
1987-12-04 11:00:00Z;-1,68;2;3
1987-12-05 11:00:00Z;-1,63;2;3
1987-12-06 11:00:00Z;-1,57;2;3
1987-12-07 11:00:00Z;-1,52;0;3
1987-12-08 11:00:00Z;-1,26;2;3
1987-12-09 11:00:00Z;-1;0;3
1987-12-10 11:00:00Z;-0,8;2;3
1987-12-11 11:00:00Z;-0,6;2;3
1987-12-12 11:00:00Z;-0,39;2;3
1987-12-13 11:00:00Z;-0,19;2;3
1987-12-14 11:00:00Z;0,01;2;3
1987-12-15 11:00:00Z;0,21;0;3
1987-12-16 11:00:00Z;0,21;2;3
1987-12-17 11:00:00Z;0,2;2;3
1987-12-18 11:00:00Z;0,2;2;3
1987-12-19 11:00:00Z;0,19;2;3
1987-12-20 11:00:00Z;0,19;2;3
1987-12-21 11:00:00Z;0,19;2;3
1987-12-22 11:00:00Z;0,18;2;3
1987-12-23 11:00:00Z;0,18;2;3
1987-12-24 11:00:00Z;0,18;2;3
1987-12-25 11:00:00Z;0,17;2;3
1987-12-26 11:00:00Z;0,17;2;3
1987-12-27 11:00:00Z;0,17;2;3
1987-12-28 11:00:00Z;0,16;2;3
1987-12-29 11:00:00Z;0,16;2;3
1987-12-30 11:00:00Z;0,15;2;3
1987-12-31 11:00:00Z;0,15;0;3
1988-01-01 11:00:00Z;0,14;2;3
1988-01-02 11:00:00Z;0,13;2;3
1988-01-03 11:00:00Z;0,11;2;3
1988-01-04 11:00:00Z;0,1;2;3
1988-01-05 11:00:00Z;0,09;0;3
1988-01-06 11:00:00Z;0,08;2;3
1988-01-07 11:00:00Z;0,07;2;3
1988-01-08 11:00:00Z;0,06;2;3
1988-01-09 11:00:00Z;0,05;2;3
1988-01-10 11:00:00Z;0,04;2;3
1988-01-11 11:00:00Z;0,03;2;3
1988-01-12 11:00:00Z;0,02;0;3
1988-01-13 11:00:00Z;0;2;3
1988-01-14 11:00:00Z;-0,02;2;3
1988-01-15 11:00:00Z;-0,04;2;3
1988-01-16 11:00:00Z;-0,05;2;3
1988-01-17 11:00:00Z;-0,07;2;3
1988-01-18 11:00:00Z;-0,09;2;3
1988-01-19 11:00:00Z;-0,11;2;3
1988-01-20 11:00:00Z;-0,13;0;3
1988-01-21 11:00:00Z;-0,23;2;3
1988-01-22 11:00:00Z;-0,32;2;3
1988-01-23 11:00:00Z;-0,42;2;3
1988-01-24 11:00:00Z;-0,52;2;3
1988-01-25 11:00:00Z;-0,62;2;3
1988-01-26 11:00:00Z;-0,71;2;3
1988-01-27 11:00:00Z;-0,81;2;3
1988-01-28 11:00:00Z;-0,91;2;3
1988-01-29 11:00:00Z;-1,01;2;3
1988-01-30 11:00:00Z;-1,1;2;3
1988-01-31 11:00:00Z;-1,2;0;3
1988-02-01 11:00:00Z;-1,21;2;3
1988-02-02 11:00:00Z;-1,21;2;3
1988-02-03 11:00:00Z;-1,22;0;3
1988-02-04 11:00:00Z;-1,26;2;3
1988-02-05 11:00:00Z;-1,3;2;3
1988-02-06 11:00:00Z;-1,33;2;3
1988-02-07 11:00:00Z;-1,37;2;3
1988-02-08 11:00:00Z;-1,41;2;3
1988-02-09 11:00:00Z;-1,45;2;3
1988-02-10 11:00:00Z;-1,48;2;3
1988-02-11 11:00:00Z;-1,52;2;3
1988-02-12 11:00:00Z;-1,56;0;3
1988-02-13 11:00:00Z;-1,63;2;3
1988-02-14 11:00:00Z;-1,71;2;3
1988-02-15 11:00:00Z;-1,78;2;3
1988-02-16 11:00:00Z;-1,85;2;3
1988-02-17 11:00:00Z;-1,92;2;3
1988-02-18 11:00:00Z;-2;2;3
1988-02-19 11:00:00Z;-2,07;2;3
1988-02-20 11:00:00Z;-2,14;2;3
1988-02-21 11:00:00Z;-2,22;2;3
1988-02-22 11:00:00Z;-2,29;2;3
1988-02-23 11:00:00Z;-2,36;2;3
1988-02-24 11:00:00Z;-2,44;2;3
1988-02-25 11:00:00Z;-2,51;2;3
1988-02-26 11:00:00Z;-2,58;2;3
1988-02-27 11:00:00Z;-2,65;2;3
1988-02-28 11:00:00Z;-2,73;2;3
1988-02-29 11:00:00Z;-2,8;0;3
1988-03-01 11:00:00Z;-2,82;2;3
1988-03-02 11:00:00Z;-2,84;2;3
1988-03-03 11:00:00Z;-2,86;0;3
1988-03-04 11:00:00Z;-2,89;2;3
1988-03-05 11:00:00Z;-2,92;2;3
1988-03-06 11:00:00Z;-2,96;2;3
1988-03-07 11:00:00Z;-2,99;2;3
1988-03-08 11:00:00Z;-3,02;2;3
1988-03-09 11:00:00Z;-3,05;2;3
1988-03-10 11:00:00Z;-3,09;2;3
1988-03-11 11:00:00Z;-3,12;2;3
1988-03-12 11:00:00Z;-3,15;2;3
1988-03-13 11:00:00Z;-3,18;2;3
1988-03-14 11:00:00Z;-3,22;2;3
1988-03-15 11:00:00Z;-3,25;2;3
1988-03-16 11:00:00Z;-3,28;0;3
1988-03-17 11:00:00Z;-3,29;2;3
1988-03-18 11:00:00Z;-3,3;2;3
1988-03-19 11:00:00Z;-3,3;2;3
1988-03-20 11:00:00Z;-3,31;2;3
1988-03-21 11:00:00Z;-3,32;2;3
1988-03-22 11:00:00Z;-3,33;2;3
1988-03-23 11:00:00Z;-3,34;2;3
1988-03-24 11:00:00Z;-3,34;2;3
1988-03-25 11:00:00Z;-3,35;2;3
1988-03-26 11:00:00Z;-3,36;2;3
1988-03-27 11:00:00Z;-3,37;2;3
1988-03-28 11:00:00Z;-3,38;2;3
1988-03-29 11:00:00Z;-3,38;2;3
1988-03-30 11:00:00Z;-3,39;2;3
1988-03-31 11:00:00Z;-3,4;0;3
1988-04-01 11:00:00Z;-3,37;2;3
1988-04-02 11:00:00Z;-3,33;2;3
1988-04-03 11:00:00Z;-3,3;2;3
1988-04-04 11:00:00Z;-3,27;2;3
1988-04-05 11:00:00Z;-3,23;2;3
1988-04-06 11:00:00Z;-3,2;0;3
1988-04-07 11:00:00Z;-3,08;2;3
1988-04-08 11:00:00Z;-2,95;2;3
1988-04-09 11:00:00Z;-2,83;2;3
1988-04-10 11:00:00Z;-2,7;2;3
1988-04-11 11:00:00Z;-2,58;2;3
1988-04-12 11:00:00Z;-2,46;2;3
1988-04-13 11:00:00Z;-2,33;2;3
1988-04-14 11:00:00Z;-2,21;2;3
1988-04-15 11:00:00Z;-2,09;2;3
1988-04-16 11:00:00Z;-1,96;2;3
1988-04-17 11:00:00Z;-1,84;2;3
1988-04-18 11:00:00Z;-1,71;2;3
1988-04-19 11:00:00Z;-1,59;2;3
1988-04-20 11:00:00Z;-1,47;2;3
1988-04-21 11:00:00Z;-1,34;2;3
1988-04-22 11:00:00Z;-1,22;2;3
1988-04-23 11:00:00Z;-1,1;2;3
1988-04-24 11:00:00Z;-0,97;2;3
1988-04-25 11:00:00Z;-0,85;2;3
1988-04-26 11:00:00Z;-0,72;2;3
1988-04-27 11:00:00Z;-0,6;0;3
1988-04-28 11:00:00Z;-0,62;2;3
1988-04-29 11:00:00Z;-0,63;2;3
1988-04-30 11:00:00Z;-0,65;0;3
1988-05-01 11:00:00Z;-0,62;2;3
1988-05-02 11:00:00Z;-0,59;2;3
1988-05-03 11:00:00Z;-0,56;2;3
1988-05-04 11:00:00Z;-0,53;2;3
1988-05-05 11:00:00Z;-0,5;2;3
1988-05-06 11:00:00Z;-0,48;2;3
1988-05-07 11:00:00Z;-0,45;2;3
1988-05-08 11:00:00Z;-0,42;2;3
1988-05-09 11:00:00Z;-0,39;2;3
1988-05-10 11:00:00Z;-0,36;0;3
1988-05-11 11:00:00Z;-0,49;2;3
1988-05-12 11:00:00Z;-0,61;2;3
1988-05-13 11:00:00Z;-0,74;2;3
1988-05-14 11:00:00Z;-0,87;2;3
1988-05-15 11:00:00Z;-0,99;2;3
1988-05-16 11:00:00Z;-1,12;2;3
1988-05-17 11:00:00Z;-1,24;2;3
1988-05-18 11:00:00Z;-1,37;2;3
1988-05-19 11:00:00Z;-1,5;2;3
1988-05-20 11:00:00Z;-1,62;2;3
1988-05-21 11:00:00Z;-1,75;0;3
1988-05-22 11:00:00Z;-1,5;2;3
1988-05-23 11:00:00Z;-1,25;2;3
1988-05-24 11:00:00Z;-1;0;3
1988-05-25 11:00:00Z;-1,04;2;3
1988-05-26 11:00:00Z;-1,09;2;3
1988-05-27 11:00:00Z;-1,13;2;3
1988-05-28 11:00:00Z;-1,18;2;3
1988-05-29 11:00:00Z;-1,22;0;3
1988-05-30 11:00:00Z;-1,25;2;3
1988-05-31 11:00:00Z;-1,27;0;3
1988-06-01 11:00:00Z;-1,34;2;3
1988-06-02 11:00:00Z;-1,4;0;3
1988-06-03 11:00:00Z;-1,42;2;3
1988-06-04 11:00:00Z;-1,45;2;3
1988-06-05 11:00:00Z;-1,47;2;3
1988-06-06 11:00:00Z;-1,49;2;3
1988-06-07 11:00:00Z;-1,52;2;3
1988-06-08 11:00:00Z;-1,54;2;3
1988-06-09 11:00:00Z;-1,56;2;3
1988-06-10 11:00:00Z;-1,59;2;3
1988-06-11 11:00:00Z;-1,61;2;3
1988-06-12 11:00:00Z;-1,63;2;3
1988-06-13 11:00:00Z;-1,66;2;3
1988-06-14 11:00:00Z;-1,68;0;3
1988-06-15 11:00:00Z;-1,7;2;3
1988-06-16 11:00:00Z;-1,73;2;3
1988-06-17 11:00:00Z;-1,75;2;3
1988-06-18 11:00:00Z;-1,78;2;3
1988-06-19 11:00:00Z;-1,8;2;3
1988-06-20 11:00:00Z;-1,83;2;3
1988-06-21 11:00:00Z;-1,85;2;3
1988-06-22 11:00:00Z;-1,88;2;3
1988-06-23 11:00:00Z;-1,9;0;3
1988-06-24 11:00:00Z;-1,89;2;3
1988-06-25 11:00:00Z;-1,89;2;3
1988-06-26 11:00:00Z;-1,88;2;3
1988-06-27 11:00:00Z;-1,87;2;3
1988-06-28 11:00:00Z;-1,86;2;3
1988-06-29 11:00:00Z;-1,86;2;3
1988-06-30 11:00:00Z;-1,85;0;3
1988-07-01 11:00:00Z;-1,81;2;3
1988-07-02 11:00:00Z;-1,78;2;3
1988-07-03 11:00:00Z;-1,74;2;3
1988-07-04 11:00:00Z;-1,7;0;3
1988-07-05 11:00:00Z;-1,7;2;3
1988-07-06 11:00:00Z;-1,7;2;3
1988-07-07 11:00:00Z;-1,7;2;3
1988-07-08 11:00:00Z;-1,7;2;3
1988-07-09 11:00:00Z;-1,7;2;3
1988-07-10 11:00:00Z;-1,7;2;3
1988-07-11 11:00:00Z;-1,7;2;3
1988-07-12 11:00:00Z;-1,7;2;3
1988-07-13 11:00:00Z;-1,7;2;3
1988-07-14 11:00:00Z;-1,7;2;3
1988-07-15 11:00:00Z;-1,7;0;3
1988-07-16 11:00:00Z;-1,69;2;3
1988-07-17 11:00:00Z;-1,68;2;3
1988-07-18 11:00:00Z;-1,67;2;3
1988-07-19 11:00:00Z;-1,66;2;3
1988-07-20 11:00:00Z;-1,65;2;3
1988-07-21 11:00:00Z;-1,64;2;3
1988-07-22 11:00:00Z;-1,63;2;3
1988-07-23 11:00:00Z;-1,62;2;3
1988-07-24 11:00:00Z;-1,62;2;3
1988-07-25 11:00:00Z;-1,61;2;3
1988-07-26 11:00:00Z;-1,6;2;3
1988-07-27 11:00:00Z;-1,59;2;3
1988-07-28 11:00:00Z;-1,58;2;3
1988-07-29 11:00:00Z;-1,57;2;3
1988-07-30 11:00:00Z;-1,56;2;3
1988-07-31 11:00:00Z;-1,55;0;3
1988-08-01 11:00:00Z;-1,62;2;3
1988-08-02 11:00:00Z;-1,69;2;3
1988-08-03 11:00:00Z;-1,76;2;3
1988-08-04 11:00:00Z;-1,83;2;3
1988-08-05 11:00:00Z;-1,9;0;3
1988-08-06 11:00:00Z;-1,85;2;3
1988-08-07 11:00:00Z;-1,8;2;3
1988-08-08 11:00:00Z;-1,75;2;3
1988-08-09 11:00:00Z;-1,7;2;3
1988-08-10 11:00:00Z;-1,65;2;3
1988-08-11 11:00:00Z;-1,61;2;3
1988-08-12 11:00:00Z;-1,56;2;3
1988-08-13 11:00:00Z;-1,51;2;3
1988-08-14 11:00:00Z;-1,46;2;3
1988-08-15 11:00:00Z;-1,41;0;3
1988-08-16 11:00:00Z;-1,41;2;3
1988-08-17 11:00:00Z;-1,41;2;3
1988-08-18 11:00:00Z;-1,42;2;3
1988-08-19 11:00:00Z;-1,42;2;3
1988-08-20 11:00:00Z;-1,42;2;3
1988-08-21 11:00:00Z;-1,42;2;3
1988-08-22 11:00:00Z;-1,43;2;3
1988-08-23 11:00:00Z;-1,43;2;3
1988-08-24 11:00:00Z;-1,43;0;3
1988-08-25 11:00:00Z;-1,5;2;3
1988-08-26 11:00:00Z;-1,57;2;3
1988-08-27 11:00:00Z;-1,64;2;3
1988-08-28 11:00:00Z;-1,71;2;3
1988-08-29 11:00:00Z;-1,78;2;3
1988-08-30 11:00:00Z;-1,85;2;3
1988-08-31 11:00:00Z;-1,92;0;3
1988-09-01 11:00:00Z;-1,95;2;3
1988-09-02 11:00:00Z;-1,97;2;3
1988-09-03 11:00:00Z;-2;2;3
1988-09-04 11:00:00Z;-2,02;2;3
1988-09-05 11:00:00Z;-2,05;0;3
1988-09-06 11:00:00Z;-2,08;2;3
1988-09-07 11:00:00Z;-2,11;2;3
1988-09-08 11:00:00Z;-2,13;2;3
1988-09-09 11:00:00Z;-2,16;2;3
1988-09-10 11:00:00Z;-2,19;2;3
1988-09-11 11:00:00Z;-2,22;2;3
1988-09-12 11:00:00Z;-2,24;2;3
1988-09-13 11:00:00Z;-2,27;2;3
1988-09-14 11:00:00Z;-2,3;0;3
1988-09-15 11:00:00Z;-2,04;2;3
1988-09-16 11:00:00Z;-1,78;2;3
1988-09-17 11:00:00Z;-1,52;2;3
1988-09-18 11:00:00Z;-1,26;2;3
1988-09-19 11:00:00Z;-1;0;3
1988-09-20 11:00:00Z;-0,91;2;3
1988-09-21 11:00:00Z;-0,82;2;3
1988-09-22 11:00:00Z;-0,73;2;3
1988-09-23 11:00:00Z;-0,64;2;3
1988-09-24 11:00:00Z;-0,55;2;3
1988-09-25 11:00:00Z;-0,45;2;3
1988-09-26 11:00:00Z;-0,36;2;3
1988-09-27 11:00:00Z;-0,27;2;3
1988-09-28 11:00:00Z;-0,18;2;3
1988-09-29 11:00:00Z;-0,09;2;3
1988-09-30 11:00:00Z;0;0;3
1988-10-01 11:00:00Z;0,01;2;3
1988-10-02 11:00:00Z;0,02;2;3
1988-10-03 11:00:00Z;0,02;2;3
1988-10-04 11:00:00Z;0,03;2;3
1988-10-05 11:00:00Z;0,04;2;3
1988-10-06 11:00:00Z;0,05;2;3
1988-10-07 11:00:00Z;0,05;2;3
1988-10-08 11:00:00Z;0,06;2;3
1988-10-09 11:00:00Z;0,07;2;3
1988-10-10 11:00:00Z;0,08;2;3
1988-10-11 11:00:00Z;0,08;2;3
1988-10-12 11:00:00Z;0,09;0;3
1988-10-13 11:00:00Z;0,09;2;3
1988-10-14 11:00:00Z;0,1;0;3
1988-10-15 11:00:00Z;0,1;2;3
1988-10-16 11:00:00Z;0,1;2;3
1988-10-17 11:00:00Z;0,1;0;3
1988-10-18 11:00:00Z;0,04;2;3
1988-10-19 11:00:00Z;-0,02;0;3
1988-10-20 11:00:00Z;-0,14;2;3
1988-10-21 11:00:00Z;-0,25;2;3
1988-10-22 11:00:00Z;-0,37;2;3
1988-10-23 11:00:00Z;-0,48;2;3
1988-10-24 11:00:00Z;-0,6;0;3
1988-10-25 11:00:00Z;-0,6;2;3
1988-10-26 11:00:00Z;-0,6;2;3
1988-10-27 11:00:00Z;-0,6;2;3
1988-10-28 11:00:00Z;-0,6;0;3
1988-10-29 11:00:00Z;-0,63;2;3
1988-10-30 11:00:00Z;-0,67;2;3
1988-10-31 11:00:00Z;-0,7;0;3
1988-11-01 11:00:00Z;-0,7;0;3
1988-11-02 11:00:00Z;-0,64;2;3
1988-11-03 11:00:00Z;-0,57;2;3
1988-11-04 11:00:00Z;-0,51;2;3
1988-11-05 11:00:00Z;-0,45;2;3
1988-11-06 11:00:00Z;-0,38;2;3
1988-11-07 11:00:00Z;-0,32;0;3
1988-11-08 11:00:00Z;-0,24;2;3
1988-11-09 11:00:00Z;-0,16;2;3
1988-11-10 11:00:00Z;-0,08;2;3
1988-11-11 11:00:00Z;0;2;3
1988-11-12 11:00:00Z;0,07;2;3
1988-11-13 11:00:00Z;0,15;2;3
1988-11-14 11:00:00Z;0,23;2;3
1988-11-15 11:00:00Z;0,31;2;3
1988-11-16 11:00:00Z;0,39;0;3
1988-11-17 11:00:00Z;0,31;2;3
1988-11-18 11:00:00Z;0,22;2;3
1988-11-19 11:00:00Z;0,14;2;3
1988-11-20 11:00:00Z;0,06;0;3
1988-11-21 11:00:00Z;0,06;2;3
1988-11-22 11:00:00Z;0,06;2;3
1988-11-23 11:00:00Z;0,06;2;3
1988-11-24 11:00:00Z;0,06;2;3
1988-11-25 11:00:00Z;0,06;2;3
1988-11-26 11:00:00Z;0,07;2;3
1988-11-27 11:00:00Z;0,07;2;3
1988-11-28 11:00:00Z;0,07;2;3
1988-11-29 11:00:00Z;0,07;2;3
1988-11-30 11:00:00Z;0,07;0;3
1988-12-01 11:00:00Z;0,04;2;3
1988-12-02 11:00:00Z;0;0;3
1988-12-03 11:00:00Z;-0,08;2;3
1988-12-04 11:00:00Z;-0,16;2;3
1988-12-05 11:00:00Z;-0,24;2;3
1988-12-06 11:00:00Z;-0,31;2;3
1988-12-07 11:00:00Z;-0,39;2;3
1988-12-08 11:00:00Z;-0,47;2;3
1988-12-09 11:00:00Z;-0,55;0;3
1988-12-10 11:00:00Z;-0,5;2;3
1988-12-11 11:00:00Z;-0,46;2;3
1988-12-12 11:00:00Z;-0,41;2;3
1988-12-13 11:00:00Z;-0,36;2;3
1988-12-14 11:00:00Z;-0,32;2;3
1988-12-15 11:00:00Z;-0,27;0;3
1988-12-16 11:00:00Z;-0,25;2;3
1988-12-17 11:00:00Z;-0,24;2;3
1988-12-18 11:00:00Z;-0,22;2;3
1988-12-19 11:00:00Z;-0,2;2;3
1988-12-20 11:00:00Z;-0,18;2;3
1988-12-21 11:00:00Z;-0,17;2;3
1988-12-22 11:00:00Z;-0,15;0;3
1988-12-23 11:00:00Z;-0,11;2;3
1988-12-24 11:00:00Z;-0,08;2;3
1988-12-25 11:00:00Z;-0,04;2;3
1988-12-26 11:00:00Z;0;2;3
1988-12-27 11:00:00Z;0,03;2;3
1988-12-28 11:00:00Z;0,07;2;3
1988-12-29 11:00:00Z;0,11;2;3
1988-12-30 11:00:00Z;0,14;2;3
1988-12-31 11:00:00Z;0,18;0;3
1989-01-01 11:00:00Z;0,21;0;3
1989-01-02 11:00:00Z;0,23;2;3
1989-01-03 11:00:00Z;0,25;2;3
1989-01-04 11:00:00Z;0,27;2;3
1989-01-05 11:00:00Z;0,29;0;3
1989-01-06 11:00:00Z;0,3;2;3
1989-01-07 11:00:00Z;0,32;2;3
1989-01-08 11:00:00Z;0,33;2;3
1989-01-09 11:00:00Z;0,35;2;3
1989-01-10 11:00:00Z;0,36;0;3
1989-01-11 11:00:00Z;0,38;2;3
1989-01-12 11:00:00Z;0,41;2;3
1989-01-13 11:00:00Z;0,43;2;3
1989-01-14 11:00:00Z;0,45;2;3
1989-01-15 11:00:00Z;0,47;2;3
1989-01-16 11:00:00Z;0,5;2;3
1989-01-17 11:00:00Z;0,52;2;3
1989-01-18 11:00:00Z;0,54;2;3
1989-01-19 11:00:00Z;0,57;2;3
1989-01-20 11:00:00Z;0,59;0;3
1989-01-21 11:00:00Z;0,55;2;3
1989-01-22 11:00:00Z;0,51;2;3
1989-01-23 11:00:00Z;0,47;2;3
1989-01-24 11:00:00Z;0,43;2;3
1989-01-25 11:00:00Z;0,39;0;3
1989-01-26 11:00:00Z;0,37;2;3
1989-01-27 11:00:00Z;0,35;2;3
1989-01-28 11:00:00Z;0,33;2;3
1989-01-29 11:00:00Z;0,32;2;3
1989-01-30 11:00:00Z;0,3;2;3
1989-01-31 11:00:00Z;0,28;0;3
1989-02-01 11:00:00Z;0,26;2;3
1989-02-02 11:00:00Z;0,23;2;3
1989-02-03 11:00:00Z;0,21;2;3
1989-02-04 11:00:00Z;0,18;2;3
1989-02-05 11:00:00Z;0,16;2;3
1989-02-06 11:00:00Z;0,13;2;3
1989-02-07 11:00:00Z;0,11;2;3
1989-02-08 11:00:00Z;0,08;2;3
1989-02-09 11:00:00Z;0,06;0;3
1989-02-10 11:00:00Z;0,02;2;3
1989-02-11 11:00:00Z;-0,02;2;3
1989-02-12 11:00:00Z;-0,06;2;3
1989-02-13 11:00:00Z;-0,11;2;3
1989-02-14 11:00:00Z;-0,15;2;3
1989-02-15 11:00:00Z;-0,19;2;3
1989-02-16 11:00:00Z;-0,23;0;3
1989-02-17 11:00:00Z;-0,25;2;3
1989-02-18 11:00:00Z;-0,26;2;3
1989-02-19 11:00:00Z;-0,28;2;3
1989-02-20 11:00:00Z;-0,3;2;3
1989-02-21 11:00:00Z;-0,31;2;3
1989-02-22 11:00:00Z;-0,33;2;3
1989-02-23 11:00:00Z;-0,35;2;3
1989-02-24 11:00:00Z;-0,36;2;3
1989-02-25 11:00:00Z;-0,38;2;3
1989-02-26 11:00:00Z;-0,4;2;3
1989-02-27 11:00:00Z;-0,41;2;3
1989-02-28 11:00:00Z;-0,43;0;3
1989-03-01 11:00:00Z;-0,46;0;3
1989-03-02 11:00:00Z;-0,62;2;3
1989-03-03 11:00:00Z;-0,78;2;3
1989-03-04 11:00:00Z;-0,94;2;3
1989-03-05 11:00:00Z;-1,11;2;3
1989-03-06 11:00:00Z;-1,27;2;3
1989-03-07 11:00:00Z;-1,43;0;3
1989-03-08 11:00:00Z;-1,44;2;3
1989-03-09 11:00:00Z;-1,45;2;3
1989-03-10 11:00:00Z;-1,46;2;3
1989-03-11 11:00:00Z;-1,47;2;3
1989-03-12 11:00:00Z;-1,48;2;3
1989-03-13 11:00:00Z;-1,49;2;3
1989-03-14 11:00:00Z;-1,51;2;3
1989-03-15 11:00:00Z;-1,52;2;3
1989-03-16 11:00:00Z;-1,53;2;3
1989-03-17 11:00:00Z;-1,54;2;3
1989-03-18 11:00:00Z;-1,55;2;3
1989-03-19 11:00:00Z;-1,56;2;3
1989-03-20 11:00:00Z;-1,57;0;3
1989-03-21 11:00:00Z;-1,58;2;3
1989-03-22 11:00:00Z;-1,59;2;3
1989-03-23 11:00:00Z;-1,6;2;3
1989-03-24 11:00:00Z;-1,61;2;3
1989-03-25 11:00:00Z;-1,62;2;3
1989-03-26 11:00:00Z;-1,63;2;3
1989-03-27 11:00:00Z;-1,64;2;3
1989-03-28 11:00:00Z;-1,65;2;3
1989-03-29 11:00:00Z;-1,66;2;3
1989-03-30 11:00:00Z;-1,67;2;3
1989-03-31 11:00:00Z;-1,68;0;3
1989-04-01 11:00:00Z;-1,73;2;3
1989-04-02 11:00:00Z;-1,78;2;3
1989-04-03 11:00:00Z;-1,84;2;3
1989-04-04 11:00:00Z;-1,89;0;3
1989-04-05 11:00:00Z;-1,93;2;3
1989-04-06 11:00:00Z;-1,98;2;3
1989-04-07 11:00:00Z;-2,02;2;3
1989-04-08 11:00:00Z;-2,06;2;3
1989-04-09 11:00:00Z;-2,11;2;3
1989-04-10 11:00:00Z;-2,15;0;3
1989-04-11 11:00:00Z;-2,11;2;3
1989-04-12 11:00:00Z;-2,06;2;3
1989-04-13 11:00:00Z;-2,02;2;3
1989-04-14 11:00:00Z;-1,98;2;3
1989-04-15 11:00:00Z;-1,93;2;3
1989-04-16 11:00:00Z;-1,89;2;3
1989-04-17 11:00:00Z;-1,84;2;3
1989-04-18 11:00:00Z;-1,8;0;3
1989-04-19 11:00:00Z;-1,88;2;3
1989-04-20 11:00:00Z;-1,95;2;3
1989-04-21 11:00:00Z;-2,03;2;3
1989-04-22 11:00:00Z;-2,1;2;3
1989-04-23 11:00:00Z;-2,17;2;3
1989-04-24 11:00:00Z;-2,25;2;3
1989-04-25 11:00:00Z;-2,33;2;3
1989-04-26 11:00:00Z;-2,4;2;3
1989-04-27 11:00:00Z;-2,47;2;3
1989-04-28 11:00:00Z;-2,55;2;3
1989-04-29 11:00:00Z;-2,62;2;3
1989-04-30 11:00:00Z;-2,7;0;3
1989-05-01 11:00:00Z;-2,62;2;3
1989-05-02 11:00:00Z;-2,54;2;3
1989-05-03 11:00:00Z;-2,47;2;3
1989-05-04 11:00:00Z;-2,39;2;3
1989-05-05 11:00:00Z;-2,31;2;3
1989-05-06 11:00:00Z;-2,23;2;3
1989-05-07 11:00:00Z;-2,16;2;3
1989-05-08 11:00:00Z;-2,08;2;3
1989-05-09 11:00:00Z;-2;0;3
1989-05-10 11:00:00Z;-1,85;2;3
1989-05-11 11:00:00Z;-1,7;0;3
1989-05-12 11:00:00Z;-1,7;2;3
1989-05-13 11:00:00Z;-1,71;2;3
1989-05-14 11:00:00Z;-1,71;2;3
1989-05-15 11:00:00Z;-1,71;2;3
1989-05-16 11:00:00Z;-1,71;2;3
1989-05-17 11:00:00Z;-1,72;2;3
1989-05-18 11:00:00Z;-1,72;2;3
1989-05-19 11:00:00Z;-1,72;2;3
1989-05-20 11:00:00Z;-1,72;2;3
1989-05-21 11:00:00Z;-1,73;2;3
1989-05-22 11:00:00Z;-1,73;2;3
1989-05-23 11:00:00Z;-1,73;0;3
1989-05-24 11:00:00Z;-1,78;2;3
1989-05-25 11:00:00Z;-1,83;0;3
1989-05-26 11:00:00Z;-1,79;2;3
1989-05-27 11:00:00Z;-1,74;2;3
1989-05-28 11:00:00Z;-1,69;2;3
1989-05-29 11:00:00Z;-1,65;2;3
1989-05-30 11:00:00Z;-1,61;2;3
1989-05-31 11:00:00Z;-1,56;0;3
1989-06-01 11:00:00Z;-1,57;2;3
1989-06-02 11:00:00Z;-1,59;2;3
1989-06-03 11:00:00Z;-1,6;0;3
1989-06-04 11:00:00Z;-1,62;2;3
1989-06-05 11:00:00Z;-1,64;2;3
1989-06-06 11:00:00Z;-1,65;2;3
1989-06-07 11:00:00Z;-1,67;2;3
1989-06-08 11:00:00Z;-1,69;2;3
1989-06-09 11:00:00Z;-1,71;2;3
1989-06-10 11:00:00Z;-1,73;2;3
1989-06-11 11:00:00Z;-1,75;2;3
1989-06-12 11:00:00Z;-1,76;2;3
1989-06-13 11:00:00Z;-1,78;2;3
1989-06-14 11:00:00Z;-1,8;0;3
1989-06-15 11:00:00Z;-1,83;2;3
1989-06-16 11:00:00Z;-1,85;2;3
1989-06-17 11:00:00Z;-1,88;2;3
1989-06-18 11:00:00Z;-1,91;2;3
1989-06-19 11:00:00Z;-1,94;2;3
1989-06-20 11:00:00Z;-1,96;2;3
1989-06-21 11:00:00Z;-1,99;0;3
1989-06-22 11:00:00Z;-2;2;3
1989-06-23 11:00:00Z;-2,01;2;3
1989-06-24 11:00:00Z;-2,03;2;3
1989-06-25 11:00:00Z;-2,04;2;3
1989-06-26 11:00:00Z;-2,05;2;3
1989-06-27 11:00:00Z;-2,06;2;3
1989-06-28 11:00:00Z;-2,08;2;3
1989-06-29 11:00:00Z;-2,09;2;3
1989-06-30 11:00:00Z;-2,1;0;3
1989-07-01 11:00:00Z;-2,12;0;3
1989-07-02 11:00:00Z;-2,08;2;3
1989-07-03 11:00:00Z;-2,04;2;3
1989-07-04 11:00:00Z;-1,99;2;3
1989-07-05 11:00:00Z;-1,95;2;3
1989-07-06 11:00:00Z;-1,91;2;3
1989-07-07 11:00:00Z;-1,87;2;3
1989-07-08 11:00:00Z;-1,82;2;3
1989-07-09 11:00:00Z;-1,78;2;3
1989-07-10 11:00:00Z;-1,74;0;3
1989-07-11 11:00:00Z;-1,67;2;3
1989-07-12 11:00:00Z;-1,61;2;3
1989-07-13 11:00:00Z;-1,54;2;3
1989-07-14 11:00:00Z;-1,48;2;3
1989-07-15 11:00:00Z;-1,41;2;3
1989-07-16 11:00:00Z;-1,35;2;3
1989-07-17 11:00:00Z;-1,28;2;3
1989-07-18 11:00:00Z;-1,22;2;3
1989-07-19 11:00:00Z;-1,15;0;3
1989-07-20 11:00:00Z;-1,16;2;3
1989-07-21 11:00:00Z;-1,17;2;3
1989-07-22 11:00:00Z;-1,18;2;3
1989-07-23 11:00:00Z;-1,2;2;3
1989-07-24 11:00:00Z;-1,21;2;3
1989-07-25 11:00:00Z;-1,22;0;3
1989-07-26 11:00:00Z;-1,17;2;3
1989-07-27 11:00:00Z;-1,12;2;3
1989-07-28 11:00:00Z;-1,06;2;3
1989-07-29 11:00:00Z;-1,01;2;3
1989-07-30 11:00:00Z;-0,96;2;3
1989-07-31 11:00:00Z;-0,91;2;3
1989-08-01 11:00:00Z;-0,85;2;3
1989-08-02 11:00:00Z;-0,8;2;3
1989-08-03 11:00:00Z;-0,75;0;3
1989-08-04 11:00:00Z;-0,77;2;3
1989-08-05 11:00:00Z;-0,79;2;3
1989-08-06 11:00:00Z;-0,81;2;3
1989-08-07 11:00:00Z;-0,82;2;3
1989-08-08 11:00:00Z;-0,84;2;3
1989-08-09 11:00:00Z;-0,86;2;3
1989-08-10 11:00:00Z;-0,88;2;3
1989-08-11 11:00:00Z;-0,9;0;3
1989-08-12 11:00:00Z;-0,95;2;3
1989-08-13 11:00:00Z;-1;2;3
1989-08-14 11:00:00Z;-1,05;2;3
1989-08-15 11:00:00Z;-1,1;2;3
1989-08-16 11:00:00Z;-1,15;2;3
1989-08-17 11:00:00Z;-1,2;2;3
1989-08-18 11:00:00Z;-1,25;2;3
1989-08-19 11:00:00Z;-1,3;2;3
1989-08-20 11:00:00Z;-1,35;2;3
1989-08-21 11:00:00Z;-1,4;0;3
1989-08-22 11:00:00Z;-1,39;2;3
1989-08-23 11:00:00Z;-1,38;2;3
1989-08-24 11:00:00Z;-1,38;2;3
1989-08-25 11:00:00Z;-1,37;2;3
1989-08-26 11:00:00Z;-1,36;2;3
1989-08-27 11:00:00Z;-1,35;2;3
1989-08-28 11:00:00Z;-1,34;2;3
1989-08-29 11:00:00Z;-1,34;2;3
1989-08-30 11:00:00Z;-1,33;2;3
1989-08-31 11:00:00Z;-1,32;0;3
1989-09-01 11:00:00Z;-1,36;2;3
1989-09-02 11:00:00Z;-1,39;2;3
1989-09-03 11:00:00Z;-1,43;2;3
1989-09-04 11:00:00Z;-1,47;0;3
1989-09-05 11:00:00Z;-1,4;2;3
1989-09-06 11:00:00Z;-1,34;2;3
1989-09-07 11:00:00Z;-1,27;2;3
1989-09-08 11:00:00Z;-1,2;2;3
1989-09-09 11:00:00Z;-1,13;2;3
1989-09-10 11:00:00Z;-1,07;2;3
1989-09-11 11:00:00Z;-1;0;3
1989-09-12 11:00:00Z;-1,06;2;3
1989-09-13 11:00:00Z;-1,12;2;3
1989-09-14 11:00:00Z;-1,18;2;3
1989-09-15 11:00:00Z;-1,24;2;3
1989-09-16 11:00:00Z;-1,31;2;3
1989-09-17 11:00:00Z;-1,37;2;3
1989-09-18 11:00:00Z;-1,43;2;3
1989-09-19 11:00:00Z;-1,49;2;3
1989-09-20 11:00:00Z;-1,55;2;3
1989-09-21 11:00:00Z;-1,61;0;3
1989-09-22 11:00:00Z;-1,65;2;3
1989-09-23 11:00:00Z;-1,69;2;3
1989-09-24 11:00:00Z;-1,72;2;3
1989-09-25 11:00:00Z;-1,76;2;3
1989-09-26 11:00:00Z;-1,8;2;3
1989-09-27 11:00:00Z;-1,84;2;3
1989-09-28 11:00:00Z;-1,87;2;3
1989-09-29 11:00:00Z;-1,91;2;3
1989-09-30 11:00:00Z;-1,95;0;3
1989-10-01 11:00:00Z;-1,89;2;3
1989-10-02 11:00:00Z;-1,83;2;3
1989-10-03 11:00:00Z;-1,77;2;3
1989-10-04 11:00:00Z;-1,71;0;3
1989-10-05 11:00:00Z;-1,71;2;3
1989-10-06 11:00:00Z;-1,71;2;3
1989-10-07 11:00:00Z;-1,71;2;3
1989-10-08 11:00:00Z;-1,71;2;3
1989-10-09 11:00:00Z;-1,71;2;3
1989-10-10 11:00:00Z;-1,71;2;3
1989-10-11 11:00:00Z;-1,7;2;3
1989-10-12 11:00:00Z;-1,7;2;3
1989-10-13 11:00:00Z;-1,7;2;3
1989-10-14 11:00:00Z;-1,7;2;3
1989-10-15 11:00:00Z;-1,7;2;3
1989-10-16 11:00:00Z;-1,7;0;3
1989-10-17 11:00:00Z;-1,62;2;3
1989-10-18 11:00:00Z;-1,54;2;3
1989-10-19 11:00:00Z;-1,47;2;3
1989-10-20 11:00:00Z;-1,39;2;3
1989-10-21 11:00:00Z;-1,31;2;3
1989-10-22 11:00:00Z;-1,23;2;3
1989-10-23 11:00:00Z;-1,16;2;3
1989-10-24 11:00:00Z;-1,08;2;3
1989-10-25 11:00:00Z;-1;0;3
1989-10-26 11:00:00Z;-0,65;0;3
1989-10-27 11:00:00Z;-0,5;2;3
1989-10-28 11:00:00Z;-0,35;2;3
1989-10-29 11:00:00Z;-0,21;2;3
1989-10-30 11:00:00Z;-0,06;2;3
1989-10-31 11:00:00Z;0,09;0;3
1989-11-01 11:00:00Z;0,09;2;3
1989-11-02 11:00:00Z;0,08;2;3
1989-11-03 11:00:00Z;0,08;0;3
1989-11-04 11:00:00Z;0,03;2;3
1989-11-05 11:00:00Z;-0,03;2;3
1989-11-06 11:00:00Z;-0,08;2;3
1989-11-07 11:00:00Z;-0,13;2;3
1989-11-08 11:00:00Z;-0,18;2;3
1989-11-09 11:00:00Z;-0,24;2;3
1989-11-10 11:00:00Z;-0,29;2;3
1989-11-11 11:00:00Z;-0,34;2;3
1989-11-12 11:00:00Z;-0,39;2;3
1989-11-13 11:00:00Z;-0,45;2;3
1989-11-14 11:00:00Z;-0,5;0;3
1989-11-15 11:00:00Z;-0,45;2;3
1989-11-16 11:00:00Z;-0,4;2;3
1989-11-17 11:00:00Z;-0,35;0;3
1989-11-18 11:00:00Z;-0,44;2;3
1989-11-19 11:00:00Z;-0,52;2;3
1989-11-20 11:00:00Z;-0,61;2;3
1989-11-21 11:00:00Z;-0,69;2;3
1989-11-22 11:00:00Z;-0,77;2;3
1989-11-23 11:00:00Z;-0,86;2;3
1989-11-24 11:00:00Z;-0,95;2;3
1989-11-25 11:00:00Z;-1,03;2;3
1989-11-26 11:00:00Z;-1,12;2;3
1989-11-27 11:00:00Z;-1,2;0;3
1989-11-28 11:00:00Z;-1,04;2;3
1989-11-29 11:00:00Z;-0,89;2;3
1989-11-30 11:00:00Z;-0,73;0;3
1989-12-01 11:00:00Z;-0,62;2;3
1989-12-02 11:00:00Z;-0,51;2;3
1989-12-03 11:00:00Z;-0,41;2;3
1989-12-04 11:00:00Z;-0,3;0;3
1989-12-05 11:00:00Z;-0,18;2;3
1989-12-06 11:00:00Z;-0,06;2;3
1989-12-07 11:00:00Z;0,06;0;3
1989-12-08 11:00:00Z;0,06;2;3
1989-12-09 11:00:00Z;0,06;2;3
1989-12-10 11:00:00Z;0,06;2;3
1989-12-11 11:00:00Z;0,06;2;3
1989-12-12 11:00:00Z;0,06;2;3
1989-12-13 11:00:00Z;0,06;2;3
1989-12-14 11:00:00Z;0,06;0;3
1989-12-15 11:00:00Z;-0,01;2;3
1989-12-16 11:00:00Z;-0,08;2;3
1989-12-17 11:00:00Z;-0,16;2;3
1989-12-18 11:00:00Z;-0,23;2;3
1989-12-19 11:00:00Z;-0,3;0;3
1989-12-20 11:00:00Z;-0,36;2;3
1989-12-21 11:00:00Z;-0,43;2;3
1989-12-22 11:00:00Z;-0,49;2;3
1989-12-23 11:00:00Z;-0,55;2;3
1989-12-24 11:00:00Z;-0,61;2;3
1989-12-25 11:00:00Z;-0,67;2;3
1989-12-26 11:00:00Z;-0,74;2;3
1989-12-27 11:00:00Z;-0,8;2;3
1989-12-28 11:00:00Z;-0,86;2;3
1989-12-29 11:00:00Z;-0,92;2;3
1989-12-30 11:00:00Z;-0,99;2;3
1989-12-31 11:00:00Z;-1,05;0;3
1990-01-01 11:00:00Z;-1,08;2;3
1990-01-02 11:00:00Z;-1,12;2;3
1990-01-03 11:00:00Z;-1,15;0;3
1990-01-04 11:00:00Z;-1,19;2;3
1990-01-05 11:00:00Z;-1,23;2;3
1990-01-06 11:00:00Z;-1,28;2;3
1990-01-07 11:00:00Z;-1,32;2;3
1990-01-08 11:00:00Z;-1,36;0;3
1990-01-09 11:00:00Z;-1,33;2;3
1990-01-10 11:00:00Z;-1,29;2;3
1990-01-11 11:00:00Z;-1,26;2;3
1990-01-12 11:00:00Z;-1,22;2;3
1990-01-13 11:00:00Z;-1,19;2;3
1990-01-14 11:00:00Z;-1,15;2;3
1990-01-15 11:00:00Z;-1,12;2;3
1990-01-16 11:00:00Z;-1,08;2;3
1990-01-17 11:00:00Z;-1,05;0;3
1990-01-18 11:00:00Z;-1,05;2;3
1990-01-19 11:00:00Z;-1,05;2;3
1990-01-20 11:00:00Z;-1,05;2;3
1990-01-21 11:00:00Z;-1,05;2;3
1990-01-22 11:00:00Z;-1,05;2;3
1990-01-23 11:00:00Z;-1,05;2;3
1990-01-24 11:00:00Z;-1,05;0;3
1990-01-25 11:00:00Z;-1,08;2;3
1990-01-26 11:00:00Z;-1,11;2;3
1990-01-27 11:00:00Z;-1,14;2;3
1990-01-28 11:00:00Z;-1,17;2;3
1990-01-29 11:00:00Z;-1,2;2;3
1990-01-30 11:00:00Z;-1,23;2;3
1990-01-31 11:00:00Z;-1,26;0;3
1990-02-01 11:00:00Z;-1,29;2;3
1990-02-02 11:00:00Z;-1,31;2;3
1990-02-03 11:00:00Z;-1,34;2;3
1990-02-04 11:00:00Z;-1,36;2;3
1990-02-05 11:00:00Z;-1,39;1;3
1990-02-06 11:00:00Z;-1,41;2;3
1990-02-07 11:00:00Z;-1,44;2;3
1990-02-08 11:00:00Z;-1,46;2;3
1990-02-09 11:00:00Z;-1,49;2;3
1990-02-10 11:00:00Z;-1,51;2;3
1990-02-11 11:00:00Z;-1,54;2;3
1990-02-12 11:00:00Z;-1,56;1;3
1990-02-13 11:00:00Z;-1,62;2;3
1990-02-14 11:00:00Z;-1,67;2;3
1990-02-15 11:00:00Z;-1,73;2;3
1990-02-16 11:00:00Z;-1,78;2;3
1990-02-17 11:00:00Z;-1,84;2;3
1990-02-18 11:00:00Z;-1,89;2;3
1990-02-19 11:00:00Z;-1,95;0;3
1990-02-20 11:00:00Z;-1,84;2;3
1990-02-21 11:00:00Z;-1,72;2;3
1990-02-22 11:00:00Z;-1,61;2;3
1990-02-23 11:00:00Z;-1,49;2;3
1990-02-24 11:00:00Z;-1,38;2;3
1990-02-25 11:00:00Z;-1,26;2;3
1990-02-26 11:00:00Z;-1,15;0;3
1990-02-27 11:00:00Z;-1,17;2;3
1990-02-28 11:00:00Z;-1,2;0;3
1990-03-01 11:00:00Z;-1,22;2;3
1990-03-02 11:00:00Z;-1,24;2;3
1990-03-03 11:00:00Z;-1,25;2;3
1990-03-04 11:00:00Z;-1,27;2;3
1990-03-05 11:00:00Z;-1,29;0;3
1990-03-06 11:00:00Z;-1,26;2;3
1990-03-07 11:00:00Z;-1,23;2;3
1990-03-08 11:00:00Z;-1,2;2;3
1990-03-09 11:00:00Z;-1,17;2;3
1990-03-10 11:00:00Z;-1,14;2;3
1990-03-11 11:00:00Z;-1,12;2;3
1990-03-12 11:00:00Z;-1,09;2;3
1990-03-13 11:00:00Z;-1,06;2;3
1990-03-14 11:00:00Z;-1,03;2;3
1990-03-15 11:00:00Z;-1;0;3
1990-03-16 11:00:00Z;-0,82;2;3
1990-03-17 11:00:00Z;-0,64;2;3
1990-03-18 11:00:00Z;-0,46;2;3
1990-03-19 11:00:00Z;-0,28;2;3
1990-03-20 11:00:00Z;-0,1;0;3
1990-03-21 11:00:00Z;-0,03;2;3
1990-03-22 11:00:00Z;0,03;2;3
1990-03-23 11:00:00Z;0,1;0;3
1990-03-24 11:00:00Z;0,08;2;3
1990-03-25 11:00:00Z;0,06;2;3
1990-03-26 11:00:00Z;0,04;2;3
1990-03-27 11:00:00Z;0,02;0;3
1990-03-28 11:00:00Z;0,03;2;3
1990-03-29 11:00:00Z;0,04;2;3
1990-03-30 11:00:00Z;0,04;2;3
1990-03-31 11:00:00Z;0,05;0;3
1990-04-01 11:00:00Z;0,05;2;3
1990-04-02 11:00:00Z;0,05;0;3
1990-04-03 11:00:00Z;0,03;2;3
1990-04-04 11:00:00Z;0,01;2;3
1990-04-05 11:00:00Z;-0,02;2;3
1990-04-06 11:00:00Z;-0,04;2;3
1990-04-07 11:00:00Z;-0,06;2;3
1990-04-08 11:00:00Z;-0,08;2;3
1990-04-09 11:00:00Z;-0,1;2;3
1990-04-10 11:00:00Z;-0,13;2;3
1990-04-11 11:00:00Z;-0,15;2;3
1990-04-12 11:00:00Z;-0,17;2;3
1990-04-13 11:00:00Z;-0,19;2;3
1990-04-14 11:00:00Z;-0,21;2;3
1990-04-15 11:00:00Z;-0,24;2;3
1990-04-16 11:00:00Z;-0,26;2;3
1990-04-17 11:00:00Z;-0,28;0;3
1990-04-18 11:00:00Z;-0,3;2;3
1990-04-19 11:00:00Z;-0,33;2;3
1990-04-20 11:00:00Z;-0,35;0;3
1990-04-21 11:00:00Z;-0,38;2;3
1990-04-22 11:00:00Z;-0,42;2;3
1990-04-23 11:00:00Z;-0,45;2;3
1990-04-24 11:00:00Z;-0,49;2;3
1990-04-25 11:00:00Z;-0,52;2;3
1990-04-26 11:00:00Z;-0,56;2;3
1990-04-27 11:00:00Z;-0,6;2;3
1990-04-28 11:00:00Z;-0,63;2;3
1990-04-29 11:00:00Z;-0,66;2;3
1990-04-30 11:00:00Z;-0,7;0;3
1990-05-01 11:00:00Z;-0,43;2;3
1990-05-02 11:00:00Z;-0,15;0;3
1990-05-03 11:00:00Z;-0,21;2;3
1990-05-04 11:00:00Z;-0,27;2;3
1990-05-05 11:00:00Z;-0,32;2;3
1990-05-06 11:00:00Z;-0,38;2;3
1990-05-07 11:00:00Z;-0,44;2;3
1990-05-08 11:00:00Z;-0,5;0;3
1990-05-09 11:00:00Z;-0,57;2;3
1990-05-10 11:00:00Z;-0,64;2;3
1990-05-11 11:00:00Z;-0,71;2;3
1990-05-12 11:00:00Z;-0,79;2;3
1990-05-13 11:00:00Z;-0,86;2;3
1990-05-14 11:00:00Z;-0,93;2;3
1990-05-15 11:00:00Z;-1;0;3
1990-05-16 11:00:00Z;-1,15;2;3
1990-05-17 11:00:00Z;-1,31;2;3
1990-05-18 11:00:00Z;-1,47;2;3
1990-05-19 11:00:00Z;-1,62;0;3
1990-05-20 11:00:00Z;-1,7;2;3
1990-05-21 11:00:00Z;-1,78;2;3
1990-05-22 11:00:00Z;-1,86;2;3
1990-05-23 11:00:00Z;-1,94;2;3
1990-05-24 11:00:00Z;-2,02;2;3
1990-05-25 11:00:00Z;-2,1;0;3
1990-05-26 11:00:00Z;-2,13;2;3
1990-05-27 11:00:00Z;-2,17;2;3
1990-05-28 11:00:00Z;-2,2;2;3
1990-05-29 11:00:00Z;-2,23;2;3
1990-05-30 11:00:00Z;-2,27;2;3
1990-05-31 11:00:00Z;-2,3;0;3
1990-06-01 11:00:00Z;-2,32;2;3
1990-06-02 11:00:00Z;-2,34;2;3
1990-06-03 11:00:00Z;-2,36;2;3
1990-06-04 11:00:00Z;-2,38;2;3
1990-06-05 11:00:00Z;-2,4;0;3
1990-06-06 11:00:00Z;-2,43;2;3
1990-06-07 11:00:00Z;-2,46;2;3
1990-06-08 11:00:00Z;-2,49;2;3
1990-06-09 11:00:00Z;-2,53;2;3
1990-06-10 11:00:00Z;-2,56;2;3
1990-06-11 11:00:00Z;-2,59;2;3
1990-06-12 11:00:00Z;-2,62;2;3
1990-06-13 11:00:00Z;-2,65;2;3
1990-06-14 11:00:00Z;-2,68;2;3
1990-06-15 11:00:00Z;-2,71;2;3
1990-06-16 11:00:00Z;-2,74;2;3
1990-06-17 11:00:00Z;-2,78;2;3
1990-06-18 11:00:00Z;-2,81;2;3
1990-06-19 11:00:00Z;-2,84;2;3
1990-06-20 11:00:00Z;-2,87;2;3
1990-06-21 11:00:00Z;-2,9;0;3
1990-06-22 11:00:00Z;-2,91;2;3
1990-06-23 11:00:00Z;-2,92;2;3
1990-06-24 11:00:00Z;-2,93;2;3
1990-06-25 11:00:00Z;-2,94;2;3
1990-06-26 11:00:00Z;-2,96;2;3
1990-06-27 11:00:00Z;-2,97;2;3
1990-06-28 11:00:00Z;-2,98;2;3
1990-06-29 11:00:00Z;-2,99;2;3
1990-06-30 11:00:00Z;-3;0;3
1990-07-01 11:00:00Z;;0;3
1990-07-02 11:00:00Z;;0;3
1990-07-03 11:00:00Z;;0;3
1990-07-04 11:00:00Z;;0;3
1990-07-05 11:00:00Z;;0;3
1990-07-06 11:00:00Z;;0;3
1990-07-07 11:00:00Z;;0;3
1990-07-08 11:00:00Z;;0;3
1990-07-09 11:00:00Z;;0;3
1990-07-10 11:00:00Z;;0;3
1990-07-11 11:00:00Z;;0;3
1990-07-12 11:00:00Z;;0;3
1990-07-13 11:00:00Z;;0;3
1990-07-14 11:00:00Z;;0;3
1990-07-15 11:00:00Z;;0;3
1990-07-16 11:00:00Z;;0;3
1990-07-17 11:00:00Z;;0;3
1990-07-18 11:00:00Z;;0;3
1990-07-19 11:00:00Z;;0;3
1990-07-20 11:00:00Z;;0;3
1990-07-21 11:00:00Z;;0;3
1990-07-22 11:00:00Z;;0;3
1990-07-23 11:00:00Z;;0;3
1990-07-24 11:00:00Z;;0;3
1990-07-25 11:00:00Z;;0;3
1990-07-26 11:00:00Z;;0;3
1990-07-27 11:00:00Z;;0;3
1990-07-28 11:00:00Z;;0;3
1990-07-29 11:00:00Z;;0;3
1990-07-30 11:00:00Z;;0;3
1990-07-31 11:00:00Z;;0;3
1990-08-01 11:00:00Z;;0;3
1990-08-02 11:00:00Z;;0;3
1990-08-03 11:00:00Z;;0;3
1990-08-04 11:00:00Z;;0;3
1990-08-05 11:00:00Z;;0;3
1990-08-06 11:00:00Z;;0;3
1990-08-07 11:00:00Z;;0;3
1990-08-08 11:00:00Z;;0;3
1990-08-09 11:00:00Z;;0;3
1990-08-10 11:00:00Z;;0;3
1990-08-11 11:00:00Z;;0;3
1990-08-12 11:00:00Z;;0;3
1990-08-13 11:00:00Z;;0;3
1990-08-14 11:00:00Z;;0;3
1990-08-15 11:00:00Z;;0;3
1990-08-16 11:00:00Z;;0;3
1990-08-17 11:00:00Z;;0;3
1990-08-18 11:00:00Z;;0;3
1990-08-19 11:00:00Z;;0;3
1990-08-20 11:00:00Z;;0;3
1990-08-21 11:00:00Z;;0;3
1990-08-22 11:00:00Z;;0;3
1990-08-23 11:00:00Z;;0;3
1990-08-24 11:00:00Z;;0;3
1990-08-25 11:00:00Z;;0;3
1990-08-26 11:00:00Z;;0;3
1990-08-27 11:00:00Z;;0;3
1990-08-28 11:00:00Z;;0;3
1990-08-29 11:00:00Z;;0;3
1990-08-30 11:00:00Z;;0;3
1990-08-31 11:00:00Z;;0;3
1990-09-01 11:00:00Z;;0;3
1990-09-02 11:00:00Z;;0;3
1990-09-03 11:00:00Z;;0;3
1990-09-04 11:00:00Z;;0;3
1990-09-05 11:00:00Z;;0;3
1990-09-06 11:00:00Z;;0;3
1990-09-07 11:00:00Z;;0;3
1990-09-08 11:00:00Z;;0;3
1990-09-09 11:00:00Z;;0;3
1990-09-10 11:00:00Z;;0;3
1990-09-11 11:00:00Z;;0;3
1990-09-12 11:00:00Z;;0;3
1990-09-13 11:00:00Z;;0;3
1990-09-14 11:00:00Z;;0;3
1990-09-15 11:00:00Z;;0;3
1990-09-16 11:00:00Z;;0;3
1990-09-17 11:00:00Z;;0;3
1990-09-18 11:00:00Z;;0;3
1990-09-19 11:00:00Z;;0;3
1990-09-20 11:00:00Z;;0;3
1990-09-21 11:00:00Z;;0;3
1990-09-22 11:00:00Z;;0;3
1990-09-23 11:00:00Z;;0;3
1990-09-24 11:00:00Z;;0;3
1990-09-25 11:00:00Z;;0;3
1990-09-26 11:00:00Z;;0;3
1990-09-27 11:00:00Z;;0;3
1990-09-28 11:00:00Z;;0;3
1990-09-29 11:00:00Z;;0;3
1990-09-30 11:00:00Z;;0;3
1990-10-01 11:00:00Z;;0;3
1990-10-02 11:00:00Z;;0;3
1990-10-03 11:00:00Z;;0;3
1990-10-04 11:00:00Z;;0;3
1990-10-05 11:00:00Z;;0;3
1990-10-06 11:00:00Z;;0;3
1990-10-07 11:00:00Z;;0;3
1990-10-08 11:00:00Z;;0;3
1990-10-09 11:00:00Z;;0;3
1990-10-10 11:00:00Z;;0;3
1990-10-11 11:00:00Z;;0;3
1990-10-12 11:00:00Z;;0;3
1990-10-13 11:00:00Z;;0;3
1990-10-14 11:00:00Z;;0;3
1990-10-15 11:00:00Z;;0;3
1990-10-16 11:00:00Z;;0;3
1990-10-17 11:00:00Z;;0;3
1990-10-18 11:00:00Z;;0;3
1990-10-19 11:00:00Z;;0;3
1990-10-20 11:00:00Z;;0;3
1990-10-21 11:00:00Z;;0;3
1990-10-22 11:00:00Z;;0;3
1990-10-23 11:00:00Z;;0;3
1990-10-24 11:00:00Z;;0;3
1990-10-25 11:00:00Z;;0;3
1990-10-26 11:00:00Z;;0;3
1990-10-27 11:00:00Z;;0;3
1990-10-28 11:00:00Z;;0;3
1990-10-29 11:00:00Z;;0;3
1990-10-30 11:00:00Z;;0;3
1990-10-31 11:00:00Z;;0;3
1990-11-01 11:00:00Z;-1;0;3
1990-11-02 11:00:00Z;-1;2;3
1990-11-03 11:00:00Z;-1;2;3
1990-11-04 11:00:00Z;-1;2;3
1990-11-05 11:00:00Z;-1;0;3
1990-11-06 11:00:00Z;-0,86;2;3
1990-11-07 11:00:00Z;-0,71;2;3
1990-11-08 11:00:00Z;-0,57;2;3
1990-11-09 11:00:00Z;-0,43;2;3
1990-11-10 11:00:00Z;-0,29;2;3
1990-11-11 11:00:00Z;-0,14;2;3
1990-11-12 11:00:00Z;0;0;3
1990-11-13 11:00:00Z;0,01;2;3
1990-11-14 11:00:00Z;0,02;2;3
1990-11-15 11:00:00Z;0,03;2;3
1990-11-16 11:00:00Z;0,05;2;3
1990-11-17 11:00:00Z;0,06;2;3
1990-11-18 11:00:00Z;0,07;2;3
1990-11-19 11:00:00Z;0,08;2;3
1990-11-20 11:00:00Z;0,09;0;3
1990-11-21 11:00:00Z;0,06;2;3
1990-11-22 11:00:00Z;0,03;2;3
1990-11-23 11:00:00Z;0;0;3
1990-11-24 11:00:00Z;-0,03;2;3
1990-11-25 11:00:00Z;-0,06;2;3
1990-11-26 11:00:00Z;-0,09;2;3
1990-11-27 11:00:00Z;-0,11;2;3
1990-11-28 11:00:00Z;-0,14;2;3
1990-11-29 11:00:00Z;-0,17;2;3
1990-11-30 11:00:00Z;-0,2;0;3
1990-12-01 11:00:00Z;-0,16;2;3
1990-12-02 11:00:00Z;-0,12;2;3
1990-12-03 11:00:00Z;-0,08;2;3
1990-12-04 11:00:00Z;-0,04;2;3
1990-12-05 11:00:00Z;0;0;3
1990-12-06 11:00:00Z;0,09;2;3
1990-12-07 11:00:00Z;0,19;0;3
1990-12-08 11:00:00Z;0,14;2;3
1990-12-09 11:00:00Z;0,09;2;3
1990-12-10 11:00:00Z;0,05;2;3
1990-12-11 11:00:00Z;0;0;3
1990-12-12 11:00:00Z;0,03;2;3
1990-12-13 11:00:00Z;0,06;2;3
1990-12-14 11:00:00Z;0,09;2;3
1990-12-15 11:00:00Z;0,12;2;3
1990-12-16 11:00:00Z;0,15;2;3
1990-12-17 11:00:00Z;0,18;0;3
1990-12-18 11:00:00Z;0,14;2;3
1990-12-19 11:00:00Z;0,09;2;3
1990-12-20 11:00:00Z;0,05;2;3
1990-12-21 11:00:00Z;0;0;3
1990-12-22 11:00:00Z;-0,04;2;3
1990-12-23 11:00:00Z;-0,09;2;3
1990-12-24 11:00:00Z;-0,13;2;3
1990-12-25 11:00:00Z;-0,17;2;3
1990-12-26 11:00:00Z;-0,22;2;3
1990-12-27 11:00:00Z;-0,26;2;3
1990-12-28 11:00:00Z;-0,3;2;3
1990-12-29 11:00:00Z;-0,34;2;3
1990-12-30 11:00:00Z;-0,39;2;3
1990-12-31 11:00:00Z;-0,43;0;3
1991-01-01 11:00:00Z;-0,44;2;3
1991-01-02 11:00:00Z;-0,45;0;3
1991-01-03 11:00:00Z;-0,49;2;3
1991-01-04 11:00:00Z;-0,53;2;3
1991-01-05 11:00:00Z;-0,57;2;3
1991-01-06 11:00:00Z;-0,62;2;3
1991-01-07 11:00:00Z;-0,66;2;3
1991-01-08 11:00:00Z;-0,7;0;3
1991-01-09 11:00:00Z;-0,76;2;3
1991-01-10 11:00:00Z;-0,83;2;3
1991-01-11 11:00:00Z;-0,89;2;3
1991-01-12 11:00:00Z;-0,96;2;3
1991-01-13 11:00:00Z;-1,02;2;3
1991-01-14 11:00:00Z;-1,09;2;3
1991-01-15 11:00:00Z;-1,15;2;3
1991-01-16 11:00:00Z;-1,22;2;3
1991-01-17 11:00:00Z;-1,28;2;3
1991-01-18 11:00:00Z;-1,35;2;3
1991-01-19 11:00:00Z;-1,41;2;3
1991-01-20 11:00:00Z;-1,48;2;3
1991-01-21 11:00:00Z;-1,54;2;3
1991-01-22 11:00:00Z;-1,61;2;3
1991-01-23 11:00:00Z;-1,67;2;3
1991-01-24 11:00:00Z;-1,74;2;3
1991-01-25 11:00:00Z;-1,8;0;3
1991-01-26 11:00:00Z;-1,75;2;3
1991-01-27 11:00:00Z;-1,71;2;3
1991-01-28 11:00:00Z;-1,66;2;3
1991-01-29 11:00:00Z;-1,61;2;3
1991-01-30 11:00:00Z;-1,57;2;3
1991-01-31 11:00:00Z;-1,52;0;3
1991-02-01 11:00:00Z;-1,52;2;3
1991-02-02 11:00:00Z;-1,51;2;3
1991-02-03 11:00:00Z;-1,51;2;3
1991-02-04 11:00:00Z;-1,5;2;3
1991-02-05 11:00:00Z;-1,5;0;3
1991-02-06 11:00:00Z;-1,52;2;3
1991-02-07 11:00:00Z;-1,54;2;3
1991-02-08 11:00:00Z;-1,56;2;3
1991-02-09 11:00:00Z;-1,59;2;3
1991-02-10 11:00:00Z;-1,61;2;3
1991-02-11 11:00:00Z;-1,63;2;3
1991-02-12 11:00:00Z;-1,65;2;3
1991-02-13 11:00:00Z;-1,67;2;3
1991-02-14 11:00:00Z;-1,69;2;3
1991-02-15 11:00:00Z;-1,72;2;3
1991-02-16 11:00:00Z;-1,74;2;3
1991-02-17 11:00:00Z;-1,76;2;3
1991-02-18 11:00:00Z;-1,78;0;3
1991-02-19 11:00:00Z;-1,88;2;3
1991-02-20 11:00:00Z;-1,98;2;3
1991-02-21 11:00:00Z;-2,09;2;3
1991-02-22 11:00:00Z;-2,19;2;3
1991-02-23 11:00:00Z;-2,29;2;3
1991-02-24 11:00:00Z;-2,39;2;3
1991-02-25 11:00:00Z;-2,49;2;3
1991-02-26 11:00:00Z;-2,6;2;3
1991-02-27 11:00:00Z;-2,7;2;3
1991-02-28 11:00:00Z;-2,8;0;3
1991-03-01 11:00:00Z;-2,8;0;3
1991-03-02 11:00:00Z;-2,79;2;3
1991-03-03 11:00:00Z;-2,79;2;3
1991-03-04 11:00:00Z;-2,78;2;3
1991-03-05 11:00:00Z;-2,77;2;3
1991-03-06 11:00:00Z;-2,77;2;3
1991-03-07 11:00:00Z;-2,76;2;3
1991-03-08 11:00:00Z;-2,75;2;3
1991-03-09 11:00:00Z;-2,75;2;3
1991-03-10 11:00:00Z;-2,74;2;3
1991-03-11 11:00:00Z;-2,73;2;3
1991-03-12 11:00:00Z;-2,73;2;3
1991-03-13 11:00:00Z;-2,72;2;3
1991-03-14 11:00:00Z;-2,72;2;3
1991-03-15 11:00:00Z;-2,71;2;3
1991-03-16 11:00:00Z;-2,7;2;3
1991-03-17 11:00:00Z;-2,7;2;3
1991-03-18 11:00:00Z;-2,69;2;3
1991-03-19 11:00:00Z;-2,68;2;3
1991-03-20 11:00:00Z;-2,68;2;3
1991-03-21 11:00:00Z;-2,67;2;3
1991-03-22 11:00:00Z;-2,66;2;3
1991-03-23 11:00:00Z;-2,66;2;3
1991-03-24 11:00:00Z;-2,65;2;3
1991-03-25 11:00:00Z;-2,64;2;3
1991-03-26 11:00:00Z;-2,64;2;3
1991-03-27 11:00:00Z;-2,63;2;3
1991-03-28 11:00:00Z;-2,62;2;3
1991-03-29 11:00:00Z;-2,62;2;3
1991-03-30 11:00:00Z;-2,61;2;3
1991-03-31 11:00:00Z;-2,6;2;3
1991-04-01 11:00:00Z;-2,6;2;3
1991-04-02 11:00:00Z;-2,59;2;3
1991-04-03 11:00:00Z;-2,58;2;3
1991-04-04 11:00:00Z;-2,58;2;3
1991-04-05 11:00:00Z;-2,57;2;3
1991-04-06 11:00:00Z;-2,57;2;3
1991-04-07 11:00:00Z;-2,56;2;3
1991-04-08 11:00:00Z;-2,55;2;3
1991-04-09 11:00:00Z;-2,55;2;3
1991-04-10 11:00:00Z;-2,54;2;3
1991-04-11 11:00:00Z;-2,53;2;3
1991-04-12 11:00:00Z;-2,53;2;3
1991-04-13 11:00:00Z;-2,52;2;3
1991-04-14 11:00:00Z;-2,51;2;3
1991-04-15 11:00:00Z;-2,51;2;3
1991-04-16 11:00:00Z;-2,5;0;3
1991-04-17 11:00:00Z;-2,5;2;3
1991-04-18 11:00:00Z;-2,49;2;3
1991-04-19 11:00:00Z;-2,49;2;3
1991-04-20 11:00:00Z;-2,48;2;3
1991-04-21 11:00:00Z;-2,48;2;3
1991-04-22 11:00:00Z;-2,47;2;3
1991-04-23 11:00:00Z;-2,47;2;3
1991-04-24 11:00:00Z;-2,46;2;3
1991-04-25 11:00:00Z;-2,46;2;3
1991-04-26 11:00:00Z;-2,45;2;3
1991-04-27 11:00:00Z;-2,45;2;3
1991-04-28 11:00:00Z;-2,44;2;3
1991-04-29 11:00:00Z;-2,44;2;3
1991-04-30 11:00:00Z;-2,43;2;3
1991-05-01 11:00:00Z;-2,43;2;3
1991-05-02 11:00:00Z;-2,42;2;3
1991-05-03 11:00:00Z;-2,42;2;3
1991-05-04 11:00:00Z;-2,41;2;3
1991-05-05 11:00:00Z;-2,41;2;3
1991-05-06 11:00:00Z;-2,4;2;3
1991-05-07 11:00:00Z;-2,4;2;3
1991-05-08 11:00:00Z;-2,4;2;3
1991-05-09 11:00:00Z;-2,39;2;3
1991-05-10 11:00:00Z;-2,39;2;3
1991-05-11 11:00:00Z;-2,38;2;3
1991-05-12 11:00:00Z;-2,38;2;3
1991-05-13 11:00:00Z;-2,37;2;3
1991-05-14 11:00:00Z;-2,37;2;3
1991-05-15 11:00:00Z;-2,36;2;3
1991-05-16 11:00:00Z;-2,36;2;3
1991-05-17 11:00:00Z;-2,35;2;3
1991-05-18 11:00:00Z;-2,35;2;3
1991-05-19 11:00:00Z;-2,34;2;3
1991-05-20 11:00:00Z;-2,34;2;3
1991-05-21 11:00:00Z;-2,33;2;3
1991-05-22 11:00:00Z;-2,33;2;3
1991-05-23 11:00:00Z;-2,32;2;3
1991-05-24 11:00:00Z;-2,32;2;3
1991-05-25 11:00:00Z;-2,31;2;3
1991-05-26 11:00:00Z;-2,31;2;3
1991-05-27 11:00:00Z;-2,3;2;3
1991-05-28 11:00:00Z;-2,3;0;3
1991-05-29 11:00:00Z;-2,25;2;3
1991-05-30 11:00:00Z;-2,21;2;3
1991-05-31 11:00:00Z;-2,16;2;3
1991-06-01 11:00:00Z;-2,11;2;3
1991-06-02 11:00:00Z;-2,07;2;3
1991-06-03 11:00:00Z;-2,02;2;3
1991-06-04 11:00:00Z;-1,97;2;3
1991-06-05 11:00:00Z;-1,92;2;3
1991-06-06 11:00:00Z;-1,88;2;3
1991-06-07 11:00:00Z;-1,83;2;3
1991-06-08 11:00:00Z;-1,78;2;3
1991-06-09 11:00:00Z;-1,74;2;3
1991-06-10 11:00:00Z;-1,69;2;3
1991-06-11 11:00:00Z;-1,64;2;3
1991-06-12 11:00:00Z;-1,6;2;3
1991-06-13 11:00:00Z;-1,55;2;3
1991-06-14 11:00:00Z;-1,5;2;3
1991-06-15 11:00:00Z;-1,45;2;3
1991-06-16 11:00:00Z;-1,41;2;3
1991-06-17 11:00:00Z;-1,36;2;3
1991-06-18 11:00:00Z;-1,31;2;3
1991-06-19 11:00:00Z;-1,27;2;3
1991-06-20 11:00:00Z;-1,22;2;3
1991-06-21 11:00:00Z;-1,17;2;3
1991-06-22 11:00:00Z;-1,13;2;3
1991-06-23 11:00:00Z;-1,08;2;3
1991-06-24 11:00:00Z;-1,03;2;3
1991-06-25 11:00:00Z;-0,98;2;3
1991-06-26 11:00:00Z;-0,94;2;3
1991-06-27 11:00:00Z;-0,89;2;3
1991-06-28 11:00:00Z;-0,84;2;3
1991-06-29 11:00:00Z;-0,8;2;3
1991-06-30 11:00:00Z;-0,75;1;3
1991-07-01 11:00:00Z;-0,73;2;3
1991-07-02 11:00:00Z;-0,7;0;3
1991-07-03 11:00:00Z;-0,77;2;3
1991-07-04 11:00:00Z;-0,85;2;3
1991-07-05 11:00:00Z;-0,92;2;3
1991-07-06 11:00:00Z;-1;2;3
1991-07-07 11:00:00Z;-1,07;2;3
1991-07-08 11:00:00Z;-1,15;2;3
1991-07-09 11:00:00Z;-1,22;2;3
1991-07-10 11:00:00Z;-1,3;2;3
1991-07-11 11:00:00Z;-1,38;2;3
1991-07-12 11:00:00Z;-1,45;2;3
1991-07-13 11:00:00Z;-1,52;2;3
1991-07-14 11:00:00Z;-1,6;2;3
1991-07-15 11:00:00Z;-1,67;2;3
1991-07-16 11:00:00Z;-1,75;0;3
1991-07-17 11:00:00Z;-1,78;2;3
1991-07-18 11:00:00Z;-1,8;2;3
1991-07-19 11:00:00Z;-1,83;2;3
1991-07-20 11:00:00Z;-1,86;2;3
1991-07-21 11:00:00Z;-1,88;2;3
1991-07-22 11:00:00Z;-1,91;2;3
1991-07-23 11:00:00Z;-1,94;2;3
1991-07-24 11:00:00Z;-1,96;2;3
1991-07-25 11:00:00Z;-1,99;2;3
1991-07-26 11:00:00Z;-2,02;2;3
1991-07-27 11:00:00Z;-2,04;2;3
1991-07-28 11:00:00Z;-2,07;2;3
1991-07-29 11:00:00Z;-2,1;2;3
1991-07-30 11:00:00Z;-2,12;2;3
1991-07-31 11:00:00Z;-2,15;0;3
1991-08-01 11:00:00Z;-2,17;2;3
1991-08-02 11:00:00Z;-2,18;2;3
1991-08-03 11:00:00Z;-2,2;2;3
1991-08-04 11:00:00Z;-2,22;2;3
1991-08-05 11:00:00Z;-2,23;2;3
1991-08-06 11:00:00Z;-2,25;2;3
1991-08-07 11:00:00Z;-2,27;2;3
1991-08-08 11:00:00Z;-2,28;2;3
1991-08-09 11:00:00Z;-2,3;0;3
1991-08-10 11:00:00Z;-2,31;2;3
1991-08-11 11:00:00Z;-2,32;2;3
1991-08-12 11:00:00Z;-2,33;2;3
1991-08-13 11:00:00Z;-2,35;2;3
1991-08-14 11:00:00Z;-2,36;2;3
1991-08-15 11:00:00Z;-2,37;2;3
1991-08-16 11:00:00Z;-2,38;2;3
1991-08-17 11:00:00Z;-2,39;2;3
1991-08-18 11:00:00Z;-2,4;2;3
1991-08-19 11:00:00Z;-2,41;2;3
1991-08-20 11:00:00Z;-2,42;2;3
1991-08-21 11:00:00Z;-2,44;2;3
1991-08-22 11:00:00Z;-2,45;2;3
1991-08-23 11:00:00Z;-2,46;2;3
1991-08-24 11:00:00Z;-2,47;2;3
1991-08-25 11:00:00Z;-2,48;2;3
1991-08-26 11:00:00Z;-2,49;2;3
1991-08-27 11:00:00Z;-2,5;2;3
1991-08-28 11:00:00Z;-2,52;2;3
1991-08-29 11:00:00Z;-2,53;2;3
1991-08-30 11:00:00Z;-2,54;2;3
1991-08-31 11:00:00Z;-2,55;0;3
1991-09-01 11:00:00Z;-2,5;2;3
1991-09-02 11:00:00Z;-2,45;2;3
1991-09-03 11:00:00Z;-2,4;2;3
1991-09-04 11:00:00Z;-2,35;2;3
1991-09-05 11:00:00Z;-2,3;0;3
1991-09-06 11:00:00Z;-2,12;2;3
1991-09-07 11:00:00Z;-1,94;2;3
1991-09-08 11:00:00Z;-1,76;2;3
1991-09-09 11:00:00Z;-1,58;2;3
1991-09-10 11:00:00Z;-1,4;2;3
1991-09-11 11:00:00Z;-1,23;2;3
1991-09-12 11:00:00Z;-1,05;2;3
1991-09-13 11:00:00Z;-0,87;2;3
1991-09-14 11:00:00Z;-0,69;2;3
1991-09-15 11:00:00Z;-0,51;2;3
1991-09-16 11:00:00Z;-0,33;2;3
1991-09-17 11:00:00Z;-0,15;0;3
1991-09-18 11:00:00Z;-0,17;2;3
1991-09-19 11:00:00Z;-0,19;2;3
1991-09-20 11:00:00Z;-0,21;2;3
1991-09-21 11:00:00Z;-0,23;2;3
1991-09-22 11:00:00Z;-0,25;2;3
1991-09-23 11:00:00Z;-0,27;2;3
1991-09-24 11:00:00Z;-0,28;2;3
1991-09-25 11:00:00Z;-0,3;2;3
1991-09-26 11:00:00Z;-0,32;2;3
1991-09-27 11:00:00Z;-0,34;2;3
1991-09-28 11:00:00Z;-0,36;2;3
1991-09-29 11:00:00Z;-0,38;2;3
1991-09-30 11:00:00Z;-0,4;0;3
1991-10-01 11:00:00Z;-0,41;2;3
1991-10-02 11:00:00Z;-0,42;2;3
1991-10-03 11:00:00Z;-0,43;2;3
1991-10-04 11:00:00Z;-0,44;2;3
1991-10-05 11:00:00Z;-0,45;2;3
1991-10-06 11:00:00Z;-0,46;2;3
1991-10-07 11:00:00Z;-0,47;2;3
1991-10-08 11:00:00Z;-0,48;2;3
1991-10-09 11:00:00Z;-0,49;2;3
1991-10-10 11:00:00Z;-0,5;2;3
1991-10-11 11:00:00Z;-0,51;2;3
1991-10-12 11:00:00Z;-0,52;2;3
1991-10-13 11:00:00Z;-0,53;2;3
1991-10-14 11:00:00Z;-0,54;2;3
1991-10-15 11:00:00Z;-0,56;2;3
1991-10-16 11:00:00Z;-0,57;2;3
1991-10-17 11:00:00Z;-0,58;2;3
1991-10-18 11:00:00Z;-0,59;2;3
1991-10-19 11:00:00Z;-0,6;2;3
1991-10-20 11:00:00Z;-0,61;2;3
1991-10-21 11:00:00Z;-0,62;2;3
1991-10-22 11:00:00Z;-0,63;2;3
1991-10-23 11:00:00Z;-0,64;2;3
1991-10-24 11:00:00Z;-0,65;2;3
1991-10-25 11:00:00Z;-0,66;2;3
1991-10-26 11:00:00Z;-0,67;2;3
1991-10-27 11:00:00Z;-0,68;2;3
1991-10-28 11:00:00Z;-0,69;2;3
1991-10-29 11:00:00Z;-0,7;0;3
1991-10-30 11:00:00Z;-0,7;2;3
1991-10-31 11:00:00Z;-0,7;0;3
1991-11-01 11:00:00Z;-0,69;2;3
1991-11-02 11:00:00Z;-0,68;2;3
1991-11-03 11:00:00Z;-0,67;2;3
1991-11-04 11:00:00Z;-0,67;2;3
1991-11-05 11:00:00Z;-0,66;2;3
1991-11-06 11:00:00Z;-0,65;2;3
1991-11-07 11:00:00Z;-0,64;2;3
1991-11-08 11:00:00Z;-0,63;2;3
1991-11-09 11:00:00Z;-0,62;2;3
1991-11-10 11:00:00Z;-0,61;2;3
1991-11-11 11:00:00Z;-0,6;2;3
1991-11-12 11:00:00Z;-0,6;2;3
1991-11-13 11:00:00Z;-0,59;2;3
1991-11-14 11:00:00Z;-0,58;2;3
1991-11-15 11:00:00Z;-0,57;2;3
1991-11-16 11:00:00Z;-0,56;2;3
1991-11-17 11:00:00Z;-0,55;2;3
1991-11-18 11:00:00Z;-0,54;2;3
1991-11-19 11:00:00Z;-0,53;2;3
1991-11-20 11:00:00Z;-0,53;2;3
1991-11-21 11:00:00Z;-0,52;2;3
1991-11-22 11:00:00Z;-0,51;2;3
1991-11-23 11:00:00Z;-0,5;2;3
1991-11-24 11:00:00Z;-0,49;2;3
1991-11-25 11:00:00Z;-0,48;2;3
1991-11-26 11:00:00Z;-0,47;2;3
1991-11-27 11:00:00Z;-0,46;2;3
1991-11-28 11:00:00Z;-0,46;2;3
1991-11-29 11:00:00Z;-0,45;2;3
1991-11-30 11:00:00Z;-0,44;2;3
1991-12-01 11:00:00Z;-0,43;2;3
1991-12-02 11:00:00Z;-0,42;2;3
1991-12-03 11:00:00Z;-0,41;2;3
1991-12-04 11:00:00Z;-0,4;2;3
1991-12-05 11:00:00Z;-0,39;2;3
1991-12-06 11:00:00Z;-0,39;2;3
1991-12-07 11:00:00Z;-0,38;2;3
1991-12-08 11:00:00Z;-0,37;2;3
1991-12-09 11:00:00Z;-0,36;2;3
1991-12-10 11:00:00Z;-0,35;2;3
1991-12-11 11:00:00Z;-0,34;2;3
1991-12-12 11:00:00Z;-0,33;2;3
1991-12-13 11:00:00Z;-0,32;2;3
1991-12-14 11:00:00Z;-0,32;2;3
1991-12-15 11:00:00Z;-0,31;2;3
1991-12-16 11:00:00Z;-0,3;2;3
1991-12-17 11:00:00Z;-0,29;0;3
1991-12-18 11:00:00Z;-0,28;2;3
1991-12-19 11:00:00Z;-0,28;2;3
1991-12-20 11:00:00Z;-0,27;2;3
1991-12-21 11:00:00Z;-0,26;2;3
1991-12-22 11:00:00Z;-0,26;2;3
1991-12-23 11:00:00Z;-0,25;2;3
1991-12-24 11:00:00Z;-0,24;2;3
1991-12-25 11:00:00Z;-0,24;2;3
1991-12-26 11:00:00Z;-0,23;2;3
1991-12-27 11:00:00Z;-0,22;2;3
1991-12-28 11:00:00Z;-0,22;2;3
1991-12-29 11:00:00Z;-0,21;2;3
1991-12-30 11:00:00Z;-0,2;2;3
1991-12-31 11:00:00Z;-0,2;2;3
1992-01-01 11:00:00Z;-0,19;2;3
1992-01-02 11:00:00Z;-0,19;2;3
1992-01-03 11:00:00Z;-0,18;2;3
1992-01-04 11:00:00Z;-0,17;2;3
1992-01-05 11:00:00Z;-0,17;2;3
1992-01-06 11:00:00Z;-0,16;2;3
1992-01-07 11:00:00Z;-0,15;2;3
1992-01-08 11:00:00Z;-0,15;2;3
1992-01-09 11:00:00Z;-0,14;2;3
1992-01-10 11:00:00Z;-0,14;2;3
1992-01-11 11:00:00Z;-0,13;2;3
1992-01-12 11:00:00Z;-0,12;2;3
1992-01-13 11:00:00Z;-0,12;2;3
1992-01-14 11:00:00Z;-0,11;2;3
1992-01-15 11:00:00Z;-0,1;2;3
1992-01-16 11:00:00Z;-0,1;2;3
1992-01-17 11:00:00Z;-0,09;2;3
1992-01-18 11:00:00Z;-0,08;2;3
1992-01-19 11:00:00Z;-0,08;2;3
1992-01-20 11:00:00Z;-0,07;2;3
1992-01-21 11:00:00Z;-0,06;2;3
1992-01-22 11:00:00Z;-0,06;2;3
1992-01-23 11:00:00Z;-0,05;2;3
1992-01-24 11:00:00Z;-0,05;2;3
1992-01-25 11:00:00Z;-0,04;2;3
1992-01-26 11:00:00Z;-0,03;2;3
1992-01-27 11:00:00Z;-0,03;2;3
1992-01-28 11:00:00Z;-0,02;2;3
1992-01-29 11:00:00Z;-0,01;2;3
1992-01-30 11:00:00Z;-0,01;2;3
1992-01-31 11:00:00Z;0;0;3
1992-02-01 11:00:00Z;-0,01;2;3
1992-02-02 11:00:00Z;-0,02;2;3
1992-02-03 11:00:00Z;-0,03;2;3
1992-02-04 11:00:00Z;-0,04;2;3
1992-02-05 11:00:00Z;-0,05;2;3
1992-02-06 11:00:00Z;-0,06;2;3
1992-02-07 11:00:00Z;-0,07;2;3
1992-02-08 11:00:00Z;-0,08;2;3
1992-02-09 11:00:00Z;-0,09;2;3
1992-02-10 11:00:00Z;-0,1;2;3
1992-02-11 11:00:00Z;-0,11;2;3
1992-02-12 11:00:00Z;-0,12;2;3
1992-02-13 11:00:00Z;-0,13;2;3
1992-02-14 11:00:00Z;-0,14;2;3
1992-02-15 11:00:00Z;-0,16;2;3
1992-02-16 11:00:00Z;-0,17;2;3
1992-02-17 11:00:00Z;-0,18;2;3
1992-02-18 11:00:00Z;-0,19;2;3
1992-02-19 11:00:00Z;-0,2;2;3
1992-02-20 11:00:00Z;-0,21;2;3
1992-02-21 11:00:00Z;-0,22;2;3
1992-02-22 11:00:00Z;-0,23;2;3
1992-02-23 11:00:00Z;-0,24;2;3
1992-02-24 11:00:00Z;-0,25;2;3
1992-02-25 11:00:00Z;-0,26;2;3
1992-02-26 11:00:00Z;-0,27;2;3
1992-02-27 11:00:00Z;-0,28;2;3
1992-02-28 11:00:00Z;-0,29;2;3
1992-02-29 11:00:00Z;-0,3;0;3
1992-03-01 11:00:00Z;-0,3;2;3
1992-03-02 11:00:00Z;-0,3;2;3
1992-03-03 11:00:00Z;-0,3;2;3
1992-03-04 11:00:00Z;-0,3;2;3
1992-03-05 11:00:00Z;-0,3;2;3
1992-03-06 11:00:00Z;-0,3;2;3
1992-03-07 11:00:00Z;-0,3;2;3
1992-03-08 11:00:00Z;-0,29;2;3
1992-03-09 11:00:00Z;-0,29;2;3
1992-03-10 11:00:00Z;-0,29;2;3
1992-03-11 11:00:00Z;-0,29;2;3
1992-03-12 11:00:00Z;-0,29;2;3
1992-03-13 11:00:00Z;-0,29;2;3
1992-03-14 11:00:00Z;-0,29;2;3
1992-03-15 11:00:00Z;-0,29;2;3
1992-03-16 11:00:00Z;-0,29;2;3
1992-03-17 11:00:00Z;-0,29;2;3
1992-03-18 11:00:00Z;-0,29;2;3
1992-03-19 11:00:00Z;-0,29;2;3
1992-03-20 11:00:00Z;-0,29;2;3
1992-03-21 11:00:00Z;-0,29;2;3
1992-03-22 11:00:00Z;-0,29;2;3
1992-03-23 11:00:00Z;-0,29;2;3
1992-03-24 11:00:00Z;-0,28;2;3
1992-03-25 11:00:00Z;-0,28;2;3
1992-03-26 11:00:00Z;-0,28;2;3
1992-03-27 11:00:00Z;-0,28;2;3
1992-03-28 11:00:00Z;-0,28;2;3
1992-03-29 11:00:00Z;-0,28;2;3
1992-03-30 11:00:00Z;-0,28;2;3
1992-03-31 11:00:00Z;-0,28;0;3
1992-04-01 11:00:00Z;-0,3;2;3
1992-04-02 11:00:00Z;-0,31;2;3
1992-04-03 11:00:00Z;-0,33;2;3
1992-04-04 11:00:00Z;-0,34;2;3
1992-04-05 11:00:00Z;-0,36;0;3
1992-04-06 11:00:00Z;-0,41;2;3
1992-04-07 11:00:00Z;-0,45;2;3
1992-04-08 11:00:00Z;-0,5;2;3
1992-04-09 11:00:00Z;-0,54;2;3
1992-04-10 11:00:00Z;-0,59;2;3
1992-04-11 11:00:00Z;-0,63;2;3
1992-04-12 11:00:00Z;-0,68;2;3
1992-04-13 11:00:00Z;-0,72;2;3
1992-04-14 11:00:00Z;-0,77;2;3
1992-04-15 11:00:00Z;-0,82;2;3
1992-04-16 11:00:00Z;-0,86;2;3
1992-04-17 11:00:00Z;-0,91;2;3
1992-04-18 11:00:00Z;-0,95;2;3
1992-04-19 11:00:00Z;-1;2;3
1992-04-20 11:00:00Z;-1,04;2;3
1992-04-21 11:00:00Z;-1,09;2;3
1992-04-22 11:00:00Z;-1,14;2;3
1992-04-23 11:00:00Z;-1,18;2;3
1992-04-24 11:00:00Z;-1,23;2;3
1992-04-25 11:00:00Z;-1,27;2;3
1992-04-26 11:00:00Z;-1,32;2;3
1992-04-27 11:00:00Z;-1,36;2;3
1992-04-28 11:00:00Z;-1,41;2;3
1992-04-29 11:00:00Z;-1,45;2;3
1992-04-30 11:00:00Z;-1,5;0;3
1992-05-01 11:00:00Z;-1,54;2;3
1992-05-02 11:00:00Z;-1,58;2;3
1992-05-03 11:00:00Z;-1,62;2;3
1992-05-04 11:00:00Z;-1,66;2;3
1992-05-05 11:00:00Z;-1,7;0;3
1992-05-06 11:00:00Z;-1,7;2;3
1992-05-07 11:00:00Z;-1,7;2;3
1992-05-08 11:00:00Z;-1,7;2;3
1992-05-09 11:00:00Z;-1,7;2;3
1992-05-10 11:00:00Z;-1,7;2;3
1992-05-11 11:00:00Z;-1,7;2;3
1992-05-12 11:00:00Z;-1,7;2;3
1992-05-13 11:00:00Z;-1,7;2;3
1992-05-14 11:00:00Z;-1,7;2;3
1992-05-15 11:00:00Z;-1,7;2;3
1992-05-16 11:00:00Z;-1,7;2;3
1992-05-17 11:00:00Z;-1,7;2;3
1992-05-18 11:00:00Z;-1,7;2;3
1992-05-19 11:00:00Z;-1,7;2;3
1992-05-20 11:00:00Z;-1,7;2;3
1992-05-21 11:00:00Z;-1,7;2;3
1992-05-22 11:00:00Z;-1,7;2;3
1992-05-23 11:00:00Z;-1,7;2;3
1992-05-24 11:00:00Z;-1,7;2;3
1992-05-25 11:00:00Z;-1,7;2;3
1992-05-26 11:00:00Z;-1,7;2;3
1992-05-27 11:00:00Z;-1,7;2;3
1992-05-28 11:00:00Z;-1,7;2;3
1992-05-29 11:00:00Z;-1,7;2;3
1992-05-30 11:00:00Z;-1,7;2;3
1992-05-31 11:00:00Z;-1,7;0;3
1992-06-01 11:00:00Z;-1,71;2;3
1992-06-02 11:00:00Z;-1,73;2;3
1992-06-03 11:00:00Z;-1,74;2;3
1992-06-04 11:00:00Z;-1,75;0;3
1992-06-05 11:00:00Z;-1,75;2;3
1992-06-06 11:00:00Z;-1,75;2;3
1992-06-07 11:00:00Z;-1,76;2;3
1992-06-08 11:00:00Z;-1,76;2;3
1992-06-09 11:00:00Z;-1,76;2;3
1992-06-10 11:00:00Z;-1,76;2;3
1992-06-11 11:00:00Z;-1,77;2;3
1992-06-12 11:00:00Z;-1,77;2;3
1992-06-13 11:00:00Z;-1,77;2;3
1992-06-14 11:00:00Z;-1,77;2;3
1992-06-15 11:00:00Z;-1,78;2;3
1992-06-16 11:00:00Z;-1,78;2;3
1992-06-17 11:00:00Z;-1,78;2;3
1992-06-18 11:00:00Z;-1,78;2;3
1992-06-19 11:00:00Z;-1,79;2;3
1992-06-20 11:00:00Z;-1,79;2;3
1992-06-21 11:00:00Z;-1,79;2;3
1992-06-22 11:00:00Z;-1,79;2;3
1992-06-23 11:00:00Z;-1,8;2;3
1992-06-24 11:00:00Z;-1,8;2;3
1992-06-25 11:00:00Z;-1,8;0;3
1992-06-26 11:00:00Z;-1,82;2;3
1992-06-27 11:00:00Z;-1,84;2;3
1992-06-28 11:00:00Z;-1,85;2;3
1992-06-29 11:00:00Z;-1,87;2;3
1992-06-30 11:00:00Z;-1,89;0;3
1992-07-01 11:00:00Z;-1,89;2;3
1992-07-02 11:00:00Z;-1,9;0;3
1992-07-03 11:00:00Z;-1,9;2;3
1992-07-04 11:00:00Z;-1,89;2;3
1992-07-05 11:00:00Z;-1,89;2;3
1992-07-06 11:00:00Z;-1,89;2;3
1992-07-07 11:00:00Z;-1,88;2;3
1992-07-08 11:00:00Z;-1,88;2;3
1992-07-09 11:00:00Z;-1,88;2;3
1992-07-10 11:00:00Z;-1,87;2;3
1992-07-11 11:00:00Z;-1,87;2;3
1992-07-12 11:00:00Z;-1,87;2;3
1992-07-13 11:00:00Z;-1,86;2;3
1992-07-14 11:00:00Z;-1,86;2;3
1992-07-15 11:00:00Z;-1,86;2;3
1992-07-16 11:00:00Z;-1,85;2;3
1992-07-17 11:00:00Z;-1,85;2;3
1992-07-18 11:00:00Z;-1,84;2;3
1992-07-19 11:00:00Z;-1,84;2;3
1992-07-20 11:00:00Z;-1,84;2;3
1992-07-21 11:00:00Z;-1,83;2;3
1992-07-22 11:00:00Z;-1,83;2;3
1992-07-23 11:00:00Z;-1,83;2;3
1992-07-24 11:00:00Z;-1,82;2;3
1992-07-25 11:00:00Z;-1,82;2;3
1992-07-26 11:00:00Z;-1,82;2;3
1992-07-27 11:00:00Z;-1,81;2;3
1992-07-28 11:00:00Z;-1,81;2;3
1992-07-29 11:00:00Z;-1,81;2;3
1992-07-30 11:00:00Z;-1,8;2;3
1992-07-31 11:00:00Z;-1,8;0;3
1992-08-01 11:00:00Z;-1,77;2;3
1992-08-02 11:00:00Z;-1,74;2;3
1992-08-03 11:00:00Z;-1,7;2;3
1992-08-04 11:00:00Z;-1,67;2;3
1992-08-05 11:00:00Z;-1,64;0;3
1992-08-06 11:00:00Z;-1,63;2;3
1992-08-07 11:00:00Z;-1,62;2;3
1992-08-08 11:00:00Z;-1,61;2;3
1992-08-09 11:00:00Z;-1,6;2;3
1992-08-10 11:00:00Z;-1,59;2;3
1992-08-11 11:00:00Z;-1,58;2;3
1992-08-12 11:00:00Z;-1,56;2;3
1992-08-13 11:00:00Z;-1,55;2;3
1992-08-14 11:00:00Z;-1,54;2;3
1992-08-15 11:00:00Z;-1,53;2;3
1992-08-16 11:00:00Z;-1,52;2;3
1992-08-17 11:00:00Z;-1,51;2;3
1992-08-18 11:00:00Z;-1,5;0;3
1992-08-19 11:00:00Z;-1,5;2;3
1992-08-20 11:00:00Z;-1,51;2;3
1992-08-21 11:00:00Z;-1,51;2;3
1992-08-22 11:00:00Z;-1,52;2;3
1992-08-23 11:00:00Z;-1,52;2;3
1992-08-24 11:00:00Z;-1,52;2;3
1992-08-25 11:00:00Z;-1,53;2;3
1992-08-26 11:00:00Z;-1,53;2;3
1992-08-27 11:00:00Z;-1,53;2;3
1992-08-28 11:00:00Z;-1,54;2;3
1992-08-29 11:00:00Z;-1,54;2;3
1992-08-30 11:00:00Z;-1,55;2;3
1992-08-31 11:00:00Z;-1,55;0;3
1992-09-01 11:00:00Z;-1,56;0;3
1992-09-02 11:00:00Z;-1,59;2;3
1992-09-03 11:00:00Z;-1,62;2;3
1992-09-04 11:00:00Z;-1,65;2;3
1992-09-05 11:00:00Z;-1,68;2;3
1992-09-06 11:00:00Z;-1,71;2;3
1992-09-07 11:00:00Z;-1,74;2;3
1992-09-08 11:00:00Z;-1,77;2;3
1992-09-09 11:00:00Z;-1,81;2;3
1992-09-10 11:00:00Z;-1,84;2;3
1992-09-11 11:00:00Z;-1,87;2;3
1992-09-12 11:00:00Z;-1,9;2;3
1992-09-13 11:00:00Z;-1,93;2;3
1992-09-14 11:00:00Z;-1,96;2;3
1992-09-15 11:00:00Z;-1,99;2;3
1992-09-16 11:00:00Z;-2,02;2;3
1992-09-17 11:00:00Z;-2,05;2;3
1992-09-18 11:00:00Z;-2,08;2;3
1992-09-19 11:00:00Z;-2,11;2;3
1992-09-20 11:00:00Z;-2,14;2;3
1992-09-21 11:00:00Z;-2,17;2;3
1992-09-22 11:00:00Z;-2,2;2;3
1992-09-23 11:00:00Z;-2,24;2;3
1992-09-24 11:00:00Z;-2,27;2;3
1992-09-25 11:00:00Z;-2,3;2;3
1992-09-26 11:00:00Z;-2,33;2;3
1992-09-27 11:00:00Z;-2,36;2;3
1992-09-28 11:00:00Z;-2,39;2;3
1992-09-29 11:00:00Z;-2,42;2;3
1992-09-30 11:00:00Z;-2,45;0;3
1992-10-01 11:00:00Z;-2,36;2;3
1992-10-02 11:00:00Z;-2,28;2;3
1992-10-03 11:00:00Z;-2,19;2;3
1992-10-04 11:00:00Z;-2,1;2;3
1992-10-05 11:00:00Z;-2,01;2;3
1992-10-06 11:00:00Z;-1,92;2;3
1992-10-07 11:00:00Z;-1,84;2;3
1992-10-08 11:00:00Z;-1,75;2;3
1992-10-09 11:00:00Z;-1,66;2;3
1992-10-10 11:00:00Z;-1,58;2;3
1992-10-11 11:00:00Z;-1,49;2;3
1992-10-12 11:00:00Z;-1,4;0;3
1992-10-13 11:00:00Z;-1,48;2;3
1992-10-14 11:00:00Z;-1,56;2;3
1992-10-15 11:00:00Z;-1,64;2;3
1992-10-16 11:00:00Z;-1,72;2;3
1992-10-17 11:00:00Z;-1,8;2;3
1992-10-18 11:00:00Z;-1,88;2;3
1992-10-19 11:00:00Z;-1,96;2;3
1992-10-20 11:00:00Z;-2,04;2;3
1992-10-21 11:00:00Z;-2,12;2;3
1992-10-22 11:00:00Z;-2,2;2;3
1992-10-23 11:00:00Z;-2,28;2;3
1992-10-24 11:00:00Z;-2,36;2;3
1992-10-25 11:00:00Z;-2,44;2;3
1992-10-26 11:00:00Z;-2,52;2;3
1992-10-27 11:00:00Z;-2,6;2;3
1992-10-28 11:00:00Z;-2,68;2;3
1992-10-29 11:00:00Z;-2,76;2;3
1992-10-30 11:00:00Z;-2,84;2;3
1992-10-31 11:00:00Z;-2,92;0;3
1992-11-01 11:00:00Z;-2,92;2;3
1992-11-02 11:00:00Z;-2,92;2;3
1992-11-03 11:00:00Z;-2,92;0;3
1992-11-04 11:00:00Z;-2,86;2;3
1992-11-05 11:00:00Z;-2,8;2;3
1992-11-06 11:00:00Z;-2,74;2;3
1992-11-07 11:00:00Z;-2,69;2;3
1992-11-08 11:00:00Z;-2,63;2;3
1992-11-09 11:00:00Z;-2,57;2;3
1992-11-10 11:00:00Z;-2,51;2;3
1992-11-11 11:00:00Z;-2,45;2;3
1992-11-12 11:00:00Z;-2,39;2;3
1992-11-13 11:00:00Z;-2,33;2;3
1992-11-14 11:00:00Z;-2,28;2;3
1992-11-15 11:00:00Z;-2,22;2;3
1992-11-16 11:00:00Z;-2,16;2;3
1992-11-17 11:00:00Z;-2,1;0;3
1992-11-18 11:00:00Z;-2,08;2;3
1992-11-19 11:00:00Z;-2,05;2;3
1992-11-20 11:00:00Z;-2,03;2;3
1992-11-21 11:00:00Z;-2,01;2;3
1992-11-22 11:00:00Z;-1,98;2;3
1992-11-23 11:00:00Z;-1,96;2;3
1992-11-24 11:00:00Z;-1,94;2;3
1992-11-25 11:00:00Z;-1,92;2;3
1992-11-26 11:00:00Z;-1,89;2;3
1992-11-27 11:00:00Z;-1,87;2;3
1992-11-28 11:00:00Z;-1,85;2;3
1992-11-29 11:00:00Z;-1,82;2;3
1992-11-30 11:00:00Z;-1,8;0;3
1992-12-01 11:00:00Z;-1,8;2;3
1992-12-02 11:00:00Z;-1,8;2;3
1992-12-03 11:00:00Z;-1,8;2;3
1992-12-04 11:00:00Z;-1,8;2;3
1992-12-05 11:00:00Z;-1,8;2;3
1992-12-06 11:00:00Z;-1,8;2;3
1992-12-07 11:00:00Z;-1,8;2;3
1992-12-08 11:00:00Z;-1,8;0;3
1992-12-09 11:00:00Z;-1,79;2;3
1992-12-10 11:00:00Z;-1,79;2;3
1992-12-11 11:00:00Z;-1,78;2;3
1992-12-12 11:00:00Z;-1,77;2;3
1992-12-13 11:00:00Z;-1,76;2;3
1992-12-14 11:00:00Z;-1,76;2;3
1992-12-15 11:00:00Z;-1,75;2;3
1992-12-16 11:00:00Z;-1,74;2;3
1992-12-17 11:00:00Z;-1,74;2;3
1992-12-18 11:00:00Z;-1,73;2;3
1992-12-19 11:00:00Z;-1,72;2;3
1992-12-20 11:00:00Z;-1,71;2;3
1992-12-21 11:00:00Z;-1,71;2;3
1992-12-22 11:00:00Z;-1,7;0;3
1992-12-23 11:00:00Z;-1,63;2;3
1992-12-24 11:00:00Z;-1,57;2;3
1992-12-25 11:00:00Z;-1,5;2;3
1992-12-26 11:00:00Z;-1,43;2;3
1992-12-27 11:00:00Z;-1,37;2;3
1992-12-28 11:00:00Z;-1,3;2;3
1992-12-29 11:00:00Z;-1,23;2;3
1992-12-30 11:00:00Z;-1,17;2;3
1992-12-31 11:00:00Z;-1,1;0;3
1993-01-01 11:00:00Z;-1,11;2;3
1993-01-02 11:00:00Z;-1,12;2;3
1993-01-03 11:00:00Z;-1,13;2;3
1993-01-04 11:00:00Z;-1,14;2;3
1993-01-05 11:00:00Z;-1,15;0;3
1993-01-06 11:00:00Z;-1,14;2;3
1993-01-07 11:00:00Z;-1,14;2;3
1993-01-08 11:00:00Z;-1,13;2;3
1993-01-09 11:00:00Z;-1,13;2;3
1993-01-10 11:00:00Z;-1,12;2;3
1993-01-11 11:00:00Z;-1,12;2;3
1993-01-12 11:00:00Z;-1,11;2;3
1993-01-13 11:00:00Z;-1,1;2;3
1993-01-14 11:00:00Z;-1,1;2;3
1993-01-15 11:00:00Z;-1,09;2;3
1993-01-16 11:00:00Z;-1,09;2;3
1993-01-17 11:00:00Z;-1,08;2;3
1993-01-18 11:00:00Z;-1,08;2;3
1993-01-19 11:00:00Z;-1,07;2;3
1993-01-20 11:00:00Z;-1,06;2;3
1993-01-21 11:00:00Z;-1,06;2;3
1993-01-22 11:00:00Z;-1,05;2;3
1993-01-23 11:00:00Z;-1,05;2;3
1993-01-24 11:00:00Z;-1,04;2;3
1993-01-25 11:00:00Z;-1,03;2;3
1993-01-26 11:00:00Z;-1,03;2;3
1993-01-27 11:00:00Z;-1,02;2;3
1993-01-28 11:00:00Z;-1,02;2;3
1993-01-29 11:00:00Z;-1,01;2;3
1993-01-30 11:00:00Z;-1,01;2;3
1993-01-31 11:00:00Z;-1;0;3
1993-02-01 11:00:00Z;-0,99;2;3
1993-02-02 11:00:00Z;-0,97;0;3
1993-02-03 11:00:00Z;-0,9;2;3
1993-02-04 11:00:00Z;-0,83;2;3
1993-02-05 11:00:00Z;-0,76;2;3
1993-02-06 11:00:00Z;-0,69;2;3
1993-02-07 11:00:00Z;-0,62;2;3
1993-02-08 11:00:00Z;-0,55;2;3
1993-02-09 11:00:00Z;-0,49;2;3
1993-02-10 11:00:00Z;-0,42;2;3
1993-02-11 11:00:00Z;-0,35;2;3
1993-02-12 11:00:00Z;-0,28;2;3
1993-02-13 11:00:00Z;-0,21;2;3
1993-02-14 11:00:00Z;-0,14;2;3
1993-02-15 11:00:00Z;-0,07;2;3
1993-02-16 11:00:00Z;0;0;3
1993-02-17 11:00:00Z;-0,03;2;3
1993-02-18 11:00:00Z;-0,06;2;3
1993-02-19 11:00:00Z;-0,09;2;3
1993-02-20 11:00:00Z;-0,12;2;3
1993-02-21 11:00:00Z;-0,15;2;3
1993-02-22 11:00:00Z;-0,18;2;3
1993-02-23 11:00:00Z;-0,21;2;3
1993-02-24 11:00:00Z;-0,24;2;3
1993-02-25 11:00:00Z;-0,27;2;3
1993-02-26 11:00:00Z;-0,3;2;3
1993-02-27 11:00:00Z;-0,33;2;3
1993-02-28 11:00:00Z;-0,36;0;3
1993-03-01 11:00:00Z;-0,4;2;3
1993-03-02 11:00:00Z;-0,44;2;3
1993-03-03 11:00:00Z;-0,48;2;3
1993-03-04 11:00:00Z;-0,52;2;3
1993-03-05 11:00:00Z;-0,56;2;3
1993-03-06 11:00:00Z;-0,6;2;3
1993-03-07 11:00:00Z;-0,64;2;3
1993-03-08 11:00:00Z;-0,68;2;3
1993-03-09 11:00:00Z;-0,72;2;3
1993-03-10 11:00:00Z;-0,76;2;3
1993-03-11 11:00:00Z;-0,8;2;3
1993-03-12 11:00:00Z;-0,84;2;3
1993-03-13 11:00:00Z;-0,88;2;3
1993-03-14 11:00:00Z;-0,92;2;3
1993-03-15 11:00:00Z;-0,96;2;3
1993-03-16 11:00:00Z;-1;0;3
1993-03-17 11:00:00Z;-0,97;2;3
1993-03-18 11:00:00Z;-0,94;2;3
1993-03-19 11:00:00Z;-0,91;2;3
1993-03-20 11:00:00Z;-0,89;2;3
1993-03-21 11:00:00Z;-0,86;2;3
1993-03-22 11:00:00Z;-0,83;2;3
1993-03-23 11:00:00Z;-0,8;0;3
1993-03-24 11:00:00Z;-0,81;2;3
1993-03-25 11:00:00Z;-0,83;2;3
1993-03-26 11:00:00Z;-0,85;2;3
1993-03-27 11:00:00Z;-0,86;2;3
1993-03-28 11:00:00Z;-0,88;2;3
1993-03-29 11:00:00Z;-0,89;2;3
1993-03-30 11:00:00Z;-0,91;2;3
1993-03-31 11:00:00Z;-0,92;0;3
1993-04-01 11:00:00Z;-0,99;2;3
1993-04-02 11:00:00Z;-1,05;2;3
1993-04-03 11:00:00Z;-1,12;2;3
1993-04-04 11:00:00Z;-1,19;2;3
1993-04-05 11:00:00Z;-1,25;2;3
1993-04-06 11:00:00Z;-1,32;0;3
1993-04-07 11:00:00Z;-1,32;2;3
1993-04-08 11:00:00Z;-1,32;2;3
1993-04-09 11:00:00Z;-1,32;2;3
1993-04-10 11:00:00Z;-1,32;2;3
1993-04-11 11:00:00Z;-1,32;2;3
1993-04-12 11:00:00Z;-1,32;2;3
1993-04-13 11:00:00Z;-1,31;2;3
1993-04-14 11:00:00Z;-1,31;2;3
1993-04-15 11:00:00Z;-1,31;2;3
1993-04-16 11:00:00Z;-1,31;2;3
1993-04-17 11:00:00Z;-1,31;2;3
1993-04-18 11:00:00Z;-1,31;2;3
1993-04-19 11:00:00Z;-1,31;2;3
1993-04-20 11:00:00Z;-1,31;2;3
1993-04-21 11:00:00Z;-1,31;2;3
1993-04-22 11:00:00Z;-1,31;2;3
1993-04-23 11:00:00Z;-1,31;2;3
1993-04-24 11:00:00Z;-1,3;2;3
1993-04-25 11:00:00Z;-1,3;2;3
1993-04-26 11:00:00Z;-1,3;2;3
1993-04-27 11:00:00Z;-1,3;2;3
1993-04-28 11:00:00Z;-1,3;2;3
1993-04-29 11:00:00Z;-1,3;2;3
1993-04-30 11:00:00Z;-1,3;0;3
1993-05-01 11:00:00Z;-1,28;2;3
1993-05-02 11:00:00Z;-1,27;2;3
1993-05-03 11:00:00Z;-1,25;2;3
1993-05-04 11:00:00Z;-1,23;2;3
1993-05-05 11:00:00Z;-1,22;2;3
1993-05-06 11:00:00Z;-1,2;2;3
1993-05-07 11:00:00Z;-1,18;2;3
1993-05-08 11:00:00Z;-1,17;2;3
1993-05-09 11:00:00Z;-1,15;2;3
1993-05-10 11:00:00Z;-1,13;2;3
1993-05-11 11:00:00Z;-1,12;2;3
1993-05-12 11:00:00Z;-1,1;2;3
1993-05-13 11:00:00Z;-1,08;2;3
1993-05-14 11:00:00Z;-1,07;2;3
1993-05-15 11:00:00Z;-1,05;2;3
1993-05-16 11:00:00Z;-1,03;2;3
1993-05-17 11:00:00Z;-1,02;2;3
1993-05-18 11:00:00Z;-1;0;3
1993-05-19 11:00:00Z;-1;2;3
1993-05-20 11:00:00Z;-1;2;3
1993-05-21 11:00:00Z;-1;2;3
1993-05-22 11:00:00Z;-1;2;3
1993-05-23 11:00:00Z;-1;2;3
1993-05-24 11:00:00Z;-1;2;3
1993-05-25 11:00:00Z;-1;2;3
1993-05-26 11:00:00Z;-1;2;3
1993-05-27 11:00:00Z;-1;2;3
1993-05-28 11:00:00Z;-1;2;3
1993-05-29 11:00:00Z;-1;2;3
1993-05-30 11:00:00Z;-1;2;3
1993-05-31 11:00:00Z;-1;0;3
1993-06-01 11:00:00Z;-1,02;2;3
1993-06-02 11:00:00Z;-1,05;2;3
1993-06-03 11:00:00Z;-1,08;2;3
1993-06-04 11:00:00Z;-1,1;2;3
1993-06-05 11:00:00Z;-1,12;2;3
1993-06-06 11:00:00Z;-1,15;2;3
1993-06-07 11:00:00Z;-1,18;2;3
1993-06-08 11:00:00Z;-1,2;0;3
1993-06-09 11:00:00Z;-1,22;2;3
1993-06-10 11:00:00Z;-1,24;2;3
1993-06-11 11:00:00Z;-1,26;2;3
1993-06-12 11:00:00Z;-1,29;2;3
1993-06-13 11:00:00Z;-1,31;2;3
1993-06-14 11:00:00Z;-1,33;2;3
1993-06-15 11:00:00Z;-1,35;2;3
1993-06-16 11:00:00Z;-1,37;2;3
1993-06-17 11:00:00Z;-1,39;2;3
1993-06-18 11:00:00Z;-1,41;2;3
1993-06-19 11:00:00Z;-1,44;2;3
1993-06-20 11:00:00Z;-1,46;2;3
1993-06-21 11:00:00Z;-1,48;2;3
1993-06-22 11:00:00Z;-1,5;0;3
1993-06-23 11:00:00Z;-1,52;2;3
1993-06-24 11:00:00Z;-1,55;2;3
1993-06-25 11:00:00Z;-1,58;2;3
1993-06-26 11:00:00Z;-1,6;2;3
1993-06-27 11:00:00Z;-1,62;2;3
1993-06-28 11:00:00Z;-1,65;2;3
1993-06-29 11:00:00Z;-1,68;2;3
1993-06-30 11:00:00Z;-1,7;0;3
1993-07-01 11:00:00Z;-1,67;2;3
1993-07-02 11:00:00Z;-1,64;2;3
1993-07-03 11:00:00Z;-1,61;2;3
1993-07-04 11:00:00Z;-1,58;2;3
1993-07-05 11:00:00Z;-1,55;2;3
1993-07-06 11:00:00Z;-1,52;2;3
1993-07-07 11:00:00Z;-1,49;2;3
1993-07-08 11:00:00Z;-1,45;2;3
1993-07-09 11:00:00Z;-1,42;2;3
1993-07-10 11:00:00Z;-1,39;2;3
1993-07-11 11:00:00Z;-1,36;2;3
1993-07-12 11:00:00Z;-1,33;2;3
1993-07-13 11:00:00Z;-1,3;2;3
1993-07-14 11:00:00Z;-1,27;2;3
1993-07-15 11:00:00Z;-1,24;2;3
1993-07-16 11:00:00Z;-1,21;2;3
1993-07-17 11:00:00Z;-1,18;2;3
1993-07-18 11:00:00Z;-1,15;2;3
1993-07-19 11:00:00Z;-1,12;2;3
1993-07-20 11:00:00Z;-1,09;2;3
1993-07-21 11:00:00Z;-1,06;2;3
1993-07-22 11:00:00Z;-1,03;2;3
1993-07-23 11:00:00Z;-1;2;3
1993-07-24 11:00:00Z;-0,96;2;3
1993-07-25 11:00:00Z;-0,93;2;3
1993-07-26 11:00:00Z;-0,9;2;3
1993-07-27 11:00:00Z;-0,87;2;3
1993-07-28 11:00:00Z;-0,84;2;3
1993-07-29 11:00:00Z;-0,81;2;3
1993-07-30 11:00:00Z;-0,78;2;3
1993-07-31 11:00:00Z;-0,75;0;3
1993-08-01 11:00:00Z;-0,73;2;3
1993-08-02 11:00:00Z;-0,72;2;3
1993-08-03 11:00:00Z;-0,7;0;3
1993-08-04 11:00:00Z;-0,74;2;3
1993-08-05 11:00:00Z;-0,79;2;3
1993-08-06 11:00:00Z;-0,83;2;3
1993-08-07 11:00:00Z;-0,87;2;3
1993-08-08 11:00:00Z;-0,91;2;3
1993-08-09 11:00:00Z;-0,96;2;3
1993-08-10 11:00:00Z;-1;0;3
1993-08-11 11:00:00Z;-0,91;2;3
1993-08-12 11:00:00Z;-0,83;2;3
1993-08-13 11:00:00Z;-0,74;2;3
1993-08-14 11:00:00Z;-0,66;2;3
1993-08-15 11:00:00Z;-0,57;2;3
1993-08-16 11:00:00Z;-0,49;2;3
1993-08-17 11:00:00Z;-0,4;0;3
1993-08-18 11:00:00Z;-0,4;2;3
1993-08-19 11:00:00Z;-0,4;2;3
1993-08-20 11:00:00Z;-0,4;2;3
1993-08-21 11:00:00Z;-0,4;2;3
1993-08-22 11:00:00Z;-0,4;2;3
1993-08-23 11:00:00Z;-0,4;2;3
1993-08-24 11:00:00Z;-0,4;2;3
1993-08-25 11:00:00Z;-0,4;2;3
1993-08-26 11:00:00Z;-0,4;2;3
1993-08-27 11:00:00Z;-0,4;2;3
1993-08-28 11:00:00Z;-0,4;2;3
1993-08-29 11:00:00Z;-0,4;2;3
1993-08-30 11:00:00Z;-0,4;2;3
1993-08-31 11:00:00Z;-0,4;0;3
1993-09-01 11:00:00Z;-0,41;2;3
1993-09-02 11:00:00Z;-0,42;2;3
1993-09-03 11:00:00Z;-0,43;2;3
1993-09-04 11:00:00Z;-0,44;2;3
1993-09-05 11:00:00Z;-0,45;2;3
1993-09-06 11:00:00Z;-0,46;2;3
1993-09-07 11:00:00Z;-0,47;2;3
1993-09-08 11:00:00Z;-0,48;2;3
1993-09-09 11:00:00Z;-0,49;2;3
1993-09-10 11:00:00Z;-0,5;2;3
1993-09-11 11:00:00Z;-0,51;2;3
1993-09-12 11:00:00Z;-0,52;2;3
1993-09-13 11:00:00Z;-0,53;2;3
1993-09-14 11:00:00Z;-0,54;2;3
1993-09-15 11:00:00Z;-0,54;2;3
1993-09-16 11:00:00Z;-0,55;2;3
1993-09-17 11:00:00Z;-0,56;2;3
1993-09-18 11:00:00Z;-0,57;2;3
1993-09-19 11:00:00Z;-0,58;2;3
1993-09-20 11:00:00Z;-0,59;2;3
1993-09-21 11:00:00Z;-0,6;2;3
1993-09-22 11:00:00Z;-0,61;2;3
1993-09-23 11:00:00Z;-0,62;2;3
1993-09-24 11:00:00Z;-0,63;2;3
1993-09-25 11:00:00Z;-0,64;2;3
1993-09-26 11:00:00Z;-0,65;2;3
1993-09-27 11:00:00Z;-0,66;2;3
1993-09-28 11:00:00Z;-0,67;0;3
1993-09-29 11:00:00Z;-0,68;2;3
1993-09-30 11:00:00Z;-0,69;2;3
1993-10-01 11:00:00Z;-0,7;2;3
1993-10-02 11:00:00Z;-0,71;2;3
1993-10-03 11:00:00Z;-0,72;2;3
1993-10-04 11:00:00Z;-0,73;2;3
1993-10-05 11:00:00Z;-0,74;2;3
1993-10-06 11:00:00Z;-0,75;2;3
1993-10-07 11:00:00Z;-0,76;2;3
1993-10-08 11:00:00Z;-0,77;2;3
1993-10-09 11:00:00Z;-0,78;2;3
1993-10-10 11:00:00Z;-0,79;2;3
1993-10-11 11:00:00Z;-0,8;2;3
1993-10-12 11:00:00Z;-0,81;2;3
1993-10-13 11:00:00Z;-0,82;2;3
1993-10-14 11:00:00Z;-0,83;2;3
1993-10-15 11:00:00Z;-0,84;2;3
1993-10-16 11:00:00Z;-0,85;2;3
1993-10-17 11:00:00Z;-0,86;2;3
1993-10-18 11:00:00Z;-0,87;2;3
1993-10-19 11:00:00Z;-0,88;2;3
1993-10-20 11:00:00Z;-0,89;2;3
1993-10-21 11:00:00Z;-0,9;2;3
1993-10-22 11:00:00Z;-0,91;2;3
1993-10-23 11:00:00Z;-0,92;2;3
1993-10-24 11:00:00Z;-0,93;2;3
1993-10-25 11:00:00Z;-0,94;2;3
1993-10-26 11:00:00Z;-0,95;2;3
1993-10-27 11:00:00Z;-0,96;2;3
1993-10-28 11:00:00Z;-0,97;2;3
1993-10-29 11:00:00Z;-0,98;2;3
1993-10-30 11:00:00Z;-0,99;2;3
1993-10-31 11:00:00Z;-1;0;3
1993-11-01 11:00:00Z;-0,75;0;3
1993-11-02 11:00:00Z;-0,78;2;3
1993-11-03 11:00:00Z;-0,82;2;3
1993-11-04 11:00:00Z;-0,85;2;3
1993-11-05 11:00:00Z;-0,89;2;3
1993-11-06 11:00:00Z;-0,92;2;3
1993-11-07 11:00:00Z;-0,96;2;3
1993-11-08 11:00:00Z;-0,99;2;3
1993-11-09 11:00:00Z;-1,03;2;3
1993-11-10 11:00:00Z;-1,06;2;3
1993-11-11 11:00:00Z;-1,09;2;3
1993-11-12 11:00:00Z;-1,13;2;3
1993-11-13 11:00:00Z;-1,16;2;3
1993-11-14 11:00:00Z;-1,2;2;3
1993-11-15 11:00:00Z;-1,23;2;3
1993-11-16 11:00:00Z;-1,27;2;3
1993-11-17 11:00:00Z;-1,3;2;3
1993-11-18 11:00:00Z;-1,34;2;3
1993-11-19 11:00:00Z;-1,37;2;3
1993-11-20 11:00:00Z;-1,41;2;3
1993-11-21 11:00:00Z;-1,44;2;3
1993-11-22 11:00:00Z;-1,47;2;3
1993-11-23 11:00:00Z;-1,51;2;3
1993-11-24 11:00:00Z;-1,54;2;3
1993-11-25 11:00:00Z;-1,58;2;3
1993-11-26 11:00:00Z;-1,61;2;3
1993-11-27 11:00:00Z;-1,65;2;3
1993-11-28 11:00:00Z;-1,68;2;3
1993-11-29 11:00:00Z;-1,72;2;3
1993-11-30 11:00:00Z;-1,75;0;3
1993-12-01 11:00:00Z;-1,76;2;3
1993-12-02 11:00:00Z;-1,78;2;3
1993-12-03 11:00:00Z;-1,79;2;3
1993-12-04 11:00:00Z;-1,81;2;3
1993-12-05 11:00:00Z;-1,82;2;3
1993-12-06 11:00:00Z;-1,84;2;3
1993-12-07 11:00:00Z;-1,85;2;3
1993-12-08 11:00:00Z;-1,87;2;3
1993-12-09 11:00:00Z;-1,88;2;3
1993-12-10 11:00:00Z;-1,9;2;3
1993-12-11 11:00:00Z;-1,91;2;3
1993-12-12 11:00:00Z;-1,92;2;3
1993-12-13 11:00:00Z;-1,94;2;3
1993-12-14 11:00:00Z;-1,95;2;3
1993-12-15 11:00:00Z;-1,97;2;3
1993-12-16 11:00:00Z;-1,98;2;3
1993-12-17 11:00:00Z;-2;2;3
1993-12-18 11:00:00Z;-2,01;2;3
1993-12-19 11:00:00Z;-2,03;2;3
1993-12-20 11:00:00Z;-2,04;2;3
1993-12-21 11:00:00Z;-2,05;2;3
1993-12-22 11:00:00Z;-2,07;2;3
1993-12-23 11:00:00Z;-2,08;2;3
1993-12-24 11:00:00Z;-2,1;2;3
1993-12-25 11:00:00Z;-2,11;2;3
1993-12-26 11:00:00Z;-2,13;2;3
1993-12-27 11:00:00Z;-2,14;2;3
1993-12-28 11:00:00Z;-2,16;2;3
1993-12-29 11:00:00Z;-2,17;2;3
1993-12-30 11:00:00Z;-2,19;2;3
1993-12-31 11:00:00Z;-2,2;0;3
1994-01-01 11:00:00Z;-2,21;2;3
1994-01-02 11:00:00Z;-2,22;2;3
1994-01-03 11:00:00Z;-2,22;2;3
1994-01-04 11:00:00Z;-2,23;0;3
1994-01-05 11:00:00Z;-2,37;2;3
1994-01-06 11:00:00Z;-2,51;2;3
1994-01-07 11:00:00Z;-2,65;2;3
1994-01-08 11:00:00Z;-2,78;2;3
1994-01-09 11:00:00Z;-2,92;2;3
1994-01-10 11:00:00Z;-3,06;2;3
1994-01-11 11:00:00Z;-3,2;0;3
1994-01-12 11:00:00Z;-3,26;2;3
1994-01-13 11:00:00Z;-3,33;2;3
1994-01-14 11:00:00Z;-3,39;2;3
1994-01-15 11:00:00Z;-3,45;2;3
1994-01-16 11:00:00Z;-3,51;2;3
1994-01-17 11:00:00Z;-3,58;2;3
1994-01-18 11:00:00Z;-3,64;2;3
1994-01-19 11:00:00Z;-3,7;0;3
1994-01-20 11:00:00Z;-3,73;2;3
1994-01-21 11:00:00Z;-3,77;2;3
1994-01-22 11:00:00Z;-3,8;2;3
1994-01-23 11:00:00Z;-3,83;2;3
1994-01-24 11:00:00Z;-3,87;2;3
1994-01-25 11:00:00Z;-3,9;0;3
1994-01-26 11:00:00Z;-3,89;2;3
1994-01-27 11:00:00Z;-3,89;2;3
1994-01-28 11:00:00Z;-3,88;2;3
1994-01-29 11:00:00Z;-3,87;2;3
1994-01-30 11:00:00Z;-3,86;2;3
1994-01-31 11:00:00Z;-3,86;2;3
1994-02-01 11:00:00Z;-3,85;1;3
1994-02-02 11:00:00Z;-3,83;2;3
1994-02-03 11:00:00Z;-3,81;2;3
1994-02-04 11:00:00Z;-3,79;2;3
1994-02-05 11:00:00Z;-3,76;2;3
1994-02-06 11:00:00Z;-3,74;2;3
1994-02-07 11:00:00Z;-3,72;2;3
1994-02-08 11:00:00Z;-3,7;0;3
1994-02-09 11:00:00Z;-3,71;2;3
1994-02-10 11:00:00Z;-3,73;2;3
1994-02-11 11:00:00Z;-3,74;2;3
1994-02-12 11:00:00Z;-3,76;2;3
1994-02-13 11:00:00Z;-3,77;2;3
1994-02-14 11:00:00Z;-3,79;2;3
1994-02-15 11:00:00Z;-3,8;0;3
1994-02-16 11:00:00Z;-3,8;2;3
1994-02-17 11:00:00Z;-3,8;2;3
1994-02-18 11:00:00Z;-3,8;2;3
1994-02-19 11:00:00Z;-3,8;2;3
1994-02-20 11:00:00Z;-3,8;2;3
1994-02-21 11:00:00Z;-3,8;2;3
1994-02-22 11:00:00Z;-3,8;0;3
1994-02-23 11:00:00Z;-3,8;2;3
1994-02-24 11:00:00Z;-3,8;2;3
1994-02-25 11:00:00Z;-3,8;2;3
1994-02-26 11:00:00Z;-3,8;2;3
1994-02-27 11:00:00Z;-3,8;2;3
1994-02-28 11:00:00Z;-3,8;1;3
1994-03-01 11:00:00Z;-3,8;1;3
1994-03-02 11:00:00Z;-3,8;2;3
1994-03-03 11:00:00Z;-3,8;2;3
1994-03-04 11:00:00Z;-3,8;2;3
1994-03-05 11:00:00Z;-3,8;2;3
1994-03-06 11:00:00Z;-3,8;2;3
1994-03-07 11:00:00Z;-3,8;2;3
1994-03-08 11:00:00Z;-3,8;0;3
1994-03-09 11:00:00Z;-3,8;2;3
1994-03-10 11:00:00Z;-3,8;2;3
1994-03-11 11:00:00Z;-3,8;2;3
1994-03-12 11:00:00Z;-3,8;2;3
1994-03-13 11:00:00Z;-3,8;2;3
1994-03-14 11:00:00Z;-3,8;2;3
1994-03-15 11:00:00Z;-3,8;0;3
1994-03-16 11:00:00Z;-3,8;2;3
1994-03-17 11:00:00Z;-3,8;2;3
1994-03-18 11:00:00Z;-3,8;2;3
1994-03-19 11:00:00Z;-3,8;2;3
1994-03-20 11:00:00Z;-3,8;2;3
1994-03-21 11:00:00Z;-3,8;2;3
1994-03-22 11:00:00Z;-3,8;0;3
1994-03-23 11:00:00Z;-3,8;2;3
1994-03-24 11:00:00Z;-3,8;2;3
1994-03-25 11:00:00Z;-3,8;2;3
1994-03-26 11:00:00Z;-3,8;2;3
1994-03-27 11:00:00Z;-3,8;2;3
1994-03-28 11:00:00Z;-3,8;2;3
1994-03-29 11:00:00Z;-3,8;0;3
1994-03-30 11:00:00Z;-3,79;2;3
1994-03-31 11:00:00Z;-3,77;2;3
1994-04-01 11:00:00Z;-3,76;2;3
1994-04-02 11:00:00Z;-3,74;2;3
1994-04-03 11:00:00Z;-3,73;2;3
1994-04-04 11:00:00Z;-3,71;2;3
1994-04-05 11:00:00Z;-3,7;0;3
1994-04-06 11:00:00Z;-3,7;2;3
1994-04-07 11:00:00Z;-3,7;2;3
1994-04-08 11:00:00Z;-3,7;2;3
1994-04-09 11:00:00Z;-3,7;2;3
1994-04-10 11:00:00Z;-3,7;2;3
1994-04-11 11:00:00Z;-3,7;2;3
1994-04-12 11:00:00Z;-3,7;1;3
1994-04-13 11:00:00Z;-3,67;2;3
1994-04-14 11:00:00Z;-3,64;2;3
1994-04-15 11:00:00Z;-3,61;2;3
1994-04-16 11:00:00Z;-3,59;2;3
1994-04-17 11:00:00Z;-3,56;2;3
1994-04-18 11:00:00Z;-3,53;2;3
1994-04-19 11:00:00Z;-3,5;0;3
1994-04-20 11:00:00Z;-3,48;2;3
1994-04-21 11:00:00Z;-3,46;2;3
1994-04-22 11:00:00Z;-3,44;2;3
1994-04-23 11:00:00Z;-3,41;2;3
1994-04-24 11:00:00Z;-3,39;2;3
1994-04-25 11:00:00Z;-3,37;2;3
1994-04-26 11:00:00Z;-3,35;0;3
1994-04-27 11:00:00Z;-3,06;2;3
1994-04-28 11:00:00Z;-2,76;2;3
1994-04-29 11:00:00Z;-2,47;2;3
1994-04-30 11:00:00Z;-2,18;2;3
1994-05-01 11:00:00Z;-1,89;2;3
1994-05-02 11:00:00Z;-1,59;2;3
1994-05-03 11:00:00Z;-1,3;0;3
1994-05-04 11:00:00Z;-1,26;2;3
1994-05-05 11:00:00Z;-1,22;2;3
1994-05-06 11:00:00Z;-1,18;2;3
1994-05-07 11:00:00Z;-1,13;2;3
1994-05-08 11:00:00Z;-1,09;2;3
1994-05-09 11:00:00Z;-1,05;2;3
1994-05-10 11:00:00Z;-1,01;0;3
1994-05-11 11:00:00Z;-1,06;2;3
1994-05-12 11:00:00Z;-1,11;2;3
1994-05-13 11:00:00Z;-1,16;2;3
1994-05-14 11:00:00Z;-1,2;2;3
1994-05-15 11:00:00Z;-1,25;2;3
1994-05-16 11:00:00Z;-1,3;2;3
1994-05-17 11:00:00Z;-1,35;0;3
1994-05-18 11:00:00Z;-1,42;2;3
1994-05-19 11:00:00Z;-1,49;2;3
1994-05-20 11:00:00Z;-1,56;2;3
1994-05-21 11:00:00Z;-1,64;2;3
1994-05-22 11:00:00Z;-1,71;2;3
1994-05-23 11:00:00Z;-1,78;2;3
1994-05-24 11:00:00Z;-1,85;0;3
1994-05-25 11:00:00Z;-1,88;2;3
1994-05-26 11:00:00Z;-1,91;2;3
1994-05-27 11:00:00Z;-1,94;2;3
1994-05-28 11:00:00Z;-1,96;2;3
1994-05-29 11:00:00Z;-1,99;2;3
1994-05-30 11:00:00Z;-2,02;2;3
1994-05-31 11:00:00Z;-2,05;0;3
1994-06-01 11:00:00Z;-2,05;2;3
1994-06-02 11:00:00Z;-2,04;2;3
1994-06-03 11:00:00Z;-2,04;2;3
1994-06-04 11:00:00Z;-2,03;2;3
1994-06-05 11:00:00Z;-2,03;2;3
1994-06-06 11:00:00Z;-2,02;2;3
1994-06-07 11:00:00Z;-2,02;0;3
1994-06-08 11:00:00Z;-1,94;2;3
1994-06-09 11:00:00Z;-1,86;2;3
1994-06-10 11:00:00Z;-1,78;2;3
1994-06-11 11:00:00Z;-1,69;2;3
1994-06-12 11:00:00Z;-1,61;2;3
1994-06-13 11:00:00Z;-1,53;2;3
1994-06-14 11:00:00Z;-1,45;0;3
1994-06-15 11:00:00Z;-1,38;2;3
1994-06-16 11:00:00Z;-1,31;2;3
1994-06-17 11:00:00Z;-1,24;2;3
1994-06-18 11:00:00Z;-1,16;2;3
1994-06-19 11:00:00Z;-1,09;2;3
1994-06-20 11:00:00Z;-1,02;2;3
1994-06-21 11:00:00Z;-0,95;0;3
1994-06-22 11:00:00Z;-0,97;2;3
1994-06-23 11:00:00Z;-0,99;2;3
1994-06-24 11:00:00Z;-1,01;2;3
1994-06-25 11:00:00Z;-1,04;2;3
1994-06-26 11:00:00Z;-1,06;2;3
1994-06-27 11:00:00Z;-1,08;2;3
1994-06-28 11:00:00Z;-1,1;0;3
1994-06-29 11:00:00Z;-0,97;2;3
1994-06-30 11:00:00Z;-0,84;2;3
1994-07-01 11:00:00Z;-0,71;2;3
1994-07-02 11:00:00Z;-0,59;2;3
1994-07-03 11:00:00Z;-0,46;2;3
1994-07-04 11:00:00Z;-0,33;2;3
1994-07-05 11:00:00Z;-0,2;0;3
1994-07-06 11:00:00Z;-0,25;2;3
1994-07-07 11:00:00Z;-0,29;2;3
1994-07-08 11:00:00Z;-0,34;2;3
1994-07-09 11:00:00Z;-0,39;2;3
1994-07-10 11:00:00Z;-0,44;2;3
1994-07-11 11:00:00Z;-0,48;2;3
1994-07-12 11:00:00Z;-0,53;0;3
1994-07-13 11:00:00Z;-0,58;2;3
1994-07-14 11:00:00Z;-0,63;2;3
1994-07-15 11:00:00Z;-0,68;2;3
1994-07-16 11:00:00Z;-0,74;2;3
1994-07-17 11:00:00Z;-0,79;2;3
1994-07-18 11:00:00Z;-0,84;0;3
1994-07-19 11:00:00Z;-0,87;2;3
1994-07-20 11:00:00Z;-0,9;2;3
1994-07-21 11:00:00Z;-0,94;2;3
1994-07-22 11:00:00Z;-0,97;2;3
1994-07-23 11:00:00Z;-1;2;3
1994-07-24 11:00:00Z;-1,03;2;3
1994-07-25 11:00:00Z;-1,07;2;3
1994-07-26 11:00:00Z;-1,1;0;3
1994-07-27 11:00:00Z;-1,18;2;3
1994-07-28 11:00:00Z;-1,25;2;3
1994-07-29 11:00:00Z;-1,33;2;3
1994-07-30 11:00:00Z;-1,4;2;3
1994-07-31 11:00:00Z;-1,48;2;3
1994-08-01 11:00:00Z;-1,55;2;3
1994-08-02 11:00:00Z;-1,63;1;3
1994-08-03 11:00:00Z;-1,68;2;3
1994-08-04 11:00:00Z;-1,74;2;3
1994-08-05 11:00:00Z;-1,79;2;3
1994-08-06 11:00:00Z;-1,84;2;3
1994-08-07 11:00:00Z;-1,89;2;3
1994-08-08 11:00:00Z;-1,95;2;3
1994-08-09 11:00:00Z;-2;0;3
1994-08-10 11:00:00Z;-1,98;2;3
1994-08-11 11:00:00Z;-1,95;2;3
1994-08-12 11:00:00Z;-1,93;2;3
1994-08-13 11:00:00Z;-1,9;2;3
1994-08-14 11:00:00Z;-1,88;2;3
1994-08-15 11:00:00Z;-1,85;2;3
1994-08-16 11:00:00Z;-1,83;0;3
1994-08-17 11:00:00Z;-1,83;2;3
1994-08-18 11:00:00Z;-1,82;2;3
1994-08-19 11:00:00Z;-1,82;2;3
1994-08-20 11:00:00Z;-1,81;2;3
1994-08-21 11:00:00Z;-1,81;2;3
1994-08-22 11:00:00Z;-1,8;2;3
1994-08-23 11:00:00Z;-1,8;0;3
1994-08-24 11:00:00Z;-1,79;2;3
1994-08-25 11:00:00Z;-1,77;2;3
1994-08-26 11:00:00Z;-1,76;2;3
1994-08-27 11:00:00Z;-1,74;2;3
1994-08-28 11:00:00Z;-1,73;2;3
1994-08-29 11:00:00Z;-1,71;2;3
1994-08-30 11:00:00Z;-1,7;0;3
1994-08-31 11:00:00Z;-1,72;2;3
1994-09-01 11:00:00Z;-1,74;2;3
1994-09-02 11:00:00Z;-1,76;2;3
1994-09-03 11:00:00Z;-1,79;2;3
1994-09-04 11:00:00Z;-1,81;2;3
1994-09-05 11:00:00Z;-1,83;2;3
1994-09-06 11:00:00Z;-1,85;0;3
1994-09-07 11:00:00Z;-1,89;2;3
1994-09-08 11:00:00Z;-1,94;2;3
1994-09-09 11:00:00Z;-1,98;2;3
1994-09-10 11:00:00Z;-2,02;2;3
1994-09-11 11:00:00Z;-2,06;2;3
1994-09-12 11:00:00Z;-2,11;2;3
1994-09-13 11:00:00Z;-2,15;0;3
1994-09-14 11:00:00Z;-2,18;2;3
1994-09-15 11:00:00Z;-2,21;2;3
1994-09-16 11:00:00Z;-2,24;2;3
1994-09-17 11:00:00Z;-2,26;2;3
1994-09-18 11:00:00Z;-2,29;2;3
1994-09-19 11:00:00Z;-2,32;2;3
1994-09-20 11:00:00Z;-2,35;1;3
1994-09-21 11:00:00Z;-2,29;2;3
1994-09-22 11:00:00Z;-2,24;2;3
1994-09-23 11:00:00Z;-2,18;2;3
1994-09-24 11:00:00Z;-2,12;2;3
1994-09-25 11:00:00Z;-2,06;2;3
1994-09-26 11:00:00Z;-2,01;2;3
1994-09-27 11:00:00Z;-1,95;0;3
1994-09-28 11:00:00Z;-1,78;2;3
1994-09-29 11:00:00Z;-1,61;2;3
1994-09-30 11:00:00Z;-1,44;2;3
1994-10-01 11:00:00Z;-1,26;2;3
1994-10-02 11:00:00Z;-1,09;2;3
1994-10-03 11:00:00Z;-0,92;2;3
1994-10-04 11:00:00Z;-0,75;0;3
1994-10-05 11:00:00Z;-0,64;2;3
1994-10-06 11:00:00Z;-0,54;2;3
1994-10-07 11:00:00Z;-0,43;2;3
1994-10-08 11:00:00Z;-0,32;2;3
1994-10-09 11:00:00Z;-0,21;2;3
1994-10-10 11:00:00Z;-0,11;2;3
1994-10-11 11:00:00Z;0;0;3
1994-10-12 11:00:00Z;0,01;2;3
1994-10-13 11:00:00Z;0,01;2;3
1994-10-14 11:00:00Z;0,02;2;3
1994-10-15 11:00:00Z;0,03;2;3
1994-10-16 11:00:00Z;0,04;2;3
1994-10-17 11:00:00Z;0,04;2;3
1994-10-18 11:00:00Z;0,05;0;3
1994-10-19 11:00:00Z;0,01;2;3
1994-10-20 11:00:00Z;-0,02;2;3
1994-10-21 11:00:00Z;-0,06;2;3
1994-10-22 11:00:00Z;-0,09;2;3
1994-10-23 11:00:00Z;-0,13;2;3
1994-10-24 11:00:00Z;-0,16;2;3
1994-10-25 11:00:00Z;-0,2;0;3
1994-10-26 11:00:00Z;-0,24;2;3
1994-10-27 11:00:00Z;-0,28;2;3
1994-10-28 11:00:00Z;-0,32;2;3
1994-10-29 11:00:00Z;-0,36;2;3
1994-10-30 11:00:00Z;-0,4;2;3
1994-10-31 11:00:00Z;-0,44;2;3
1994-11-01 11:00:00Z;-0,48;1;3
1994-11-02 11:00:00Z;-0,52;2;3
1994-11-03 11:00:00Z;-0,57;2;3
1994-11-04 11:00:00Z;-0,61;2;3
1994-11-05 11:00:00Z;-0,65;2;3
1994-11-06 11:00:00Z;-0,69;2;3
1994-11-07 11:00:00Z;-0,74;2;3
1994-11-08 11:00:00Z;-0,78;0;3
1994-11-09 11:00:00Z;-0,82;2;3
1994-11-10 11:00:00Z;-0,86;2;3
1994-11-11 11:00:00Z;-0,9;2;3
1994-11-12 11:00:00Z;-0,93;2;3
1994-11-13 11:00:00Z;-0,97;2;3
1994-11-14 11:00:00Z;-1,01;2;3
1994-11-15 11:00:00Z;-1,05;0;3
1994-11-16 11:00:00Z;-1,06;2;3
1994-11-17 11:00:00Z;-1,08;2;3
1994-11-18 11:00:00Z;-1,09;2;3
1994-11-19 11:00:00Z;-1,11;2;3
1994-11-20 11:00:00Z;-1,12;2;3
1994-11-21 11:00:00Z;-1,14;2;3
1994-11-22 11:00:00Z;-1,15;0;3
1994-11-23 11:00:00Z;-0,95;2;3
1994-11-24 11:00:00Z;-0,75;2;3
1994-11-25 11:00:00Z;-0,55;2;3
1994-11-26 11:00:00Z;-0,35;2;3
1994-11-27 11:00:00Z;-0,15;2;3
1994-11-28 11:00:00Z;0,05;2;3
1994-11-29 11:00:00Z;0,25;0;3
1994-11-30 11:00:00Z;0,2;2;3
1994-12-01 11:00:00Z;0,15;2;3
1994-12-02 11:00:00Z;0,1;2;3
1994-12-03 11:00:00Z;0,05;2;3
1994-12-04 11:00:00Z;0;2;3
1994-12-05 11:00:00Z;-0,05;2;3
1994-12-06 11:00:00Z;-0,1;0;3
1994-12-07 11:00:00Z;-0,13;2;3
1994-12-08 11:00:00Z;-0,15;2;3
1994-12-09 11:00:00Z;-0,18;2;3
1994-12-10 11:00:00Z;-0,2;2;3
1994-12-11 11:00:00Z;-0,23;2;3
1994-12-12 11:00:00Z;-0,25;2;3
1994-12-13 11:00:00Z;-0,28;0;3
1994-12-14 11:00:00Z;-0,33;2;3
1994-12-15 11:00:00Z;-0,39;2;3
1994-12-16 11:00:00Z;-0,44;2;3
1994-12-17 11:00:00Z;-0,49;2;3
1994-12-18 11:00:00Z;-0,54;2;3
1994-12-19 11:00:00Z;-0,6;2;3
1994-12-20 11:00:00Z;-0,65;0;3
1994-12-21 11:00:00Z;-0,59;2;3
1994-12-22 11:00:00Z;-0,54;2;3
1994-12-23 11:00:00Z;-0,48;2;3
1994-12-24 11:00:00Z;-0,42;2;3
1994-12-25 11:00:00Z;-0,36;2;3
1994-12-26 11:00:00Z;-0,31;2;3
1994-12-27 11:00:00Z;-0,25;0;3
1994-12-28 11:00:00Z;-0,31;2;3
1994-12-29 11:00:00Z;-0,36;2;3
1994-12-30 11:00:00Z;-0,41;2;3
1994-12-31 11:00:00Z;-0,47;0;3
1995-01-01 11:00:00Z;-0,54;2;3
1995-01-02 11:00:00Z;-0,6;2;3
1995-01-03 11:00:00Z;-0,67;0;3
1995-01-04 11:00:00Z;-0,7;2;3
1995-01-05 11:00:00Z;-0,74;2;3
1995-01-06 11:00:00Z;-0,77;2;3
1995-01-07 11:00:00Z;-0,8;2;3
1995-01-08 11:00:00Z;-0,83;2;3
1995-01-09 11:00:00Z;-0,87;2;3
1995-01-10 11:00:00Z;-0,9;0;3
1995-01-11 11:00:00Z;-0,93;2;3
1995-01-12 11:00:00Z;-0,96;2;3
1995-01-13 11:00:00Z;-0,99;2;3
1995-01-14 11:00:00Z;-1,01;2;3
1995-01-15 11:00:00Z;-1,04;2;3
1995-01-16 11:00:00Z;-1,07;2;3
1995-01-17 11:00:00Z;-1,1;0;3
1995-01-18 11:00:00Z;-1,15;2;3
1995-01-19 11:00:00Z;-1,2;2;3
1995-01-20 11:00:00Z;-1,25;2;3
1995-01-21 11:00:00Z;-1,3;2;3
1995-01-22 11:00:00Z;-1,35;2;3
1995-01-23 11:00:00Z;-1,4;2;3
1995-01-24 11:00:00Z;-1,45;0;3
1995-01-25 11:00:00Z;-1,49;2;3
1995-01-26 11:00:00Z;-1,54;2;3
1995-01-27 11:00:00Z;-1,58;2;3
1995-01-28 11:00:00Z;-1,62;2;3
1995-01-29 11:00:00Z;-1,66;2;3
1995-01-30 11:00:00Z;-1,71;2;3
1995-01-31 11:00:00Z;-1,75;0;3
1995-02-01 11:00:00Z;-1,76;2;3
1995-02-02 11:00:00Z;-1,76;2;3
1995-02-03 11:00:00Z;-1,77;2;3
1995-02-04 11:00:00Z;-1,78;2;3
1995-02-05 11:00:00Z;-1,79;2;3
1995-02-06 11:00:00Z;-1,79;2;3
1995-02-07 11:00:00Z;-1,8;0;3
1995-02-08 11:00:00Z;-1,81;2;3
1995-02-09 11:00:00Z;-1,83;2;3
1995-02-10 11:00:00Z;-1,84;2;3
1995-02-11 11:00:00Z;-1,86;2;3
1995-02-12 11:00:00Z;-1,87;2;3
1995-02-13 11:00:00Z;-1,89;2;3
1995-02-14 11:00:00Z;-1,9;0;3
1995-02-15 11:00:00Z;-1,94;2;3
1995-02-16 11:00:00Z;-1,99;2;3
1995-02-17 11:00:00Z;-2,03;2;3
1995-02-18 11:00:00Z;-2,07;2;3
1995-02-19 11:00:00Z;-2,11;2;3
1995-02-20 11:00:00Z;-2,16;2;3
1995-02-21 11:00:00Z;-2,2;0;3
1995-02-22 11:00:00Z;-2,29;2;3
1995-02-23 11:00:00Z;-2,39;2;3
1995-02-24 11:00:00Z;-2,48;2;3
1995-02-25 11:00:00Z;-2,57;2;3
1995-02-26 11:00:00Z;-2,66;2;3
1995-02-27 11:00:00Z;-2,76;2;3
1995-02-28 11:00:00Z;-2,85;0;3
1995-03-01 11:00:00Z;-2,91;2;3
1995-03-02 11:00:00Z;-2,96;2;3
1995-03-03 11:00:00Z;-3,02;2;3
1995-03-04 11:00:00Z;-3,08;2;3
1995-03-05 11:00:00Z;-3,14;2;3
1995-03-06 11:00:00Z;-3,19;2;3
1995-03-07 11:00:00Z;-3,25;0;3
1995-03-08 11:00:00Z;-3,29;2;3
1995-03-09 11:00:00Z;-3,32;2;3
1995-03-10 11:00:00Z;-3,36;2;3
1995-03-11 11:00:00Z;-3,39;2;3
1995-03-12 11:00:00Z;-3,43;2;3
1995-03-13 11:00:00Z;-3,46;2;3
1995-03-14 11:00:00Z;-3,5;0;3
1995-03-15 11:00:00Z;-3,5;2;3
1995-03-16 11:00:00Z;-3,5;2;3
1995-03-17 11:00:00Z;-3,5;2;3
1995-03-18 11:00:00Z;-3,5;2;3
1995-03-19 11:00:00Z;-3,5;2;3
1995-03-20 11:00:00Z;-3,5;2;3
1995-03-21 11:00:00Z;-3,5;0;3
1995-03-22 11:00:00Z;-3,36;2;3
1995-03-23 11:00:00Z;-3,21;2;3
1995-03-24 11:00:00Z;-3,07;2;3
1995-03-25 11:00:00Z;-2,93;2;3
1995-03-26 11:00:00Z;-2,79;2;3
1995-03-27 11:00:00Z;-2,64;2;3
1995-03-28 11:00:00Z;-2,5;0;3
1995-03-29 11:00:00Z;-2,41;2;3
1995-03-30 11:00:00Z;-2,33;2;3
1995-03-31 11:00:00Z;-2,24;2;3
1995-04-01 11:00:00Z;-2,16;2;3
1995-04-02 11:00:00Z;-2,07;2;3
1995-04-03 11:00:00Z;-1,99;2;3
1995-04-04 11:00:00Z;-1,9;0;3
1995-04-05 11:00:00Z;-1,94;2;3
1995-04-06 11:00:00Z;-1,97;2;3
1995-04-07 11:00:00Z;-2,01;2;3
1995-04-08 11:00:00Z;-2,04;2;3
1995-04-09 11:00:00Z;-2,08;2;3
1995-04-10 11:00:00Z;-2,11;2;3
1995-04-11 11:00:00Z;-2,15;0;3
1995-04-12 11:00:00Z;-2,1;2;3
1995-04-13 11:00:00Z;-2,05;2;3
1995-04-14 11:00:00Z;-2;2;3
1995-04-15 11:00:00Z;-1,95;2;3
1995-04-16 11:00:00Z;-1,9;2;3
1995-04-17 11:00:00Z;-1,85;2;3
1995-04-18 11:00:00Z;-1,8;0;3
1995-04-19 11:00:00Z;-1,74;2;3
1995-04-20 11:00:00Z;-1,69;2;3
1995-04-21 11:00:00Z;-1,63;2;3
1995-04-22 11:00:00Z;-1,57;2;3
1995-04-23 11:00:00Z;-1,51;2;3
1995-04-24 11:00:00Z;-1,46;2;3
1995-04-25 11:00:00Z;-1,4;0;3
1995-04-26 11:00:00Z;-1,39;2;3
1995-04-27 11:00:00Z;-1,39;2;3
1995-04-28 11:00:00Z;-1,38;2;3
1995-04-29 11:00:00Z;-1,37;2;3
1995-04-30 11:00:00Z;-1,36;2;3
1995-05-01 11:00:00Z;-1,36;2;3
1995-05-02 11:00:00Z;-1,35;0;3
1995-05-03 11:00:00Z;-1,22;2;3
1995-05-04 11:00:00Z;-1,09;2;3
1995-05-05 11:00:00Z;-0,96;2;3
1995-05-06 11:00:00Z;-0,83;2;3
1995-05-07 11:00:00Z;-0,69;2;3
1995-05-08 11:00:00Z;-0,56;2;3
1995-05-09 11:00:00Z;-0,43;2;3
1995-05-10 11:00:00Z;-0,3;0;3
1995-05-11 11:00:00Z;-0,28;2;3
1995-05-12 11:00:00Z;-0,26;2;3
1995-05-13 11:00:00Z;-0,24;2;3
1995-05-14 11:00:00Z;-0,22;2;3
1995-05-15 11:00:00Z;-0,2;2;3
1995-05-16 11:00:00Z;-0,18;0;3
1995-05-17 11:00:00Z;-0,16;2;3
1995-05-18 11:00:00Z;-0,14;2;3
1995-05-19 11:00:00Z;-0,12;2;3
1995-05-20 11:00:00Z;-0,1;2;3
1995-05-21 11:00:00Z;-0,08;2;3
1995-05-22 11:00:00Z;-0,06;2;3
1995-05-23 11:00:00Z;-0,04;0;3
1995-05-24 11:00:00Z;-0,03;2;3
1995-05-25 11:00:00Z;-0,02;2;3
1995-05-26 11:00:00Z;-0,01;2;3
1995-05-27 11:00:00Z;0;2;3
1995-05-28 11:00:00Z;0,01;2;3
1995-05-29 11:00:00Z;0,02;2;3
1995-05-30 11:00:00Z;0,03;0;3
1995-05-31 11:00:00Z;0,03;2;3
1995-06-01 11:00:00Z;0,04;2;3
1995-06-02 11:00:00Z;0,04;2;3
1995-06-03 11:00:00Z;0,04;2;3
1995-06-04 11:00:00Z;0,05;2;3
1995-06-05 11:00:00Z;0,05;0;3
1995-06-06 11:00:00Z;0,05;2;3
1995-06-07 11:00:00Z;0,04;2;3
1995-06-08 11:00:00Z;0,04;2;3
1995-06-09 11:00:00Z;0,03;2;3
1995-06-10 11:00:00Z;0,03;2;3
1995-06-11 11:00:00Z;0,02;2;3
1995-06-12 11:00:00Z;0,02;2;3
1995-06-13 11:00:00Z;0,01;0;3
1995-06-14 11:00:00Z;0;2;3
1995-06-15 11:00:00Z;-0,01;2;3
1995-06-16 11:00:00Z;-0,02;2;3
1995-06-17 11:00:00Z;-0,02;2;3
1995-06-18 11:00:00Z;-0,03;2;3
1995-06-19 11:00:00Z;-0,04;2;3
1995-06-20 11:00:00Z;-0,05;0;3
1995-06-21 11:00:00Z;-0,08;2;3
1995-06-22 11:00:00Z;-0,11;2;3
1995-06-23 11:00:00Z;-0,14;2;3
1995-06-24 11:00:00Z;-0,18;2;3
1995-06-25 11:00:00Z;-0,21;2;3
1995-06-26 11:00:00Z;-0,24;2;3
1995-06-27 11:00:00Z;-0,27;0;3
1995-06-28 11:00:00Z;-0,27;2;3
1995-06-29 11:00:00Z;-0,26;2;3
1995-06-30 11:00:00Z;-0,26;2;3
1995-07-01 11:00:00Z;-0,26;2;3
1995-07-02 11:00:00Z;-0,26;2;3
1995-07-03 11:00:00Z;-0,25;2;3
1995-07-04 11:00:00Z;-0,25;0;3
1995-07-05 11:00:00Z;-0,25;2;3
1995-07-06 11:00:00Z;-0,26;2;3
1995-07-07 11:00:00Z;-0,26;2;3
1995-07-08 11:00:00Z;-0,26;2;3
1995-07-09 11:00:00Z;-0,26;2;3
1995-07-10 11:00:00Z;-0,27;2;3
1995-07-11 11:00:00Z;-0,27;0;3
1995-07-12 11:00:00Z;-0,27;2;3
1995-07-13 11:00:00Z;-0,28;2;3
1995-07-14 11:00:00Z;-0,28;2;3
1995-07-15 11:00:00Z;-0,29;2;3
1995-07-16 11:00:00Z;-0,29;2;3
1995-07-17 11:00:00Z;-0,3;2;3
1995-07-18 11:00:00Z;-0,3;0;3
1995-07-19 11:00:00Z;-0,26;2;3
1995-07-20 11:00:00Z;-0,23;2;3
1995-07-21 11:00:00Z;-0,19;2;3
1995-07-22 11:00:00Z;-0,16;2;3
1995-07-23 11:00:00Z;-0,12;2;3
1995-07-24 11:00:00Z;-0,09;2;3
1995-07-25 11:00:00Z;-0,05;0;3
1995-07-26 11:00:00Z;-0,05;2;3
1995-07-27 11:00:00Z;-0,06;2;3
1995-07-28 11:00:00Z;-0,06;2;3
1995-07-29 11:00:00Z;-0,06;2;3
1995-07-30 11:00:00Z;-0,06;2;3
1995-07-31 11:00:00Z;-0,07;0;3
1995-08-01 11:00:00Z;-0,07;0;3
1995-08-02 11:00:00Z;-0,06;2;3
1995-08-03 11:00:00Z;-0,04;2;3
1995-08-04 11:00:00Z;-0,03;2;3
1995-08-05 11:00:00Z;-0,02;2;3
1995-08-06 11:00:00Z;-0,01;2;3
1995-08-07 11:00:00Z;0,01;2;3
1995-08-08 11:00:00Z;0,02;0;3
1995-08-09 11:00:00Z;0,02;2;3
1995-08-10 11:00:00Z;0,03;2;3
1995-08-11 11:00:00Z;0,03;2;3
1995-08-12 11:00:00Z;0,04;2;3
1995-08-13 11:00:00Z;0,04;2;3
1995-08-14 11:00:00Z;0,05;2;3
1995-08-15 11:00:00Z;0,05;0;3
1995-08-16 11:00:00Z;0,05;2;3
1995-08-17 11:00:00Z;0,04;2;3
1995-08-18 11:00:00Z;0,04;2;3
1995-08-19 11:00:00Z;0,04;2;3
1995-08-20 11:00:00Z;0,04;2;3
1995-08-21 11:00:00Z;0,03;2;3
1995-08-22 11:00:00Z;0,03;0;3
1995-08-23 11:00:00Z;0,04;2;3
1995-08-24 11:00:00Z;0,05;2;3
1995-08-25 11:00:00Z;0,06;2;3
1995-08-26 11:00:00Z;0,07;2;3
1995-08-27 11:00:00Z;0,08;2;3
1995-08-28 11:00:00Z;0,09;2;3
1995-08-29 11:00:00Z;0,1;0;3
1995-08-30 11:00:00Z;0,09;2;3
1995-08-31 11:00:00Z;0,07;2;3
1995-09-01 11:00:00Z;0,05;2;3
1995-09-02 11:00:00Z;0,04;2;3
1995-09-03 11:00:00Z;0,02;2;3
1995-09-04 11:00:00Z;0,01;2;3
1995-09-05 11:00:00Z;-0,01;2;3
1995-09-06 11:00:00Z;-0,02;0;3
1995-09-07 11:00:00Z;-0,05;2;3
1995-09-08 11:00:00Z;-0,09;2;3
1995-09-09 11:00:00Z;-0,12;2;3
1995-09-10 11:00:00Z;-0,15;2;3
1995-09-11 11:00:00Z;-0,19;2;3
1995-09-12 11:00:00Z;-0,22;0;3
1995-09-13 11:00:00Z;-0,27;2;3
1995-09-14 11:00:00Z;-0,32;2;3
1995-09-15 11:00:00Z;-0,37;2;3
1995-09-16 11:00:00Z;-0,41;2;3
1995-09-17 11:00:00Z;-0,46;2;3
1995-09-18 11:00:00Z;-0,51;2;3
1995-09-19 11:00:00Z;-0,56;0;3
1995-09-20 11:00:00Z;-0,54;2;3
1995-09-21 11:00:00Z;-0,51;2;3
1995-09-22 11:00:00Z;-0,49;2;3
1995-09-23 11:00:00Z;-0,47;2;3
1995-09-24 11:00:00Z;-0,45;2;3
1995-09-25 11:00:00Z;-0,42;2;3
1995-09-26 11:00:00Z;-0,4;0;3
1995-09-27 11:00:00Z;-0,35;2;3
1995-09-28 11:00:00Z;-0,31;2;3
1995-09-29 11:00:00Z;-0,26;2;3
1995-09-30 11:00:00Z;-0,21;2;3
1995-10-01 11:00:00Z;-0,16;2;3
1995-10-02 11:00:00Z;-0,12;2;3
1995-10-03 11:00:00Z;-0,07;0;3
1995-10-04 11:00:00Z;-0,08;2;3
1995-10-05 11:00:00Z;-0,09;2;3
1995-10-06 11:00:00Z;-0,1;2;3
1995-10-07 11:00:00Z;-0,12;2;3
1995-10-08 11:00:00Z;-0,13;2;3
1995-10-09 11:00:00Z;-0,14;2;3
1995-10-10 11:00:00Z;-0,15;0;3
1995-10-11 11:00:00Z;-0,17;2;3
1995-10-12 11:00:00Z;-0,19;2;3
1995-10-13 11:00:00Z;-0,21;2;3
1995-10-14 11:00:00Z;-0,24;2;3
1995-10-15 11:00:00Z;-0,26;2;3
1995-10-16 11:00:00Z;-0,28;2;3
1995-10-17 11:00:00Z;-0,3;0;3
1995-10-18 11:00:00Z;-0,25;2;3
1995-10-19 11:00:00Z;-0,2;2;3
1995-10-20 11:00:00Z;-0,15;2;3
1995-10-21 11:00:00Z;-0,1;2;3
1995-10-22 11:00:00Z;-0,05;2;3
1995-10-23 11:00:00Z;0;2;3
1995-10-24 11:00:00Z;0,05;0;3
1995-10-25 11:00:00Z;0,04;2;3
1995-10-26 11:00:00Z;0,04;2;3
1995-10-27 11:00:00Z;0,03;2;3
1995-10-28 11:00:00Z;0,03;2;3
1995-10-29 11:00:00Z;0,02;2;3
1995-10-30 11:00:00Z;0,02;2;3
1995-10-31 11:00:00Z;0,01;0;3
1995-11-01 11:00:00Z;-0,01;2;3
1995-11-02 11:00:00Z;-0,04;2;3
1995-11-03 11:00:00Z;-0,06;2;3
1995-11-04 11:00:00Z;-0,08;2;3
1995-11-05 11:00:00Z;-0,1;2;3
1995-11-06 11:00:00Z;-0,13;2;3
1995-11-07 11:00:00Z;-0,15;0;3
1995-11-08 11:00:00Z;-0,16;2;3
1995-11-09 11:00:00Z;-0,16;2;3
1995-11-10 11:00:00Z;-0,17;2;3
1995-11-11 11:00:00Z;-0,18;2;3
1995-11-12 11:00:00Z;-0,19;2;3
1995-11-13 11:00:00Z;-0,19;2;3
1995-11-14 11:00:00Z;-0,2;0;3
1995-11-15 11:00:00Z;-0,19;2;3
1995-11-16 11:00:00Z;-0,19;2;3
1995-11-17 11:00:00Z;-0,18;2;3
1995-11-18 11:00:00Z;-0,17;2;3
1995-11-19 11:00:00Z;-0,16;2;3
1995-11-20 11:00:00Z;-0,16;2;3
1995-11-21 11:00:00Z;-0,15;0;3
1995-11-22 11:00:00Z;-0,14;2;3
1995-11-23 11:00:00Z;-0,13;2;3
1995-11-24 11:00:00Z;-0,12;2;3
1995-11-25 11:00:00Z;-0,1;2;3
1995-11-26 11:00:00Z;-0,09;2;3
1995-11-27 11:00:00Z;-0,08;2;3
1995-11-28 11:00:00Z;-0,07;0;3
1995-11-29 11:00:00Z;-0,11;2;3
1995-11-30 11:00:00Z;-0,15;2;3
1995-12-01 11:00:00Z;-0,19;2;3
1995-12-02 11:00:00Z;-0,23;2;3
1995-12-03 11:00:00Z;-0,27;2;3
1995-12-04 11:00:00Z;-0,31;2;3
1995-12-05 11:00:00Z;-0,35;0;3
1995-12-06 11:00:00Z;-0,4;2;3
1995-12-07 11:00:00Z;-0,45;2;3
1995-12-08 11:00:00Z;-0,5;2;3
1995-12-09 11:00:00Z;-0,55;2;3
1995-12-10 11:00:00Z;-0,6;2;3
1995-12-11 11:00:00Z;-0,65;2;3
1995-12-12 11:00:00Z;-0,7;0;3
1995-12-13 11:00:00Z;-0,67;2;3
1995-12-14 11:00:00Z;-0,64;2;3
1995-12-15 11:00:00Z;-0,61;2;3
1995-12-16 11:00:00Z;-0,59;2;3
1995-12-17 11:00:00Z;-0,56;2;3
1995-12-18 11:00:00Z;-0,53;2;3
1995-12-19 11:00:00Z;-0,5;0;3
1995-12-20 11:00:00Z;-0,54;2;3
1995-12-21 11:00:00Z;-0,57;2;3
1995-12-22 11:00:00Z;-0,61;2;3
1995-12-23 11:00:00Z;-0,64;2;3
1995-12-24 11:00:00Z;-0,68;2;3
1995-12-25 11:00:00Z;-0,71;2;3
1995-12-26 11:00:00Z;-0,75;0;3
1995-12-27 11:00:00Z;-0,78;2;3
1995-12-28 11:00:00Z;-0,81;2;3
1995-12-29 11:00:00Z;-0,84;2;3
1995-12-30 11:00:00Z;-0,87;2;3
1995-12-31 11:00:00Z;-0,9;0;3
1996-01-01 11:00:00Z;-0,88;2;3
1996-01-02 11:00:00Z;-0,85;0;3
1996-01-03 11:00:00Z;-0,93;2;3
1996-01-04 11:00:00Z;-1,01;2;3
1996-01-05 11:00:00Z;-1,09;2;3
1996-01-06 11:00:00Z;-1,16;2;3
1996-01-07 11:00:00Z;-1,24;2;3
1996-01-08 11:00:00Z;-1,32;2;3
1996-01-09 11:00:00Z;-1,4;0;3
1996-01-10 11:00:00Z;-1,46;2;3
1996-01-11 11:00:00Z;-1,53;2;3
1996-01-12 11:00:00Z;-1,59;2;3
1996-01-13 11:00:00Z;-1,66;2;3
1996-01-14 11:00:00Z;-1,72;2;3
1996-01-15 11:00:00Z;-1,79;2;3
1996-01-16 11:00:00Z;-1,85;0;3
1996-01-17 11:00:00Z;-1,91;2;3
1996-01-18 11:00:00Z;-1,96;2;3
1996-01-19 11:00:00Z;-2,02;2;3
1996-01-20 11:00:00Z;-2,08;2;3
1996-01-21 11:00:00Z;-2,14;2;3
1996-01-22 11:00:00Z;-2,19;2;3
1996-01-23 11:00:00Z;-2,25;0;3
1996-01-24 11:00:00Z;-2,3;2;3
1996-01-25 11:00:00Z;-2,35;2;3
1996-01-26 11:00:00Z;-2,4;2;3
1996-01-27 11:00:00Z;-2,45;2;3
1996-01-28 11:00:00Z;-2,5;2;3
1996-01-29 11:00:00Z;-2,55;2;3
1996-01-30 11:00:00Z;-2,6;0;3
1996-01-31 11:00:00Z;-2,73;2;3
1996-02-01 11:00:00Z;-2,86;2;3
1996-02-02 11:00:00Z;-2,99;2;3
1996-02-03 11:00:00Z;-3,11;2;3
1996-02-04 11:00:00Z;-3,24;2;3
1996-02-05 11:00:00Z;-3,37;2;3
1996-02-06 11:00:00Z;-3,5;0;3
1996-02-07 11:00:00Z;-3,5;2;3
1996-02-08 11:00:00Z;-3,5;2;3
1996-02-09 11:00:00Z;-3,5;2;3
1996-02-10 11:00:00Z;-3,5;2;3
1996-02-11 11:00:00Z;-3,5;2;3
1996-02-12 11:00:00Z;-3,5;2;3
1996-02-13 11:00:00Z;-3,5;0;3
1996-02-14 11:00:00Z;-3,5;2;3
1996-02-15 11:00:00Z;-3,5;2;3
1996-02-16 11:00:00Z;-3,5;2;3
1996-02-17 11:00:00Z;-3,5;2;3
1996-02-18 11:00:00Z;-3,5;2;3
1996-02-19 11:00:00Z;-3,5;2;3
1996-02-20 11:00:00Z;-3,5;0;3
1996-02-21 11:00:00Z;-3,5;2;3
1996-02-22 11:00:00Z;-3,5;2;3
1996-02-23 11:00:00Z;-3,5;2;3
1996-02-24 11:00:00Z;-3,5;2;3
1996-02-25 11:00:00Z;-3,5;2;3
1996-02-26 11:00:00Z;-3,5;2;3
1996-02-27 11:00:00Z;-3,5;0;3
1996-02-28 11:00:00Z;-3,5;2;3
1996-02-29 11:00:00Z;-3,5;2;3
1996-03-01 11:00:00Z;-3,5;2;3
1996-03-02 11:00:00Z;-3,5;2;3
1996-03-03 11:00:00Z;-3,5;2;3
1996-03-04 11:00:00Z;-3,5;2;3
1996-03-05 11:00:00Z;-3,5;0;3
1996-03-06 11:00:00Z;-3,5;2;3
1996-03-07 11:00:00Z;-3,5;2;3
1996-03-08 11:00:00Z;-3,5;2;3
1996-03-09 11:00:00Z;-3,5;2;3
1996-03-10 11:00:00Z;-3,5;2;3
1996-03-11 11:00:00Z;-3,5;2;3
1996-03-12 11:00:00Z;-3,5;0;3
1996-03-13 11:00:00Z;-3,5;2;3
1996-03-14 11:00:00Z;-3,5;2;3
1996-03-15 11:00:00Z;-3,5;2;3
1996-03-16 11:00:00Z;-3,5;2;3
1996-03-17 11:00:00Z;-3,5;2;3
1996-03-18 11:00:00Z;-3,5;2;3
1996-03-19 11:00:00Z;-3,5;0;3
1996-03-20 11:00:00Z;-3,5;2;3
1996-03-21 11:00:00Z;-3,5;2;3
1996-03-22 11:00:00Z;-3,5;2;3
1996-03-23 11:00:00Z;-3,5;2;3
1996-03-24 11:00:00Z;-3,5;2;3
1996-03-25 11:00:00Z;-3,5;2;3
1996-03-26 11:00:00Z;-3,5;0;3
1996-03-27 11:00:00Z;-3,5;2;3
1996-03-28 11:00:00Z;-3,5;2;3
1996-03-29 11:00:00Z;-3,5;2;3
1996-03-30 11:00:00Z;-3,5;2;3
1996-03-31 11:00:00Z;-3,5;0;3
1996-04-01 11:00:00Z;-3,5;2;3
1996-04-02 11:00:00Z;-3,5;2;3
1996-04-03 11:00:00Z;-3,5;2;3
1996-04-04 11:00:00Z;-3,5;2;3
1996-04-05 11:00:00Z;-3,5;2;3
1996-04-06 11:00:00Z;-3,5;2;3
1996-04-07 11:00:00Z;-3,5;2;3
1996-04-08 11:00:00Z;-3,5;2;3
1996-04-09 11:00:00Z;-3,5;0;3
1996-04-10 11:00:00Z;-3,5;2;3
1996-04-11 11:00:00Z;-3,5;2;3
1996-04-12 11:00:00Z;-3,5;2;3
1996-04-13 11:00:00Z;-3,5;2;3
1996-04-14 11:00:00Z;-3,5;2;3
1996-04-15 11:00:00Z;-3,5;2;3
1996-04-16 11:00:00Z;-3,5;0;3
1996-04-17 11:00:00Z;-3,33;2;3
1996-04-18 11:00:00Z;-3,16;2;3
1996-04-19 11:00:00Z;-2,99;2;3
1996-04-20 11:00:00Z;-2,81;2;3
1996-04-21 11:00:00Z;-2,64;2;3
1996-04-22 11:00:00Z;-2,47;2;3
1996-04-23 11:00:00Z;-2,3;0;3
1996-04-24 11:00:00Z;-2,1;2;3
1996-04-25 11:00:00Z;-1,9;2;3
1996-04-26 11:00:00Z;-1,7;2;3
1996-04-27 11:00:00Z;-1,5;2;3
1996-04-28 11:00:00Z;-1,3;2;3
1996-04-29 11:00:00Z;-1,1;2;3
1996-04-30 11:00:00Z;-0,9;0;3
1996-05-01 11:00:00Z;-0,94;2;3
1996-05-02 11:00:00Z;-0,99;2;3
1996-05-03 11:00:00Z;-1,03;2;3
1996-05-04 11:00:00Z;-1,07;2;3
1996-05-05 11:00:00Z;-1,11;2;3
1996-05-06 11:00:00Z;-1,16;2;3
1996-05-07 11:00:00Z;-1,2;0;3
1996-05-08 11:00:00Z;-1,3;2;3
1996-05-09 11:00:00Z;-1,4;2;3
1996-05-10 11:00:00Z;-1,5;2;3
1996-05-11 11:00:00Z;-1,6;2;3
1996-05-12 11:00:00Z;-1,7;2;3
1996-05-13 11:00:00Z;-1,8;2;3
1996-05-14 11:00:00Z;-1,9;0;3
1996-05-15 11:00:00Z;-1,96;2;3
1996-05-16 11:00:00Z;-2,01;2;3
1996-05-17 11:00:00Z;-2,07;2;3
1996-05-18 11:00:00Z;-2,13;2;3
1996-05-19 11:00:00Z;-2,19;2;3
1996-05-20 11:00:00Z;-2,24;2;3
1996-05-21 11:00:00Z;-2,3;0;3
1996-05-22 11:00:00Z;-2,39;2;3
1996-05-23 11:00:00Z;-2,49;2;3
1996-05-24 11:00:00Z;-2,58;2;3
1996-05-25 11:00:00Z;-2,67;2;3
1996-05-26 11:00:00Z;-2,76;2;3
1996-05-27 11:00:00Z;-2,86;2;3
1996-05-28 11:00:00Z;-2,95;0;3
1996-05-29 11:00:00Z;-3,03;2;3
1996-05-30 11:00:00Z;-3,11;2;3
1996-05-31 11:00:00Z;-3,19;2;3
1996-06-01 11:00:00Z;-3,26;2;3
1996-06-02 11:00:00Z;-3,34;2;3
1996-06-03 11:00:00Z;-3,42;2;3
1996-06-04 11:00:00Z;-3,5;0;3
1996-06-05 11:00:00Z;-3,5;2;3
1996-06-06 11:00:00Z;-3,5;2;3
1996-06-07 11:00:00Z;-3,5;2;3
1996-06-08 11:00:00Z;-3,5;2;3
1996-06-09 11:00:00Z;-3,5;2;3
1996-06-10 11:00:00Z;-3,5;2;3
1996-06-11 11:00:00Z;-3,5;0;3
1996-06-12 11:00:00Z;-3,34;2;3
1996-06-13 11:00:00Z;-3,19;2;3
1996-06-14 11:00:00Z;-3,03;2;3
1996-06-15 11:00:00Z;-2,87;2;3
1996-06-16 11:00:00Z;-2,71;2;3
1996-06-17 11:00:00Z;-2,56;2;3
1996-06-18 11:00:00Z;-2,4;0;3
1996-06-19 11:00:00Z;-2,49;2;3
1996-06-20 11:00:00Z;-2,57;2;3
1996-06-21 11:00:00Z;-2,66;2;3
1996-06-22 11:00:00Z;-2,74;2;3
1996-06-23 11:00:00Z;-2,83;2;3
1996-06-24 11:00:00Z;-2,91;2;3
1996-06-25 11:00:00Z;-3;0;3
1996-06-26 11:00:00Z;-3,1;2;3
1996-06-27 11:00:00Z;-3,2;2;3
1996-06-28 11:00:00Z;-3,3;2;3
1996-06-29 11:00:00Z;-3,4;2;3
1996-06-30 11:00:00Z;-3,5;0;3
1996-07-01 11:00:00Z;-3,5;2;3
1996-07-02 11:00:00Z;-3,5;2;3
1996-07-03 11:00:00Z;-3,5;2;3
1996-07-04 11:00:00Z;-3,5;2;3
1996-07-05 11:00:00Z;-3,5;2;3
1996-07-06 11:00:00Z;-3,5;2;3
1996-07-07 11:00:00Z;-3,5;2;3
1996-07-08 11:00:00Z;-3,5;2;3
1996-07-09 11:00:00Z;-3,5;0;3
1996-07-10 11:00:00Z;-3,5;2;3
1996-07-11 11:00:00Z;-3,5;2;3
1996-07-12 11:00:00Z;-3,5;2;3
1996-07-13 11:00:00Z;-3,5;2;3
1996-07-14 11:00:00Z;-3,5;2;3
1996-07-15 11:00:00Z;-3,5;2;3
1996-07-16 11:00:00Z;-3,5;0;3
1996-07-17 11:00:00Z;-3,44;2;3
1996-07-18 11:00:00Z;-3,39;2;3
1996-07-19 11:00:00Z;-3,33;2;3
1996-07-20 11:00:00Z;-3,27;2;3
1996-07-21 11:00:00Z;-3,21;2;3
1996-07-22 11:00:00Z;-3,16;2;3
1996-07-23 11:00:00Z;-3,1;0;3
1996-07-24 11:00:00Z;-3,09;2;3
1996-07-25 11:00:00Z;-3,07;2;3
1996-07-26 11:00:00Z;-3,06;2;3
1996-07-27 11:00:00Z;-3,04;2;3
1996-07-28 11:00:00Z;-3,03;2;3
1996-07-29 11:00:00Z;-3,01;2;3
1996-07-30 11:00:00Z;-3;0;3
1996-07-31 11:00:00Z;-2,91;2;3
1996-08-01 11:00:00Z;-2,83;2;3
1996-08-02 11:00:00Z;-2,74;2;3
1996-08-03 11:00:00Z;-2,66;2;3
1996-08-04 11:00:00Z;-2,57;2;3
1996-08-05 11:00:00Z;-2,49;2;3
1996-08-06 11:00:00Z;-2,4;0;3
1996-08-07 11:00:00Z;-2,4;2;3
1996-08-08 11:00:00Z;-2,4;2;3
1996-08-09 11:00:00Z;-2,4;2;3
1996-08-10 11:00:00Z;-2,4;2;3
1996-08-11 11:00:00Z;-2,4;2;3
1996-08-12 11:00:00Z;-2,4;2;3
1996-08-13 11:00:00Z;-2,4;0;3
1996-08-14 11:00:00Z;-2,44;2;3
1996-08-15 11:00:00Z;-2,49;2;3
1996-08-16 11:00:00Z;-2,53;2;3
1996-08-17 11:00:00Z;-2,57;2;3
1996-08-18 11:00:00Z;-2,61;2;3
1996-08-19 11:00:00Z;-2,66;2;3
1996-08-20 11:00:00Z;-2,7;0;3
1996-08-21 11:00:00Z;-2,76;2;3
1996-08-22 11:00:00Z;-2,81;2;3
1996-08-23 11:00:00Z;-2,87;2;3
1996-08-24 11:00:00Z;-2,93;2;3
1996-08-25 11:00:00Z;-2,99;2;3
1996-08-26 11:00:00Z;-3,04;2;3
1996-08-27 11:00:00Z;-3,1;0;3
1996-08-28 11:00:00Z;-3,15;2;3
1996-08-29 11:00:00Z;-3,2;2;3
1996-08-30 11:00:00Z;-3,25;2;3
1996-08-31 11:00:00Z;-3,3;0;3
1996-09-01 11:00:00Z;-3,27;2;3
1996-09-02 11:00:00Z;-3,24;2;3
1996-09-03 11:00:00Z;-3,21;2;3
1996-09-04 11:00:00Z;-3,18;2;3
1996-09-05 11:00:00Z;-3,15;2;3
1996-09-06 11:00:00Z;-3,12;2;3
1996-09-07 11:00:00Z;-3,09;2;3
1996-09-08 11:00:00Z;-3,06;2;3
1996-09-09 11:00:00Z;-3,03;2;3
1996-09-10 11:00:00Z;-3;0;3
1996-09-11 11:00:00Z;-3,03;2;3
1996-09-12 11:00:00Z;-3,06;2;3
1996-09-13 11:00:00Z;-3,09;2;3
1996-09-14 11:00:00Z;-3,11;2;3
1996-09-15 11:00:00Z;-3,14;2;3
1996-09-16 11:00:00Z;-3,17;2;3
1996-09-17 11:00:00Z;-3,2;0;3
1996-09-18 11:00:00Z;-3,21;2;3
1996-09-19 11:00:00Z;-3,23;2;3
1996-09-20 11:00:00Z;-3,24;2;3
1996-09-21 11:00:00Z;-3,26;2;3
1996-09-22 11:00:00Z;-3,27;2;3
1996-09-23 11:00:00Z;-3,29;2;3
1996-09-24 11:00:00Z;-3,3;0;3
1996-09-25 11:00:00Z;-3,24;2;3
1996-09-26 11:00:00Z;-3,17;2;3
1996-09-27 11:00:00Z;-3,11;2;3
1996-09-28 11:00:00Z;-3,04;2;3
1996-09-29 11:00:00Z;-2,98;2;3
1996-09-30 11:00:00Z;-2,91;2;3
1996-10-01 11:00:00Z;-2,85;2;3
1996-10-02 11:00:00Z;-2,79;2;3
1996-10-03 11:00:00Z;-2,72;2;3
1996-10-04 11:00:00Z;-2,66;2;3
1996-10-05 11:00:00Z;-2,59;2;3
1996-10-06 11:00:00Z;-2,53;2;3
1996-10-07 11:00:00Z;-2,46;2;3
1996-10-08 11:00:00Z;-2,4;0;3
1996-10-09 11:00:00Z;-2,33;2;3
1996-10-10 11:00:00Z;-2,26;2;3
1996-10-11 11:00:00Z;-2,19;2;3
1996-10-12 11:00:00Z;-2,11;2;3
1996-10-13 11:00:00Z;-2,04;2;3
1996-10-14 11:00:00Z;-1,97;2;3
1996-10-15 11:00:00Z;-1,9;0;3
1996-10-16 11:00:00Z;-1,91;2;3
1996-10-17 11:00:00Z;-1,93;2;3
1996-10-18 11:00:00Z;-1,94;2;3
1996-10-19 11:00:00Z;-1,96;2;3
1996-10-20 11:00:00Z;-1,97;2;3
1996-10-21 11:00:00Z;-1,99;2;3
1996-10-22 11:00:00Z;-2;0;3
1996-10-23 11:00:00Z;-1,99;2;3
1996-10-24 11:00:00Z;-1,99;2;3
1996-10-25 11:00:00Z;-1,98;2;3
1996-10-26 11:00:00Z;-1,97;2;3
1996-10-27 11:00:00Z;-1,96;2;3
1996-10-28 11:00:00Z;-1,96;2;3
1996-10-29 11:00:00Z;-1,95;0;3
1996-10-30 11:00:00Z;-1,94;2;3
1996-10-31 11:00:00Z;-1,94;2;3
1996-11-01 11:00:00Z;-1,93;2;3
1996-11-02 11:00:00Z;-1,92;2;3
1996-11-03 11:00:00Z;-1,91;2;3
1996-11-04 11:00:00Z;-1,91;2;3
1996-11-05 11:00:00Z;-1,9;0;3
1996-11-06 11:00:00Z;-1,87;2;3
1996-11-07 11:00:00Z;-1,84;2;3
1996-11-08 11:00:00Z;-1,81;2;3
1996-11-09 11:00:00Z;-1,79;2;3
1996-11-10 11:00:00Z;-1,76;2;3
1996-11-11 11:00:00Z;-1,73;2;3
1996-11-12 11:00:00Z;-1,7;0;3
1996-11-13 11:00:00Z;-1,57;2;3
1996-11-14 11:00:00Z;-1,44;2;3
1996-11-15 11:00:00Z;-1,31;2;3
1996-11-16 11:00:00Z;-1,19;2;3
1996-11-17 11:00:00Z;-1,06;2;3
1996-11-18 11:00:00Z;-0,93;2;3
1996-11-19 11:00:00Z;-0,8;0;3
1996-11-20 11:00:00Z;-0,79;2;3
1996-11-21 11:00:00Z;-0,79;2;3
1996-11-22 11:00:00Z;-0,78;2;3
1996-11-23 11:00:00Z;-0,77;2;3
1996-11-24 11:00:00Z;-0,76;2;3
1996-11-25 11:00:00Z;-0,76;2;3
1996-11-26 11:00:00Z;-0,75;0;3
1996-11-27 11:00:00Z;-0,73;2;3
1996-11-28 11:00:00Z;-0,7;2;3
1996-11-29 11:00:00Z;-0,68;2;3
1996-11-30 11:00:00Z;-0,65;2;3
1996-12-01 11:00:00Z;-0,62;2;3
1996-12-02 11:00:00Z;-0,6;2;3
1996-12-03 11:00:00Z;-0,57;2;3
1996-12-04 11:00:00Z;-0,55;2;3
1996-12-05 11:00:00Z;-0,52;2;3
1996-12-06 11:00:00Z;-0,5;2;3
1996-12-07 11:00:00Z;-0,47;2;3
1996-12-08 11:00:00Z;-0,45;2;3
1996-12-09 11:00:00Z;-0,42;2;3
1996-12-10 11:00:00Z;-0,4;0;3
1996-12-11 11:00:00Z;-0,35;2;3
1996-12-12 11:00:00Z;-0,3;2;3
1996-12-13 11:00:00Z;-0,25;2;3
1996-12-14 11:00:00Z;-0,2;2;3
1996-12-15 11:00:00Z;-0,15;2;3
1996-12-16 11:00:00Z;-0,1;2;3
1996-12-17 11:00:00Z;-0,05;0;3
1996-12-18 11:00:00Z;-0,11;2;3
1996-12-19 11:00:00Z;-0,18;2;3
1996-12-20 11:00:00Z;-0,24;2;3
1996-12-21 11:00:00Z;-0,31;2;3
1996-12-22 11:00:00Z;-0,37;2;3
1996-12-23 11:00:00Z;-0,44;2;3
1996-12-24 11:00:00Z;-0,5;0;3
1996-12-25 11:00:00Z;-0,51;2;3
1996-12-26 11:00:00Z;-0,53;2;3
1996-12-27 11:00:00Z;-0,54;2;3
1996-12-28 11:00:00Z;-0,56;2;3
1996-12-29 11:00:00Z;-0,57;2;3
1996-12-30 11:00:00Z;-0,59;2;3
1996-12-31 11:00:00Z;-0,6;0;3
1997-01-01 11:00:00Z;-0,65;2;3
1997-01-02 11:00:00Z;-0,7;2;3
1997-01-03 11:00:00Z;-0,75;2;3
1997-01-04 11:00:00Z;-0,8;2;3
1997-01-05 11:00:00Z;-0,85;2;3
1997-01-06 11:00:00Z;-0,9;2;3
1997-01-07 11:00:00Z;-0,95;0;3
1997-01-08 11:00:00Z;-0,89;2;3
1997-01-09 11:00:00Z;-0,82;2;3
1997-01-10 11:00:00Z;-0,76;2;3
1997-01-11 11:00:00Z;-0,69;2;3
1997-01-12 11:00:00Z;-0,63;2;3
1997-01-13 11:00:00Z;-0,56;2;3
1997-01-14 11:00:00Z;-0,5;0;3
1997-01-15 11:00:00Z;-0,41;2;3
1997-01-16 11:00:00Z;-0,31;2;3
1997-01-17 11:00:00Z;-0,22;2;3
1997-01-18 11:00:00Z;-0,13;2;3
1997-01-19 11:00:00Z;-0,04;2;3
1997-01-20 11:00:00Z;0,06;2;3
1997-01-21 11:00:00Z;0,15;0;3
1997-01-22 11:00:00Z;0,13;2;3
1997-01-23 11:00:00Z;0,1;2;3
1997-01-24 11:00:00Z;0,08;2;3
1997-01-25 11:00:00Z;0,05;2;3
1997-01-26 11:00:00Z;0,03;2;3
1997-01-27 11:00:00Z;0;2;3
1997-01-28 11:00:00Z;-0,02;0;3
1997-01-29 11:00:00Z;-0,02;2;3
1997-01-30 11:00:00Z;-0,01;2;3
1997-01-31 11:00:00Z;-0,01;2;3
1997-02-01 11:00:00Z;-0,01;2;3
1997-02-02 11:00:00Z;-0,01;2;3
1997-02-03 11:00:00Z;0;2;3
1997-02-04 11:00:00Z;0;0;3
1997-02-05 11:00:00Z;-0,01;2;3
1997-02-06 11:00:00Z;-0,02;2;3
1997-02-07 11:00:00Z;-0,03;2;3
1997-02-08 11:00:00Z;-0,04;2;3
1997-02-09 11:00:00Z;-0,05;2;3
1997-02-10 11:00:00Z;-0,06;2;3
1997-02-11 11:00:00Z;-0,07;0;3
1997-02-12 11:00:00Z;-0,08;2;3
1997-02-13 11:00:00Z;-0,08;2;3
1997-02-14 11:00:00Z;-0,09;2;3
1997-02-15 11:00:00Z;-0,1;2;3
1997-02-16 11:00:00Z;-0,11;2;3
1997-02-17 11:00:00Z;-0,11;2;3
1997-02-18 11:00:00Z;-0,12;0;3
1997-02-19 11:00:00Z;-0,17;2;3
1997-02-20 11:00:00Z;-0,21;2;3
1997-02-21 11:00:00Z;-0,26;2;3
1997-02-22 11:00:00Z;-0,31;2;3
1997-02-23 11:00:00Z;-0,36;2;3
1997-02-24 11:00:00Z;-0,4;2;3
1997-02-25 11:00:00Z;-0,45;0;3
1997-02-26 11:00:00Z;-0,51;2;3
1997-02-27 11:00:00Z;-0,58;2;3
1997-02-28 11:00:00Z;-0,64;2;3
1997-03-01 11:00:00Z;-0,71;2;3
1997-03-02 11:00:00Z;-0,77;2;3
1997-03-03 11:00:00Z;-0,84;2;3
1997-03-04 11:00:00Z;-0,9;0;3
1997-03-05 11:00:00Z;-0,93;2;3
1997-03-06 11:00:00Z;-0,96;2;3
1997-03-07 11:00:00Z;-0,99;2;3
1997-03-08 11:00:00Z;-1,01;2;3
1997-03-09 11:00:00Z;-1,04;2;3
1997-03-10 11:00:00Z;-1,07;2;3
1997-03-11 11:00:00Z;-1,1;0;3
1997-03-12 11:00:00Z;-1,09;2;3
1997-03-13 11:00:00Z;-1,07;2;3
1997-03-14 11:00:00Z;-1,06;2;3
1997-03-15 11:00:00Z;-1,04;2;3
1997-03-16 11:00:00Z;-1,03;2;3
1997-03-17 11:00:00Z;-1,01;2;3
1997-03-18 11:00:00Z;-1;0;3
1997-03-19 11:00:00Z;-1,04;2;3
1997-03-20 11:00:00Z;-1,09;2;3
1997-03-21 11:00:00Z;-1,13;2;3
1997-03-22 11:00:00Z;-1,17;2;3
1997-03-23 11:00:00Z;-1,21;2;3
1997-03-24 11:00:00Z;-1,26;2;3
1997-03-25 11:00:00Z;-1,3;0;3
1997-03-26 11:00:00Z;-1,17;2;3
1997-03-27 11:00:00Z;-1,04;2;3
1997-03-28 11:00:00Z;-0,91;2;3
1997-03-29 11:00:00Z;-0,79;2;3
1997-03-30 11:00:00Z;-0,66;2;3
1997-03-31 11:00:00Z;-0,53;2;3
1997-04-01 11:00:00Z;-0,4;0;3
1997-04-02 11:00:00Z;-0,37;2;3
1997-04-03 11:00:00Z;-0,34;2;3
1997-04-04 11:00:00Z;-0,31;2;3
1997-04-05 11:00:00Z;-0,29;2;3
1997-04-06 11:00:00Z;-0,26;2;3
1997-04-07 11:00:00Z;-0,23;2;3
1997-04-08 11:00:00Z;-0,2;0;3
1997-04-09 11:00:00Z;-0,15;2;3
1997-04-10 11:00:00Z;-0,1;2;3
1997-04-11 11:00:00Z;-0,05;2;3
1997-04-12 11:00:00Z;0;2;3
1997-04-13 11:00:00Z;0,05;2;3
1997-04-14 11:00:00Z;0,1;2;3
1997-04-15 11:00:00Z;0,15;0;3
1997-04-16 11:00:00Z;0,14;2;3
1997-04-17 11:00:00Z;0,12;2;3
1997-04-18 11:00:00Z;0,11;2;3
1997-04-19 11:00:00Z;0,09;2;3
1997-04-20 11:00:00Z;0,08;2;3
1997-04-21 11:00:00Z;0,06;2;3
1997-04-22 11:00:00Z;0,05;0;3
1997-04-23 11:00:00Z;0,02;2;3
1997-04-24 11:00:00Z;-0,01;2;3
1997-04-25 11:00:00Z;-0,04;2;3
1997-04-26 11:00:00Z;-0,06;2;3
1997-04-27 11:00:00Z;-0,09;2;3
1997-04-28 11:00:00Z;-0,12;2;3
1997-04-29 11:00:00Z;-0,15;0;3
1997-04-30 11:00:00Z;-0,12;2;3
1997-05-01 11:00:00Z;-0,09;2;3
1997-05-02 11:00:00Z;-0,06;2;3
1997-05-03 11:00:00Z;-0,02;2;3
1997-05-04 11:00:00Z;0,01;2;3
1997-05-05 11:00:00Z;0,04;2;3
1997-05-06 11:00:00Z;0,07;0;3
1997-05-07 11:00:00Z;0,06;2;3
1997-05-08 11:00:00Z;0,06;2;3
1997-05-09 11:00:00Z;0,05;2;3
1997-05-10 11:00:00Z;0,05;2;3
1997-05-11 11:00:00Z;0,04;2;3
1997-05-12 11:00:00Z;0,04;2;3
1997-05-13 11:00:00Z;0,03;0;3
1997-05-14 11:00:00Z;0,01;2;3
1997-05-15 11:00:00Z;-0,01;2;3
1997-05-16 11:00:00Z;-0,03;2;3
1997-05-17 11:00:00Z;-0,04;2;3
1997-05-18 11:00:00Z;-0,06;2;3
1997-05-19 11:00:00Z;-0,08;2;3
1997-05-20 11:00:00Z;-0,1;0;3
1997-05-21 11:00:00Z;-0,16;2;3
1997-05-22 11:00:00Z;-0,23;2;3
1997-05-23 11:00:00Z;-0,29;2;3
1997-05-24 11:00:00Z;-0,36;2;3
1997-05-25 11:00:00Z;-0,42;2;3
1997-05-26 11:00:00Z;-0,49;2;3
1997-05-27 11:00:00Z;-0,55;0;3
1997-05-28 11:00:00Z;-0,61;2;3
1997-05-29 11:00:00Z;-0,66;2;3
1997-05-30 11:00:00Z;-0,72;2;3
1997-05-31 11:00:00Z;-0,78;2;3
1997-06-01 11:00:00Z;-0,84;2;3
1997-06-02 11:00:00Z;-0,89;2;3
1997-06-03 11:00:00Z;-0,95;0;3
1997-06-04 11:00:00Z;-1,02;2;3
1997-06-05 11:00:00Z;-1,09;2;3
1997-06-06 11:00:00Z;-1,16;2;3
1997-06-07 11:00:00Z;-1,24;2;3
1997-06-08 11:00:00Z;-1,31;2;3
1997-06-09 11:00:00Z;-1,38;2;3
1997-06-10 11:00:00Z;-1,45;0;3
1997-06-11 11:00:00Z;-1,51;2;3
1997-06-12 11:00:00Z;-1,56;2;3
1997-06-13 11:00:00Z;-1,62;2;3
1997-06-14 11:00:00Z;-1,68;2;3
1997-06-15 11:00:00Z;-1,74;2;3
1997-06-16 11:00:00Z;-1,79;2;3
1997-06-17 11:00:00Z;-1,85;0;3
1997-06-18 11:00:00Z;-1,88;2;3
1997-06-19 11:00:00Z;-1,91;2;3
1997-06-20 11:00:00Z;-1,94;2;3
1997-06-21 11:00:00Z;-1,96;2;3
1997-06-22 11:00:00Z;-1,99;2;3
1997-06-23 11:00:00Z;-2,02;2;3
1997-06-24 11:00:00Z;-2,05;0;3
1997-06-25 11:00:00Z;-2,01;2;3
1997-06-26 11:00:00Z;-1,98;2;3
1997-06-27 11:00:00Z;-1,94;2;3
1997-06-28 11:00:00Z;-1,91;2;3
1997-06-29 11:00:00Z;-1,87;2;3
1997-06-30 11:00:00Z;-1,84;2;3
1997-07-01 11:00:00Z;-1,8;0;3
1997-07-02 11:00:00Z;-1,79;2;3
1997-07-03 11:00:00Z;-1,79;2;3
1997-07-04 11:00:00Z;-1,78;2;3
1997-07-05 11:00:00Z;-1,77;2;3
1997-07-06 11:00:00Z;-1,76;2;3
1997-07-07 11:00:00Z;-1,76;2;3
1997-07-08 11:00:00Z;-1,75;0;3
1997-07-09 11:00:00Z;-1,76;2;3
1997-07-10 11:00:00Z;-1,78;2;3
1997-07-11 11:00:00Z;-1,79;2;3
1997-07-12 11:00:00Z;-1,81;2;3
1997-07-13 11:00:00Z;-1,82;2;3
1997-07-14 11:00:00Z;-1,84;2;3
1997-07-15 11:00:00Z;-1,85;0;3
1997-07-16 11:00:00Z;-1,94;2;3
1997-07-17 11:00:00Z;-2,02;2;3
1997-07-18 11:00:00Z;-2,11;2;3
1997-07-19 11:00:00Z;-2,19;2;3
1997-07-20 11:00:00Z;-2,28;2;3
1997-07-21 11:00:00Z;-2,36;2;3
1997-07-22 11:00:00Z;-2,45;0;3
1997-07-23 11:00:00Z;-2,57;2;3
1997-07-24 11:00:00Z;-2,69;2;3
1997-07-25 11:00:00Z;-2,81;2;3
1997-07-26 11:00:00Z;-2,94;2;3
1997-07-27 11:00:00Z;-3,06;2;3
1997-07-28 11:00:00Z;-3,18;2;3
1997-07-29 11:00:00Z;-3,3;0;3
1997-07-30 11:00:00Z;-3,33;2;3
1997-07-31 11:00:00Z;-3,36;2;3
1997-08-01 11:00:00Z;-3,39;2;3
1997-08-02 11:00:00Z;-3,41;2;3
1997-08-03 11:00:00Z;-3,44;2;3
1997-08-04 11:00:00Z;-3,47;2;3
1997-08-05 11:00:00Z;-3,5;0;3
1997-08-06 11:00:00Z;-3,5;2;3
1997-08-07 11:00:00Z;-3,5;2;3
1997-08-08 11:00:00Z;-3,5;2;3
1997-08-09 11:00:00Z;-3,5;2;3
1997-08-10 11:00:00Z;-3,5;2;3
1997-08-11 11:00:00Z;-3,5;2;3
1997-08-12 11:00:00Z;-3,5;0;3
1997-08-13 11:00:00Z;-3,5;2;3
1997-08-14 11:00:00Z;-3,5;2;3
1997-08-15 11:00:00Z;-3,5;2;3
1997-08-16 11:00:00Z;-3,5;2;3
1997-08-17 11:00:00Z;-3,5;2;3
1997-08-18 11:00:00Z;-3,5;2;3
1997-08-19 11:00:00Z;-3,5;0;3
1997-08-20 11:00:00Z;-3,5;2;3
1997-08-21 11:00:00Z;-3,5;2;3
1997-08-22 11:00:00Z;-3,5;2;3
1997-08-23 11:00:00Z;-3,5;2;3
1997-08-24 11:00:00Z;-3,5;2;3
1997-08-25 11:00:00Z;-3,5;2;3
1997-08-26 11:00:00Z;-3,5;0;3
1997-08-27 11:00:00Z;-3,5;2;3
1997-08-28 11:00:00Z;-3,5;2;3
1997-08-29 11:00:00Z;-3,5;2;3
1997-08-30 11:00:00Z;-3,5;2;3
1997-08-31 11:00:00Z;-3,5;2;3
1997-09-01 11:00:00Z;-3,5;2;3
1997-09-02 11:00:00Z;-3,5;0;3
1997-09-03 11:00:00Z;-3,5;2;3
1997-09-04 11:00:00Z;-3,5;2;3
1997-09-05 11:00:00Z;-3,5;2;3
1997-09-06 11:00:00Z;-3,5;2;3
1997-09-07 11:00:00Z;-3,5;2;3
1997-09-08 11:00:00Z;-3,5;2;3
1997-09-09 11:00:00Z;-3,5;0;3
1997-09-10 11:00:00Z;-3,33;2;3
1997-09-11 11:00:00Z;-3,16;2;3
1997-09-12 11:00:00Z;-2,99;2;3
1997-09-13 11:00:00Z;-2,81;2;3
1997-09-14 11:00:00Z;-2,64;2;3
1997-09-15 11:00:00Z;-2,47;2;3
1997-09-16 11:00:00Z;-2,3;0;3
1997-09-17 11:00:00Z;-2,07;2;3
1997-09-18 11:00:00Z;-1,84;2;3
1997-09-19 11:00:00Z;-1,61;2;3
1997-09-20 11:00:00Z;-1,39;2;3
1997-09-21 11:00:00Z;-1,16;2;3
1997-09-22 11:00:00Z;-0,93;2;3
1997-09-23 11:00:00Z;-0,7;0;3
1997-09-24 11:00:00Z;-0,66;2;3
1997-09-25 11:00:00Z;-0,63;2;3
1997-09-26 11:00:00Z;-0,59;2;3
1997-09-27 11:00:00Z;-0,56;2;3
1997-09-28 11:00:00Z;-0,52;2;3
1997-09-29 11:00:00Z;-0,49;2;3
1997-09-30 11:00:00Z;-0,45;0;3
1997-10-01 11:00:00Z;-0,44;2;3
1997-10-02 11:00:00Z;-0,42;2;3
1997-10-03 11:00:00Z;-0,41;2;3
1997-10-04 11:00:00Z;-0,39;2;3
1997-10-05 11:00:00Z;-0,38;2;3
1997-10-06 11:00:00Z;-0,36;2;3
1997-10-07 11:00:00Z;-0,35;0;3
1997-10-08 11:00:00Z;-0,31;2;3
1997-10-09 11:00:00Z;-0,28;2;3
1997-10-10 11:00:00Z;-0,24;2;3
1997-10-11 11:00:00Z;-0,21;2;3
1997-10-12 11:00:00Z;-0,17;2;3
1997-10-13 11:00:00Z;-0,14;2;3
1997-10-14 11:00:00Z;-0,1;0;3
1997-10-15 11:00:00Z;-0,09;2;3
1997-10-16 11:00:00Z;-0,09;2;3
1997-10-17 11:00:00Z;-0,08;2;3
1997-10-18 11:00:00Z;-0,07;2;3
1997-10-19 11:00:00Z;-0,06;2;3
1997-10-20 11:00:00Z;-0,06;2;3
1997-10-21 11:00:00Z;-0,05;0;3
1997-10-22 11:00:00Z;-0,05;2;3
1997-10-23 11:00:00Z;-0,06;2;3
1997-10-24 11:00:00Z;-0,06;2;3
1997-10-25 11:00:00Z;-0,06;2;3
1997-10-26 11:00:00Z;-0,06;2;3
1997-10-27 11:00:00Z;-0,07;2;3
1997-10-28 11:00:00Z;-0,07;0;3
1997-10-29 11:00:00Z;-0,05;2;3
1997-10-30 11:00:00Z;-0,02;2;3
1997-10-31 11:00:00Z;0;2;3
1997-11-01 11:00:00Z;0,03;2;3
1997-11-02 11:00:00Z;0,05;2;3
1997-11-03 11:00:00Z;0,08;2;3
1997-11-04 11:00:00Z;0,1;0;3
1997-11-05 11:00:00Z;0,04;2;3
1997-11-06 11:00:00Z;-0,03;2;3
1997-11-07 11:00:00Z;-0,09;2;3
1997-11-08 11:00:00Z;-0,16;2;3
1997-11-09 11:00:00Z;-0,22;2;3
1997-11-10 11:00:00Z;-0,29;2;3
1997-11-11 11:00:00Z;-0,35;0;3
1997-11-12 11:00:00Z;-0,38;2;3
1997-11-13 11:00:00Z;-0,41;2;3
1997-11-14 11:00:00Z;-0,44;2;3
1997-11-15 11:00:00Z;-0,46;2;3
1997-11-16 11:00:00Z;-0,49;2;3
1997-11-17 11:00:00Z;-0,52;2;3
1997-11-18 11:00:00Z;-0,55;0;3
1997-11-19 11:00:00Z;-0,61;2;3
1997-11-20 11:00:00Z;-0,68;2;3
1997-11-21 11:00:00Z;-0,74;2;3
1997-11-22 11:00:00Z;-0,81;2;3
1997-11-23 11:00:00Z;-0,87;2;3
1997-11-24 11:00:00Z;-0,94;2;3
1997-11-25 11:00:00Z;-1;0;3
1997-11-26 11:00:00Z;-1,13;2;3
1997-11-27 11:00:00Z;-1,26;2;3
1997-11-28 11:00:00Z;-1,39;2;3
1997-11-29 11:00:00Z;-1,51;2;3
1997-11-30 11:00:00Z;-1,64;2;3
1997-12-01 11:00:00Z;-1,77;2;3
1997-12-02 11:00:00Z;-1,9;0;3
1997-12-03 11:00:00Z;-1,97;2;3
1997-12-04 11:00:00Z;-2,04;2;3
1997-12-05 11:00:00Z;-2,11;2;3
1997-12-06 11:00:00Z;-2,19;2;3
1997-12-07 11:00:00Z;-2,26;2;3
1997-12-08 11:00:00Z;-2,33;2;3
1997-12-09 11:00:00Z;-2,4;0;3
1997-12-10 11:00:00Z;-2,46;2;3
1997-12-11 11:00:00Z;-2,51;2;3
1997-12-12 11:00:00Z;-2,57;2;3
1997-12-13 11:00:00Z;-2,63;2;3
1997-12-14 11:00:00Z;-2,69;2;3
1997-12-15 11:00:00Z;-2,74;2;3
1997-12-16 11:00:00Z;-2,8;0;3
1997-12-17 11:00:00Z;-2,8;2;3
1997-12-18 11:00:00Z;-2,8;2;3
1997-12-19 11:00:00Z;-2,8;2;3
1997-12-20 11:00:00Z;-2,8;2;3
1997-12-21 11:00:00Z;-2,8;2;3
1997-12-22 11:00:00Z;-2,8;2;3
1997-12-23 11:00:00Z;-2,8;0;3
1997-12-24 11:00:00Z;-2,82;2;3
1997-12-25 11:00:00Z;-2,84;2;3
1997-12-26 11:00:00Z;-2,86;2;3
1997-12-27 11:00:00Z;-2,89;2;3
1997-12-28 11:00:00Z;-2,91;2;3
1997-12-29 11:00:00Z;-2,93;2;3
1997-12-30 11:00:00Z;-2,95;0;3
1997-12-31 11:00:00Z;-2,97;2;3
1998-01-01 11:00:00Z;-2,99;2;3
1998-01-02 11:00:00Z;-3,01;2;3
1998-01-03 11:00:00Z;-3,04;2;3
1998-01-04 11:00:00Z;-3,06;2;3
1998-01-05 11:00:00Z;-3,08;2;3
1998-01-06 11:00:00Z;-3,1;0;3
1998-01-07 11:00:00Z;-3,09;2;3
1998-01-08 11:00:00Z;-3,07;2;3
1998-01-09 11:00:00Z;-3,06;2;3
1998-01-10 11:00:00Z;-3,04;2;3
1998-01-11 11:00:00Z;-3,03;2;3
1998-01-12 11:00:00Z;-3,01;2;3
1998-01-13 11:00:00Z;-3;0;3
1998-01-14 11:00:00Z;-3;2;3
1998-01-15 11:00:00Z;-3;2;3
1998-01-16 11:00:00Z;-3;2;3
1998-01-17 11:00:00Z;-3;2;3
1998-01-18 11:00:00Z;-3;2;3
1998-01-19 11:00:00Z;-3;2;3
1998-01-20 11:00:00Z;-3;0;3
1998-01-21 11:00:00Z;-2,84;2;3
1998-01-22 11:00:00Z;-2,69;2;3
1998-01-23 11:00:00Z;-2,53;2;3
1998-01-24 11:00:00Z;-2,37;2;3
1998-01-25 11:00:00Z;-2,21;2;3
1998-01-26 11:00:00Z;-2,06;2;3
1998-01-27 11:00:00Z;-1,9;0;3
1998-01-28 11:00:00Z;-1,91;2;3
1998-01-29 11:00:00Z;-1,93;2;3
1998-01-30 11:00:00Z;-1,94;2;3
1998-01-31 11:00:00Z;-1,96;2;3
1998-02-01 11:00:00Z;-1,97;2;3
1998-02-02 11:00:00Z;-1,99;2;3
1998-02-03 11:00:00Z;-2;0;3
1998-02-04 11:00:00Z;-1,97;2;3
1998-02-05 11:00:00Z;-1,94;2;3
1998-02-06 11:00:00Z;-1,91;2;3
1998-02-07 11:00:00Z;-1,89;2;3
1998-02-08 11:00:00Z;-1,86;2;3
1998-02-09 11:00:00Z;-1,83;2;3
1998-02-10 11:00:00Z;-1,8;0;3
1998-02-11 11:00:00Z;-1,77;2;3
1998-02-12 11:00:00Z;-1,74;2;3
1998-02-13 11:00:00Z;-1,71;2;3
1998-02-14 11:00:00Z;-1,69;2;3
1998-02-15 11:00:00Z;-1,66;2;3
1998-02-16 11:00:00Z;-1,63;2;3
1998-02-17 11:00:00Z;-1,6;0;3
1998-02-18 11:00:00Z;-1,35;2;3
1998-02-19 11:00:00Z;-1,1;2;3
1998-02-20 11:00:00Z;-0,85;2;3
1998-02-21 11:00:00Z;-0,6;2;3
1998-02-22 11:00:00Z;-0,35;2;3
1998-02-23 11:00:00Z;-0,1;2;3
1998-02-24 11:00:00Z;0,15;0;3
1998-02-25 11:00:00Z;0,12;2;3
1998-02-26 11:00:00Z;0,1;2;3
1998-02-27 11:00:00Z;0,07;2;3
1998-02-28 11:00:00Z;0,05;2;3
1998-03-01 11:00:00Z;0,02;2;3
1998-03-02 11:00:00Z;0;2;3
1998-03-03 11:00:00Z;-0,03;0;3
1998-03-04 11:00:00Z;-0,08;2;3
1998-03-05 11:00:00Z;-0,12;2;3
1998-03-06 11:00:00Z;-0,17;2;3
1998-03-07 11:00:00Z;-0,21;2;3
1998-03-08 11:00:00Z;-0,26;2;3
1998-03-09 11:00:00Z;-0,3;2;3
1998-03-10 11:00:00Z;-0,35;0;3
1998-03-11 11:00:00Z;-0,36;2;3
1998-03-12 11:00:00Z;-0,38;2;3
1998-03-13 11:00:00Z;-0,39;2;3
1998-03-14 11:00:00Z;-0,41;2;3
1998-03-15 11:00:00Z;-0,42;2;3
1998-03-16 11:00:00Z;-0,44;2;3
1998-03-17 11:00:00Z;-0,45;0;3
1998-03-18 11:00:00Z;-0,49;2;3
1998-03-19 11:00:00Z;-0,52;2;3
1998-03-20 11:00:00Z;-0,56;2;3
1998-03-21 11:00:00Z;-0,59;2;3
1998-03-22 11:00:00Z;-0,63;2;3
1998-03-23 11:00:00Z;-0,66;2;3
1998-03-24 11:00:00Z;-0,7;0;3
1998-03-25 11:00:00Z;-0,79;2;3
1998-03-26 11:00:00Z;-0,87;2;3
1998-03-27 11:00:00Z;-0,96;2;3
1998-03-28 11:00:00Z;-1,04;2;3
1998-03-29 11:00:00Z;-1,13;2;3
1998-03-30 11:00:00Z;-1,21;2;3
1998-03-31 11:00:00Z;-1,3;0;3
1998-04-01 11:00:00Z;-1,3;2;3
1998-04-02 11:00:00Z;-1,3;2;3
1998-04-03 11:00:00Z;-1,3;2;3
1998-04-04 11:00:00Z;-1,3;2;3
1998-04-05 11:00:00Z;-1,3;2;3
1998-04-06 11:00:00Z;-1,3;2;3
1998-04-07 11:00:00Z;-1,3;0;3
1998-04-08 11:00:00Z;-1,31;2;3
1998-04-09 11:00:00Z;-1,33;2;3
1998-04-10 11:00:00Z;-1,34;2;3
1998-04-11 11:00:00Z;-1,36;2;3
1998-04-12 11:00:00Z;-1,37;2;3
1998-04-13 11:00:00Z;-1,39;2;3
1998-04-14 11:00:00Z;-1,4;0;3
1998-04-15 11:00:00Z;-1,37;2;3
1998-04-16 11:00:00Z;-1,34;2;3
1998-04-17 11:00:00Z;-1,31;2;3
1998-04-18 11:00:00Z;-1,29;2;3
1998-04-19 11:00:00Z;-1,26;2;3
1998-04-20 11:00:00Z;-1,23;2;3
1998-04-21 11:00:00Z;-1,2;0;3
1998-04-22 11:00:00Z;-1,13;2;3
1998-04-23 11:00:00Z;-1,06;2;3
1998-04-24 11:00:00Z;-0,99;2;3
1998-04-25 11:00:00Z;-0,91;2;3
1998-04-26 11:00:00Z;-0,84;2;3
1998-04-27 11:00:00Z;-0,77;2;3
1998-04-28 11:00:00Z;-0,7;0;3
1998-04-29 11:00:00Z;-0,66;2;3
1998-04-30 11:00:00Z;-0,63;2;3
1998-05-01 11:00:00Z;-0,59;2;3
1998-05-02 11:00:00Z;-0,56;2;3
1998-05-03 11:00:00Z;-0,52;2;3
1998-05-04 11:00:00Z;-0,49;2;3
1998-05-05 11:00:00Z;-0,45;0;3
1998-05-06 11:00:00Z;-0,46;2;3
1998-05-07 11:00:00Z;-0,46;2;3
1998-05-08 11:00:00Z;-0,47;2;3
1998-05-09 11:00:00Z;-0,48;2;3
1998-05-10 11:00:00Z;-0,49;2;3
1998-05-11 11:00:00Z;-0,49;2;3
1998-05-12 11:00:00Z;-0,5;0;3
1998-05-13 11:00:00Z;-0,54;2;3
1998-05-14 11:00:00Z;-0,59;2;3
1998-05-15 11:00:00Z;-0,63;2;3
1998-05-16 11:00:00Z;-0,67;2;3
1998-05-17 11:00:00Z;-0,71;2;3
1998-05-18 11:00:00Z;-0,76;2;3
1998-05-19 11:00:00Z;-0,8;0;3
1998-05-20 11:00:00Z;-0,82;2;3
1998-05-21 11:00:00Z;-0,84;2;3
1998-05-22 11:00:00Z;-0,86;2;3
1998-05-23 11:00:00Z;-0,89;2;3
1998-05-24 11:00:00Z;-0,91;2;3
1998-05-25 11:00:00Z;-0,93;2;3
1998-05-26 11:00:00Z;-0,95;0;3
1998-05-27 11:00:00Z;-1;2;3
1998-05-28 11:00:00Z;-1,05;2;3
1998-05-29 11:00:00Z;-1,1;2;3
1998-05-30 11:00:00Z;-1,15;2;3
1998-05-31 11:00:00Z;-1,2;2;3
1998-06-01 11:00:00Z;-1,25;2;3
1998-06-02 11:00:00Z;-1,3;0;3
1998-06-03 11:00:00Z;-1,35;2;3
1998-06-04 11:00:00Z;-1,4;2;3
1998-06-05 11:00:00Z;-1,45;2;3
1998-06-06 11:00:00Z;-1,5;2;3
1998-06-07 11:00:00Z;-1,55;2;3
1998-06-08 11:00:00Z;-1,6;2;3
1998-06-09 11:00:00Z;-1,65;0;3
1998-06-10 11:00:00Z;-1,68;2;3
1998-06-11 11:00:00Z;-1,71;2;3
1998-06-12 11:00:00Z;-1,74;2;3
1998-06-13 11:00:00Z;-1,76;2;3
1998-06-14 11:00:00Z;-1,79;2;3
1998-06-15 11:00:00Z;-1,82;2;3
1998-06-16 11:00:00Z;-1,85;0;3
1998-06-17 11:00:00Z;-1,86;2;3
1998-06-18 11:00:00Z;-1,86;2;3
1998-06-19 11:00:00Z;-1,87;2;3
1998-06-20 11:00:00Z;-1,88;2;3
1998-06-21 11:00:00Z;-1,89;2;3
1998-06-22 11:00:00Z;-1,89;2;3
1998-06-23 11:00:00Z;-1,9;0;3
1998-06-24 11:00:00Z;-1,93;2;3
1998-06-25 11:00:00Z;-1,96;2;3
1998-06-26 11:00:00Z;-1,99;2;3
1998-06-27 11:00:00Z;-2,01;2;3
1998-06-28 11:00:00Z;-2,04;2;3
1998-06-29 11:00:00Z;-2,07;2;3
1998-06-30 11:00:00Z;-2,1;0;3
1998-07-01 11:00:00Z;-2,12;2;3
1998-07-02 11:00:00Z;-2,14;2;3
1998-07-03 11:00:00Z;-2,16;2;3
1998-07-04 11:00:00Z;-2,19;2;3
1998-07-05 11:00:00Z;-2,21;2;3
1998-07-06 11:00:00Z;-2,23;2;3
1998-07-07 11:00:00Z;-2,25;0;3
1998-07-08 11:00:00Z;-2,26;2;3
1998-07-09 11:00:00Z;-2,28;2;3
1998-07-10 11:00:00Z;-2,29;2;3
1998-07-11 11:00:00Z;-2,31;2;3
1998-07-12 11:00:00Z;-2,32;2;3
1998-07-13 11:00:00Z;-2,34;2;3
1998-07-14 11:00:00Z;-2,35;0;3
1998-07-15 11:00:00Z;-2,36;2;3
1998-07-16 11:00:00Z;-2,38;2;3
1998-07-17 11:00:00Z;-2,39;2;3
1998-07-18 11:00:00Z;-2,41;2;3
1998-07-19 11:00:00Z;-2,42;2;3
1998-07-20 11:00:00Z;-2,44;2;3
1998-07-21 11:00:00Z;-2,45;0;3
1998-07-22 11:00:00Z;-2,39;2;3
1998-07-23 11:00:00Z;-2,32;2;3
1998-07-24 11:00:00Z;-2,26;2;3
1998-07-25 11:00:00Z;-2,19;2;3
1998-07-26 11:00:00Z;-2,13;2;3
1998-07-27 11:00:00Z;-2,06;2;3
1998-07-28 11:00:00Z;-2;0;3
1998-07-29 11:00:00Z;-2;2;3
1998-07-30 11:00:00Z;-2;2;3
1998-07-31 11:00:00Z;-2;2;3
1998-08-01 11:00:00Z;-2;2;3
1998-08-02 11:00:00Z;-2;2;3
1998-08-03 11:00:00Z;-2;0;3
1998-08-04 11:00:00Z;-1,93;2;3
1998-08-05 11:00:00Z;-1,87;2;3
1998-08-06 11:00:00Z;-1,81;2;3
1998-08-07 11:00:00Z;-1,74;2;3
1998-08-08 11:00:00Z;-1,67;2;3
1998-08-09 11:00:00Z;-1,61;2;3
1998-08-10 11:00:00Z;-1,55;2;3
1998-08-11 11:00:00Z;-1,48;0;3
1998-08-12 11:00:00Z;-1,46;2;3
1998-08-13 11:00:00Z;-1,44;2;3
1998-08-14 11:00:00Z;-1,42;2;3
1998-08-15 11:00:00Z;-1,41;2;3
1998-08-16 11:00:00Z;-1,39;2;3
1998-08-17 11:00:00Z;-1,37;2;3
1998-08-18 11:00:00Z;-1,35;0;3
1998-08-19 11:00:00Z;-1,26;2;3
1998-08-20 11:00:00Z;-1,17;2;3
1998-08-21 11:00:00Z;-1,08;2;3
1998-08-22 11:00:00Z;-1;2;3
1998-08-23 11:00:00Z;-0,91;2;3
1998-08-24 11:00:00Z;-0,82;2;3
1998-08-25 11:00:00Z;-0,73;0;3
1998-08-26 11:00:00Z;-0,75;2;3
1998-08-27 11:00:00Z;-0,76;2;3
1998-08-28 11:00:00Z;-0,78;2;3
1998-08-29 11:00:00Z;-0,8;2;3
1998-08-30 11:00:00Z;-0,82;2;3
1998-08-31 11:00:00Z;-0,83;2;3
1998-09-01 11:00:00Z;-0,85;0;3
1998-09-02 11:00:00Z;-0,91;2;3
1998-09-03 11:00:00Z;-0,98;2;3
1998-09-04 11:00:00Z;-1,04;2;3
1998-09-05 11:00:00Z;-1,11;2;3
1998-09-06 11:00:00Z;-1,17;2;3
1998-09-07 11:00:00Z;-1,24;2;3
1998-09-08 11:00:00Z;-1,3;2;3
1998-09-09 11:00:00Z;-1,36;2;3
1998-09-10 11:00:00Z;-1,43;2;3
1998-09-11 11:00:00Z;-1,49;2;3
1998-09-12 11:00:00Z;-1,56;2;3
1998-09-13 11:00:00Z;-1,62;2;3
1998-09-14 11:00:00Z;-1,69;2;3
1998-09-15 11:00:00Z;-1,75;0;3
1998-09-16 11:00:00Z;-1,75;2;3
1998-09-17 11:00:00Z;-1,75;2;3
1998-09-18 11:00:00Z;-1,75;2;3
1998-09-19 11:00:00Z;-1,75;2;3
1998-09-20 11:00:00Z;-1,75;2;3
1998-09-21 11:00:00Z;-1,75;2;3
1998-09-22 11:00:00Z;-1,75;0;3
1998-09-23 11:00:00Z;-1,71;2;3
1998-09-24 11:00:00Z;-1,68;2;3
1998-09-25 11:00:00Z;-1,64;2;3
1998-09-26 11:00:00Z;-1,61;2;3
1998-09-27 11:00:00Z;-1,57;2;3
1998-09-28 11:00:00Z;-1,54;2;3
1998-09-29 11:00:00Z;-1,5;0;3
1998-09-30 11:00:00Z;-1,56;2;3
1998-10-01 11:00:00Z;-1,61;2;3
1998-10-02 11:00:00Z;-1,67;2;3
1998-10-03 11:00:00Z;-1,73;2;3
1998-10-04 11:00:00Z;-1,79;2;3
1998-10-05 11:00:00Z;-1,84;2;3
1998-10-06 11:00:00Z;-1,9;0;3
1998-10-07 11:00:00Z;-1,91;2;3
1998-10-08 11:00:00Z;-1,93;2;3
1998-10-09 11:00:00Z;-1,94;2;3
1998-10-10 11:00:00Z;-1,96;2;3
1998-10-11 11:00:00Z;-1,97;2;3
1998-10-12 11:00:00Z;-1,99;2;3
1998-10-13 11:00:00Z;-2;0;3
1998-10-14 11:00:00Z;-1,91;2;3
1998-10-15 11:00:00Z;-1,83;2;3
1998-10-16 11:00:00Z;-1,74;2;3
1998-10-17 11:00:00Z;-1,66;2;3
1998-10-18 11:00:00Z;-1,57;2;3
1998-10-19 11:00:00Z;-1,49;2;3
1998-10-20 11:00:00Z;-1,4;0;3
1998-10-21 11:00:00Z;-1,37;2;3
1998-10-22 11:00:00Z;-1,34;2;3
1998-10-23 11:00:00Z;-1,31;2;3
1998-10-24 11:00:00Z;-1,29;2;3
1998-10-25 11:00:00Z;-1,26;2;3
1998-10-26 11:00:00Z;-1,23;2;3
1998-10-27 11:00:00Z;-1,2;0;3
1998-10-28 11:00:00Z;-1,21;2;3
1998-10-29 11:00:00Z;-1,23;2;3
1998-10-30 11:00:00Z;-1,24;2;3
1998-10-31 11:00:00Z;-1,26;2;3
1998-11-01 11:00:00Z;-1,27;2;3
1998-11-02 11:00:00Z;-1,29;2;3
1998-11-03 11:00:00Z;-1,3;0;3
1998-11-04 11:00:00Z;-1,35;2;3
1998-11-05 11:00:00Z;-1,4;2;3
1998-11-06 11:00:00Z;-1,45;2;3
1998-11-07 11:00:00Z;-1,5;2;3
1998-11-08 11:00:00Z;-1,55;2;3
1998-11-09 11:00:00Z;-1,6;2;3
1998-11-10 11:00:00Z;-1,65;0;3
1998-11-11 11:00:00Z;-1,69;2;3
1998-11-12 11:00:00Z;-1,72;2;3
1998-11-13 11:00:00Z;-1,76;2;3
1998-11-14 11:00:00Z;-1,79;2;3
1998-11-15 11:00:00Z;-1,83;2;3
1998-11-16 11:00:00Z;-1,86;2;3
1998-11-17 11:00:00Z;-1,9;0;3
1998-11-18 11:00:00Z;-1,89;2;3
1998-11-19 11:00:00Z;-1,89;2;3
1998-11-20 11:00:00Z;-1,88;2;3
1998-11-21 11:00:00Z;-1,87;2;3
1998-11-22 11:00:00Z;-1,86;2;3
1998-11-23 11:00:00Z;-1,86;2;3
1998-11-24 11:00:00Z;-1,85;0;3
1998-11-25 11:00:00Z;-1,89;2;3
1998-11-26 11:00:00Z;-1,92;2;3
1998-11-27 11:00:00Z;-1,96;2;3
1998-11-28 11:00:00Z;-1,99;2;3
1998-11-29 11:00:00Z;-2,03;2;3
1998-11-30 11:00:00Z;-2,06;2;3
1998-12-01 11:00:00Z;-2,1;0;3
1998-12-02 11:00:00Z;-2;2;3
1998-12-03 11:00:00Z;-1,9;2;3
1998-12-04 11:00:00Z;-1,8;2;3
1998-12-05 11:00:00Z;-1,7;2;3
1998-12-06 11:00:00Z;-1,6;2;3
1998-12-07 11:00:00Z;-1,5;2;3
1998-12-08 11:00:00Z;-1,4;0;3
1998-12-09 11:00:00Z;-1,44;2;3
1998-12-10 11:00:00Z;-1,49;2;3
1998-12-11 11:00:00Z;-1,53;2;3
1998-12-12 11:00:00Z;-1,57;2;3
1998-12-13 11:00:00Z;-1,61;2;3
1998-12-14 11:00:00Z;-1,66;2;3
1998-12-15 11:00:00Z;-1,7;0;3
1998-12-16 11:00:00Z;-1,61;2;3
1998-12-17 11:00:00Z;-1,53;2;3
1998-12-18 11:00:00Z;-1,44;2;3
1998-12-19 11:00:00Z;-1,36;2;3
1998-12-20 11:00:00Z;-1,27;2;3
1998-12-21 11:00:00Z;-1,19;2;3
1998-12-22 11:00:00Z;-1,1;0;3
1998-12-23 11:00:00Z;-1,16;2;3
1998-12-24 11:00:00Z;-1,21;2;3
1998-12-25 11:00:00Z;-1,27;2;3
1998-12-26 11:00:00Z;-1,33;2;3
1998-12-27 11:00:00Z;-1,39;2;3
1998-12-28 11:00:00Z;-1,44;2;3
1998-12-29 11:00:00Z;-1,5;0;3
1998-12-30 11:00:00Z;-1,45;2;3
1998-12-31 11:00:00Z;-1,4;0;3
1999-01-01 11:00:00Z;-1,43;2;3
1999-01-02 11:00:00Z;-1,47;2;3
1999-01-03 11:00:00Z;-1,5;0;3
1999-01-04 11:00:00Z;-1,52;2;3
1999-01-05 11:00:00Z;-1,53;2;3
1999-01-06 11:00:00Z;-1,55;2;3
1999-01-07 11:00:00Z;-1,57;2;3
1999-01-08 11:00:00Z;-1,58;2;3
1999-01-09 11:00:00Z;-1,6;2;3
1999-01-10 11:00:00Z;-1,62;2;3
1999-01-11 11:00:00Z;-1,63;2;3
1999-01-12 11:00:00Z;-1,65;0;3
1999-01-13 11:00:00Z;-1,69;2;3
1999-01-14 11:00:00Z;-1,74;2;3
1999-01-15 11:00:00Z;-1,78;2;3
1999-01-16 11:00:00Z;-1,82;2;3
1999-01-17 11:00:00Z;-1,86;2;3
1999-01-18 11:00:00Z;-1,91;2;3
1999-01-19 11:00:00Z;-1,95;0;3
1999-01-20 11:00:00Z;-1,96;2;3
1999-01-21 11:00:00Z;-1,98;2;3
1999-01-22 11:00:00Z;-1,99;2;3
1999-01-23 11:00:00Z;-2,01;2;3
1999-01-24 11:00:00Z;-2,02;2;3
1999-01-25 11:00:00Z;-2,04;2;3
1999-01-26 11:00:00Z;-2,05;0;3
1999-01-27 11:00:00Z;-1,89;2;3
1999-01-28 11:00:00Z;-1,72;2;3
1999-01-29 11:00:00Z;-1,56;2;3
1999-01-30 11:00:00Z;-1,39;2;3
1999-01-31 11:00:00Z;-1,23;2;3
1999-02-01 11:00:00Z;-1,06;2;3
1999-02-02 11:00:00Z;-0,9;0;3
1999-02-03 11:00:00Z;-0,8;2;3
1999-02-04 11:00:00Z;-0,7;2;3
1999-02-05 11:00:00Z;-0,6;2;3
1999-02-06 11:00:00Z;-0,5;2;3
1999-02-07 11:00:00Z;-0,4;2;3
1999-02-08 11:00:00Z;-0,3;2;3
1999-02-09 11:00:00Z;-0,2;1;3
1999-02-10 11:00:00Z;-0,21;2;3
1999-02-11 11:00:00Z;-0,23;2;3
1999-02-12 11:00:00Z;-0,24;2;3
1999-02-13 11:00:00Z;-0,26;2;3
1999-02-14 11:00:00Z;-0,27;2;3
1999-02-15 11:00:00Z;-0,29;2;3
1999-02-16 11:00:00Z;-0,3;0;3
1999-02-17 11:00:00Z;-0,33;2;3
1999-02-18 11:00:00Z;-0,36;2;3
1999-02-19 11:00:00Z;-0,39;2;3
1999-02-20 11:00:00Z;-0,41;2;3
1999-02-21 11:00:00Z;-0,44;2;3
1999-02-22 11:00:00Z;-0,47;2;3
1999-02-23 11:00:00Z;-0,5;0;3
1999-02-24 11:00:00Z;-0,6;2;3
1999-02-25 11:00:00Z;-0,7;2;3
1999-02-26 11:00:00Z;-0,8;2;3
1999-02-27 11:00:00Z;-0,9;2;3
1999-02-28 11:00:00Z;-1;2;3
1999-03-01 11:00:00Z;-1,1;2;3
1999-03-02 11:00:00Z;-1,2;0;3
1999-03-03 11:00:00Z;-1,29;2;3
1999-03-04 11:00:00Z;-1,37;2;3
1999-03-05 11:00:00Z;-1,46;2;3
1999-03-06 11:00:00Z;-1,54;2;3
1999-03-07 11:00:00Z;-1,63;2;3
1999-03-08 11:00:00Z;-1,71;2;3
1999-03-09 11:00:00Z;-1,8;0;3
1999-03-10 11:00:00Z;-1,9;2;3
1999-03-11 11:00:00Z;-2;2;3
1999-03-12 11:00:00Z;-2,1;2;3
1999-03-13 11:00:00Z;-2,2;2;3
1999-03-14 11:00:00Z;-2,3;2;3
1999-03-15 11:00:00Z;-2,4;2;3
1999-03-16 11:00:00Z;-2,5;0;3
1999-03-17 11:00:00Z;-2,54;2;3
1999-03-18 11:00:00Z;-2,59;2;3
1999-03-19 11:00:00Z;-2,63;2;3
1999-03-20 11:00:00Z;-2,67;2;3
1999-03-21 11:00:00Z;-2,71;2;3
1999-03-22 11:00:00Z;-2,76;2;3
1999-03-23 11:00:00Z;-2,8;0;3
1999-03-24 11:00:00Z;-2,83;2;3
1999-03-25 11:00:00Z;-2,86;2;3
1999-03-26 11:00:00Z;-2,89;2;3
1999-03-27 11:00:00Z;-2,91;2;3
1999-03-28 11:00:00Z;-2,94;2;3
1999-03-29 11:00:00Z;-2,97;2;3
1999-03-30 11:00:00Z;-3;0;3
1999-03-31 11:00:00Z;-2,93;2;3
1999-04-01 11:00:00Z;-2,86;2;3
1999-04-02 11:00:00Z;-2,79;2;3
1999-04-03 11:00:00Z;-2,71;2;3
1999-04-04 11:00:00Z;-2,64;2;3
1999-04-05 11:00:00Z;-2,57;2;3
1999-04-06 11:00:00Z;-2,5;0;3
1999-04-07 11:00:00Z;-2,16;2;3
1999-04-08 11:00:00Z;-1,83;2;3
1999-04-09 11:00:00Z;-1,49;2;3
1999-04-10 11:00:00Z;-1,16;2;3
1999-04-11 11:00:00Z;-0,82;2;3
1999-04-12 11:00:00Z;-0,49;2;3
1999-04-13 11:00:00Z;-0,15;0;3
1999-04-14 11:00:00Z;-0,14;2;3
1999-04-15 11:00:00Z;-0,14;2;3
1999-04-16 11:00:00Z;-0,13;2;3
1999-04-17 11:00:00Z;-0,12;2;3
1999-04-18 11:00:00Z;-0,11;2;3
1999-04-19 11:00:00Z;-0,11;2;3
1999-04-20 11:00:00Z;-0,1;0;3
1999-04-21 11:00:00Z;-0,13;2;3
1999-04-22 11:00:00Z;-0,16;2;3
1999-04-23 11:00:00Z;-0,19;2;3
1999-04-24 11:00:00Z;-0,21;2;3
1999-04-25 11:00:00Z;-0,24;2;3
1999-04-26 11:00:00Z;-0,27;2;3
1999-04-27 11:00:00Z;-0,3;0;3
1999-04-28 11:00:00Z;-0,38;2;3
1999-04-29 11:00:00Z;-0,46;2;3
1999-04-30 11:00:00Z;-0,54;2;3
1999-05-01 11:00:00Z;-0,61;2;3
1999-05-02 11:00:00Z;-0,69;2;3
1999-05-03 11:00:00Z;-0,77;2;3
1999-05-04 11:00:00Z;-0,85;0;3
1999-05-05 11:00:00Z;-0,9;2;3
1999-05-06 11:00:00Z;-0,95;2;3
1999-05-07 11:00:00Z;-1;2;3
1999-05-08 11:00:00Z;-1,05;2;3
1999-05-09 11:00:00Z;-1,1;2;3
1999-05-10 11:00:00Z;-1,15;2;3
1999-05-11 11:00:00Z;-1,2;0;3
1999-05-12 11:00:00Z;-1,27;2;3
1999-05-13 11:00:00Z;-1,34;2;3
1999-05-14 11:00:00Z;-1,41;2;3
1999-05-15 11:00:00Z;-1,49;2;3
1999-05-16 11:00:00Z;-1,56;2;3
1999-05-17 11:00:00Z;-1,63;2;3
1999-05-18 11:00:00Z;-1,7;0;3
1999-05-19 11:00:00Z;-1,76;2;3
1999-05-20 11:00:00Z;-1,83;2;3
1999-05-21 11:00:00Z;-1,89;2;3
1999-05-22 11:00:00Z;-1,96;2;3
1999-05-23 11:00:00Z;-2,02;2;3
1999-05-24 11:00:00Z;-2,09;2;3
1999-05-25 11:00:00Z;-2,15;0;3
1999-05-26 11:00:00Z;-2,22;2;3
1999-05-27 11:00:00Z;-2,29;2;3
1999-05-28 11:00:00Z;-2,36;2;3
1999-05-29 11:00:00Z;-2,44;2;3
1999-05-30 11:00:00Z;-2,51;2;3
1999-05-31 11:00:00Z;-2,58;2;3
1999-06-01 11:00:00Z;-2,65;0;3
1999-06-02 11:00:00Z;-2,53;2;3
1999-06-03 11:00:00Z;-2,41;2;3
1999-06-04 11:00:00Z;-2,29;2;3
1999-06-05 11:00:00Z;-2,16;2;3
1999-06-06 11:00:00Z;-2,04;2;3
1999-06-07 11:00:00Z;-1,92;2;3
1999-06-08 11:00:00Z;-1,8;0;3
1999-06-09 11:00:00Z;-1,83;2;3
1999-06-10 11:00:00Z;-1,86;2;3
1999-06-11 11:00:00Z;-1,89;2;3
1999-06-12 11:00:00Z;-1,91;2;3
1999-06-13 11:00:00Z;-1,94;2;3
1999-06-14 11:00:00Z;-1,97;2;3
1999-06-15 11:00:00Z;-2;0;3
1999-06-16 11:00:00Z;-2;2;3
1999-06-17 11:00:00Z;-2;2;3
1999-06-18 11:00:00Z;-2;2;3
1999-06-19 11:00:00Z;-2;2;3
1999-06-20 11:00:00Z;-2;2;3
1999-06-21 11:00:00Z;-2;2;3
1999-06-22 11:00:00Z;-2;0;3
1999-06-23 11:00:00Z;-2,03;2;3
1999-06-24 11:00:00Z;-2,06;2;3
1999-06-25 11:00:00Z;-2,09;2;3
1999-06-26 11:00:00Z;-2,11;2;3
1999-06-27 11:00:00Z;-2,14;2;3
1999-06-28 11:00:00Z;-2,17;2;3
1999-06-29 11:00:00Z;-2,2;0;3
1999-06-30 11:00:00Z;-2,18;2;3
1999-07-01 11:00:00Z;-2,16;2;3
1999-07-02 11:00:00Z;-2,14;2;3
1999-07-03 11:00:00Z;-2,11;2;3
1999-07-04 11:00:00Z;-2,09;2;3
1999-07-05 11:00:00Z;-2,07;2;3
1999-07-06 11:00:00Z;-2,05;0;3
1999-07-07 11:00:00Z;-2,04;2;3
1999-07-08 11:00:00Z;-2,04;2;3
1999-07-09 11:00:00Z;-2,03;2;3
1999-07-10 11:00:00Z;-2,02;2;3
1999-07-11 11:00:00Z;-2,01;2;3
1999-07-12 11:00:00Z;-2,01;2;3
1999-07-13 11:00:00Z;-2;0;3
1999-07-14 11:00:00Z;-1,98;2;3
1999-07-15 11:00:00Z;-1,96;2;3
1999-07-16 11:00:00Z;-1,94;2;3
1999-07-17 11:00:00Z;-1,91;2;3
1999-07-18 11:00:00Z;-1,89;2;3
1999-07-19 11:00:00Z;-1,87;2;3
1999-07-20 11:00:00Z;-1,85;0;3
1999-07-21 11:00:00Z;-1,71;2;3
1999-07-22 11:00:00Z;-1,56;2;3
1999-07-23 11:00:00Z;-1,42;2;3
1999-07-24 11:00:00Z;-1,28;2;3
1999-07-25 11:00:00Z;-1,14;2;3
1999-07-26 11:00:00Z;-0,99;2;3
1999-07-27 11:00:00Z;-0,85;0;3
1999-07-28 11:00:00Z;-0,82;2;3
1999-07-29 11:00:00Z;-0,79;2;3
1999-07-30 11:00:00Z;-0,76;2;3
1999-07-31 11:00:00Z;-0,72;2;3
1999-08-01 11:00:00Z;-0,69;2;3
1999-08-02 11:00:00Z;-0,66;2;3
1999-08-03 11:00:00Z;-0,63;0;3
1999-08-04 11:00:00Z;-0,66;2;3
1999-08-05 11:00:00Z;-0,69;2;3
1999-08-06 11:00:00Z;-0,72;2;3
1999-08-07 11:00:00Z;-0,76;2;3
1999-08-08 11:00:00Z;-0,79;2;3
1999-08-09 11:00:00Z;-0,82;2;3
1999-08-10 11:00:00Z;-0,85;0;3
1999-08-11 11:00:00Z;-0,92;2;3
1999-08-12 11:00:00Z;-0,99;2;3
1999-08-13 11:00:00Z;-1,06;2;3
1999-08-14 11:00:00Z;-1,14;2;3
1999-08-15 11:00:00Z;-1,21;2;3
1999-08-16 11:00:00Z;-1,28;2;3
1999-08-17 11:00:00Z;-1,35;0;3
1999-08-18 11:00:00Z;-1,41;2;3
1999-08-19 11:00:00Z;-1,46;2;3
1999-08-20 11:00:00Z;-1,52;2;3
1999-08-21 11:00:00Z;-1,58;2;3
1999-08-22 11:00:00Z;-1,64;2;3
1999-08-23 11:00:00Z;-1,69;2;3
1999-08-24 11:00:00Z;-1,75;0;3
1999-08-25 11:00:00Z;-1,69;2;3
1999-08-26 11:00:00Z;-1,64;2;3
1999-08-27 11:00:00Z;-1,58;2;3
1999-08-28 11:00:00Z;-1,52;2;3
1999-08-29 11:00:00Z;-1,46;2;3
1999-08-30 11:00:00Z;-1,41;2;3
1999-08-31 11:00:00Z;-1,35;0;3
1999-09-01 11:00:00Z;-1,27;2;3
1999-09-02 11:00:00Z;-1,19;2;3
1999-09-03 11:00:00Z;-1,11;2;3
1999-09-04 11:00:00Z;-1,04;2;3
1999-09-05 11:00:00Z;-0,96;2;3
1999-09-06 11:00:00Z;-0,88;2;3
1999-09-07 11:00:00Z;-0,8;0;3
1999-09-08 11:00:00Z;-0,84;2;3
1999-09-09 11:00:00Z;-0,87;2;3
1999-09-10 11:00:00Z;-0,91;2;3
1999-09-11 11:00:00Z;-0,94;2;3
1999-09-12 11:00:00Z;-0,98;2;3
1999-09-13 11:00:00Z;-1,01;2;3
1999-09-14 11:00:00Z;-1,05;0;3
1999-09-15 11:00:00Z;-1,09;2;3
1999-09-16 11:00:00Z;-1,12;2;3
1999-09-17 11:00:00Z;-1,16;2;3
1999-09-18 11:00:00Z;-1,19;2;3
1999-09-19 11:00:00Z;-1,23;2;3
1999-09-20 11:00:00Z;-1,26;2;3
1999-09-21 11:00:00Z;-1,3;0;3
1999-09-22 11:00:00Z;-1,37;2;3
1999-09-23 11:00:00Z;-1,44;2;3
1999-09-24 11:00:00Z;-1,51;2;3
1999-09-25 11:00:00Z;-1,59;2;3
1999-09-26 11:00:00Z;-1,66;2;3
1999-09-27 11:00:00Z;-1,73;2;3
1999-09-28 11:00:00Z;-1,8;0;3
1999-09-29 11:00:00Z;-1,85;2;3
1999-09-30 11:00:00Z;-1,9;2;3
1999-10-01 11:00:00Z;-1,95;2;3
1999-10-02 11:00:00Z;-2;2;3
1999-10-03 11:00:00Z;-2,05;2;3
1999-10-04 11:00:00Z;-2,1;2;3
1999-10-05 11:00:00Z;-2,15;0;3
1999-10-06 11:00:00Z;-2,13;2;3
1999-10-07 11:00:00Z;-2,11;2;3
1999-10-08 11:00:00Z;-2,09;2;3
1999-10-09 11:00:00Z;-2,06;2;3
1999-10-10 11:00:00Z;-2,04;2;3
1999-10-11 11:00:00Z;-2,02;2;3
1999-10-12 11:00:00Z;-2;0;3
1999-10-13 11:00:00Z;-1,9;2;3
1999-10-14 11:00:00Z;-1,8;2;3
1999-10-15 11:00:00Z;-1,7;2;3
1999-10-16 11:00:00Z;-1,6;2;3
1999-10-17 11:00:00Z;-1,5;2;3
1999-10-18 11:00:00Z;-1,4;2;3
1999-10-19 11:00:00Z;-1,3;0;3
1999-10-20 11:00:00Z;-1,3;2;3
1999-10-21 11:00:00Z;-1,3;2;3
1999-10-22 11:00:00Z;-1,3;2;3
1999-10-23 11:00:00Z;-1,3;2;3
1999-10-24 11:00:00Z;-1,3;2;3
1999-10-25 11:00:00Z;-1,3;2;3
1999-10-26 11:00:00Z;-1,3;0;3
1999-10-27 11:00:00Z;-1,29;2;3
1999-10-28 11:00:00Z;-1,27;2;3
1999-10-29 11:00:00Z;-1,26;2;3
1999-10-30 11:00:00Z;-1,24;2;3
1999-10-31 11:00:00Z;-1,23;2;3
1999-11-01 11:00:00Z;-1,21;2;3
1999-11-02 11:00:00Z;-1,2;0;3
1999-11-03 11:00:00Z;-1,16;2;3
1999-11-04 11:00:00Z;-1,11;2;3
1999-11-05 11:00:00Z;-1,07;2;3
1999-11-06 11:00:00Z;-1,03;2;3
1999-11-07 11:00:00Z;-0,99;2;3
1999-11-08 11:00:00Z;-0,94;2;3
1999-11-09 11:00:00Z;-0,9;0;3
1999-11-10 11:00:00Z;-0,77;2;3
1999-11-11 11:00:00Z;-0,64;2;3
1999-11-12 11:00:00Z;-0,51;2;3
1999-11-13 11:00:00Z;-0,39;2;3
1999-11-14 11:00:00Z;-0,26;2;3
1999-11-15 11:00:00Z;-0,13;2;3
1999-11-16 11:00:00Z;0;0;3
1999-11-17 11:00:00Z;0,01;2;3
1999-11-18 11:00:00Z;0,01;2;3
1999-11-19 11:00:00Z;0,02;2;3
1999-11-20 11:00:00Z;0,03;2;3
1999-11-21 11:00:00Z;0,04;2;3
1999-11-22 11:00:00Z;0,04;2;3
1999-11-23 11:00:00Z;0,05;0;3
1999-11-24 11:00:00Z;0,02;2;3
1999-11-25 11:00:00Z;-0,02;2;3
1999-11-26 11:00:00Z;-0,05;2;3
1999-11-27 11:00:00Z;-0,08;2;3
1999-11-28 11:00:00Z;-0,11;2;3
1999-11-29 11:00:00Z;-0,15;2;3
1999-11-30 11:00:00Z;-0,18;0;3
1999-12-01 11:00:00Z;-0,2;2;3
1999-12-02 11:00:00Z;-0,21;2;3
1999-12-03 11:00:00Z;-0,23;2;3
1999-12-04 11:00:00Z;-0,25;2;3
1999-12-05 11:00:00Z;-0,27;2;3
1999-12-06 11:00:00Z;-0,28;2;3
1999-12-07 11:00:00Z;-0,3;0;3
1999-12-08 11:00:00Z;-0,34;2;3
1999-12-09 11:00:00Z;-0,39;2;3
1999-12-10 11:00:00Z;-0,43;2;3
1999-12-11 11:00:00Z;-0,47;2;3
1999-12-12 11:00:00Z;-0,51;2;3
1999-12-13 11:00:00Z;-0,56;2;3
1999-12-14 11:00:00Z;-0,6;0;3
1999-12-15 11:00:00Z;-0,64;2;3
1999-12-16 11:00:00Z;-0,69;2;3
1999-12-17 11:00:00Z;-0,73;2;3
1999-12-18 11:00:00Z;-0,77;2;3
1999-12-19 11:00:00Z;-0,81;2;3
1999-12-20 11:00:00Z;-0,86;2;3
1999-12-21 11:00:00Z;-0,9;0;3
1999-12-22 11:00:00Z;-1,01;2;3
1999-12-23 11:00:00Z;-1,13;2;3
1999-12-24 11:00:00Z;-1,24;2;3
1999-12-25 11:00:00Z;-1,36;2;3
1999-12-26 11:00:00Z;-1,47;2;3
1999-12-27 11:00:00Z;-1,59;2;3
1999-12-28 11:00:00Z;-1,7;0;3
1999-12-29 11:00:00Z;-1,73;2;3
1999-12-30 11:00:00Z;-1,77;2;3
1999-12-31 11:00:00Z;-1,8;0;3
2000-01-01 11:00:00Z;-1,85;2;3
2000-01-02 11:00:00Z;-1,9;2;3
2000-01-03 11:00:00Z;-1,95;2;3
2000-01-04 11:00:00Z;-2;0;3
2000-01-05 11:00:00Z;-1,97;2;3
2000-01-06 11:00:00Z;-1,94;2;3
2000-01-07 11:00:00Z;-1,91;2;3
2000-01-08 11:00:00Z;-1,89;2;3
2000-01-09 11:00:00Z;-1,86;2;3
2000-01-10 11:00:00Z;-1,83;2;3
2000-01-11 11:00:00Z;-1,8;0;3
2000-01-12 11:00:00Z;-1,65;2;3
2000-01-13 11:00:00Z;-1,5;2;3
2000-01-14 11:00:00Z;-1,35;2;3
2000-01-15 11:00:00Z;-1,2;2;3
2000-01-16 11:00:00Z;-1,05;2;3
2000-01-17 11:00:00Z;-0,9;2;3
2000-01-18 11:00:00Z;-0,75;0;3
2000-01-19 11:00:00Z;-0,74;2;3
2000-01-20 11:00:00Z;-0,74;2;3
2000-01-21 11:00:00Z;-0,73;2;3
2000-01-22 11:00:00Z;-0,72;2;3
2000-01-23 11:00:00Z;-0,71;2;3
2000-01-24 11:00:00Z;-0,71;2;3
2000-01-25 11:00:00Z;-0,7;0;3
2000-01-26 11:00:00Z;-0,64;2;3
2000-01-27 11:00:00Z;-0,57;2;3
2000-01-28 11:00:00Z;-0,51;2;3
2000-01-29 11:00:00Z;-0,44;2;3
2000-01-30 11:00:00Z;-0,38;2;3
2000-01-31 11:00:00Z;-0,31;2;3
2000-02-01 11:00:00Z;-0,25;0;3
2000-02-02 11:00:00Z;-0,26;2;3
2000-02-03 11:00:00Z;-0,26;2;3
2000-02-04 11:00:00Z;-0,27;2;3
2000-02-05 11:00:00Z;-0,28;2;3
2000-02-06 11:00:00Z;-0,29;2;3
2000-02-07 11:00:00Z;-0,29;2;3
2000-02-08 11:00:00Z;-0,3;0;3
2000-02-09 11:00:00Z;-0,31;2;3
2000-02-10 11:00:00Z;-0,31;2;3
2000-02-11 11:00:00Z;-0,32;2;3
2000-02-12 11:00:00Z;-0,33;2;3
2000-02-13 11:00:00Z;-0,34;2;3
2000-02-14 11:00:00Z;-0,34;2;3
2000-02-15 11:00:00Z;-0,35;0;3
2000-02-16 11:00:00Z;-0,39;2;3
2000-02-17 11:00:00Z;-0,44;2;3
2000-02-18 11:00:00Z;-0,48;2;3
2000-02-19 11:00:00Z;-0,52;2;3
2000-02-20 11:00:00Z;-0,56;2;3
2000-02-21 11:00:00Z;-0,61;2;3
2000-02-22 11:00:00Z;-0,65;0;3
2000-02-23 11:00:00Z;-0,71;2;3
2000-02-24 11:00:00Z;-0,78;2;3
2000-02-25 11:00:00Z;-0,84;2;3
2000-02-26 11:00:00Z;-0,91;2;3
2000-02-27 11:00:00Z;-0,97;2;3
2000-02-28 11:00:00Z;-1,04;2;3
2000-02-29 11:00:00Z;-1,1;0;3
2000-03-01 11:00:00Z;-1,19;2;3
2000-03-02 11:00:00Z;-1,27;2;3
2000-03-03 11:00:00Z;-1,36;2;3
2000-03-04 11:00:00Z;-1,44;2;3
2000-03-05 11:00:00Z;-1,53;2;3
2000-03-06 11:00:00Z;-1,61;2;3
2000-03-07 11:00:00Z;-1,7;0;3
2000-03-08 11:00:00Z;-1,81;2;3
2000-03-09 11:00:00Z;-1,93;2;3
2000-03-10 11:00:00Z;-2,04;2;3
2000-03-11 11:00:00Z;-2,16;2;3
2000-03-12 11:00:00Z;-2,27;2;3
2000-03-13 11:00:00Z;-2,39;2;3
2000-03-14 11:00:00Z;-2,5;0;3
2000-03-15 11:00:00Z;-2,43;2;3
2000-03-16 11:00:00Z;-2,36;2;3
2000-03-17 11:00:00Z;-2,29;2;3
2000-03-18 11:00:00Z;-2,21;2;3
2000-03-19 11:00:00Z;-2,14;2;3
2000-03-20 11:00:00Z;-2,07;2;3
2000-03-21 11:00:00Z;-2;0;3
2000-03-22 11:00:00Z;-1,96;2;3
2000-03-23 11:00:00Z;-1,91;2;3
2000-03-24 11:00:00Z;-1,87;2;3
2000-03-25 11:00:00Z;-1,83;2;3
2000-03-26 11:00:00Z;-1,79;2;3
2000-03-27 11:00:00Z;-1,74;2;3
2000-03-28 11:00:00Z;-1,7;0;3
2000-03-29 11:00:00Z;-1,6;2;3
2000-03-30 11:00:00Z;-1,5;2;3
2000-03-31 11:00:00Z;-1,4;2;3
2000-04-01 11:00:00Z;-1,3;2;3
2000-04-02 11:00:00Z;-1,2;2;3
2000-04-03 11:00:00Z;-1,1;2;3
2000-04-04 11:00:00Z;-1;0;3
2000-04-05 11:00:00Z;-1,01;2;3
2000-04-06 11:00:00Z;-1,03;2;3
2000-04-07 11:00:00Z;-1,04;2;3
2000-04-08 11:00:00Z;-1,06;2;3
2000-04-09 11:00:00Z;-1,07;2;3
2000-04-10 11:00:00Z;-1,09;2;3
2000-04-11 11:00:00Z;-1,1;0;3
2000-04-12 11:00:00Z;-1,13;2;3
2000-04-13 11:00:00Z;-1,16;2;3
2000-04-14 11:00:00Z;-1,19;2;3
2000-04-15 11:00:00Z;-1,21;2;3
2000-04-16 11:00:00Z;-1,24;2;3
2000-04-17 11:00:00Z;-1,27;2;3
2000-04-18 11:00:00Z;-1,3;0;3
2000-04-19 11:00:00Z;-1,11;2;3
2000-04-20 11:00:00Z;-0,91;2;3
2000-04-21 11:00:00Z;-0,72;2;3
2000-04-22 11:00:00Z;-0,53;2;3
2000-04-23 11:00:00Z;-0,34;2;3
2000-04-24 11:00:00Z;-0,14;2;3
2000-04-25 11:00:00Z;0,05;0;3
2000-04-26 11:00:00Z;0,06;2;3
2000-04-27 11:00:00Z;0,06;2;3
2000-04-28 11:00:00Z;0,07;2;3
2000-04-29 11:00:00Z;0,08;2;3
2000-04-30 11:00:00Z;0,09;2;3
2000-05-01 11:00:00Z;0,09;2;3
2000-05-02 11:00:00Z;0,1;0;3
2000-05-03 11:00:00Z;0,07;2;3
2000-05-04 11:00:00Z;0,04;2;3
2000-05-05 11:00:00Z;0,01;2;3
2000-05-06 11:00:00Z;-0,01;2;3
2000-05-07 11:00:00Z;-0,04;2;3
2000-05-08 11:00:00Z;-0,07;2;3
2000-05-09 11:00:00Z;-0,1;0;3
2000-05-10 11:00:00Z;-0,2;2;3
2000-05-11 11:00:00Z;-0,31;2;3
2000-05-12 11:00:00Z;-0,42;2;3
2000-05-13 11:00:00Z;-0,52;2;3
2000-05-14 11:00:00Z;-0,62;2;3
2000-05-15 11:00:00Z;-0,73;0;3
2000-05-16 11:00:00Z;-0,8;2;3
2000-05-17 11:00:00Z;-0,87;2;3
2000-05-18 11:00:00Z;-0,94;2;3
2000-05-19 11:00:00Z;-1,01;2;3
2000-05-20 11:00:00Z;-1,09;2;3
2000-05-21 11:00:00Z;-1,16;2;3
2000-05-22 11:00:00Z;-1,23;2;3
2000-05-23 11:00:00Z;-1,3;0;3
2000-05-24 11:00:00Z;-1,34;2;3
2000-05-25 11:00:00Z;-1,39;2;3
2000-05-26 11:00:00Z;-1,43;2;3
2000-05-27 11:00:00Z;-1,47;2;3
2000-05-28 11:00:00Z;-1,51;2;3
2000-05-29 11:00:00Z;-1,56;2;3
2000-05-30 11:00:00Z;-1,6;0;3
2000-05-31 11:00:00Z;-1,6;2;3
2000-06-01 11:00:00Z;-1,6;2;3
2000-06-02 11:00:00Z;-1,6;2;3
2000-06-03 11:00:00Z;-1,6;2;3
2000-06-04 11:00:00Z;-1,6;2;3
2000-06-05 11:00:00Z;-1,6;2;3
2000-06-06 11:00:00Z;-1,6;0;3
2000-06-07 11:00:00Z;-1,61;2;3
2000-06-08 11:00:00Z;-1,63;2;3
2000-06-09 11:00:00Z;-1,64;2;3
2000-06-10 11:00:00Z;-1,66;2;3
2000-06-11 11:00:00Z;-1,67;2;3
2000-06-12 11:00:00Z;-1,69;2;3
2000-06-13 11:00:00Z;-1,7;0;3
2000-06-14 11:00:00Z;-1,6;2;3
2000-06-15 11:00:00Z;-1,5;2;3
2000-06-16 11:00:00Z;-1,4;2;3
2000-06-17 11:00:00Z;-1,3;2;3
2000-06-18 11:00:00Z;-1,2;2;3
2000-06-19 11:00:00Z;-1,1;2;3
2000-06-20 11:00:00Z;-1;0;3
2000-06-21 11:00:00Z;-1,06;2;3
2000-06-22 11:00:00Z;-1,11;2;3
2000-06-23 11:00:00Z;-1,17;2;3
2000-06-24 11:00:00Z;-1,23;2;3
2000-06-25 11:00:00Z;-1,29;2;3
2000-06-26 11:00:00Z;-1,34;2;3
2000-06-27 11:00:00Z;-1,4;0;3
2000-06-28 11:00:00Z;-1,39;2;3
2000-06-29 11:00:00Z;-1,39;2;3
2000-06-30 11:00:00Z;-1,38;2;3
2000-07-01 11:00:00Z;-1,37;2;3
2000-07-02 11:00:00Z;-1,36;2;3
2000-07-03 11:00:00Z;-1,36;2;3
2000-07-04 11:00:00Z;-1,35;0;3
2000-07-05 11:00:00Z;-1,34;2;3
2000-07-06 11:00:00Z;-1,34;2;3
2000-07-07 11:00:00Z;-1,33;2;3
2000-07-08 11:00:00Z;-1,32;2;3
2000-07-09 11:00:00Z;-1,31;2;3
2000-07-10 11:00:00Z;-1,31;2;3
2000-07-11 11:00:00Z;-1,3;0;3
2000-07-12 11:00:00Z;-1,3;2;3
2000-07-13 11:00:00Z;-1,3;2;3
2000-07-14 11:00:00Z;-1,3;2;3
2000-07-15 11:00:00Z;-1,3;2;3
2000-07-16 11:00:00Z;-1,3;2;3
2000-07-17 11:00:00Z;-1,3;2;3
2000-07-18 11:00:00Z;-1,3;0;3
2000-07-19 11:00:00Z;-1,36;2;3
2000-07-20 11:00:00Z;-1,41;2;3
2000-07-21 11:00:00Z;-1,47;2;3
2000-07-22 11:00:00Z;-1,53;2;3
2000-07-23 11:00:00Z;-1,59;2;3
2000-07-24 11:00:00Z;-1,64;2;3
2000-07-25 11:00:00Z;-1,7;0;3
2000-07-26 11:00:00Z;-1,73;2;3
2000-07-27 11:00:00Z;-1,76;2;3
2000-07-28 11:00:00Z;-1,79;2;3
2000-07-29 11:00:00Z;-1,81;2;3
2000-07-30 11:00:00Z;-1,84;2;3
2000-07-31 11:00:00Z;-1,87;2;3
2000-08-01 11:00:00Z;-1,9;0;3
2000-08-02 11:00:00Z;-1,87;2;3
2000-08-03 11:00:00Z;-1,84;2;3
2000-08-04 11:00:00Z;-1,81;2;3
2000-08-05 11:00:00Z;-1,79;2;3
2000-08-06 11:00:00Z;-1,76;2;3
2000-08-07 11:00:00Z;-1,73;2;3
2000-08-08 11:00:00Z;-1,7;0;3
2000-08-09 11:00:00Z;-1,49;2;3
2000-08-10 11:00:00Z;-1,27;2;3
2000-08-11 11:00:00Z;-1,06;2;3
2000-08-12 11:00:00Z;-0,84;2;3
2000-08-13 11:00:00Z;-0,63;2;3
2000-08-14 11:00:00Z;-0,41;2;3
2000-08-15 11:00:00Z;-0,2;0;3
2000-08-16 11:00:00Z;-0,19;2;3
2000-08-17 11:00:00Z;-0,19;2;3
2000-08-18 11:00:00Z;-0,18;2;3
2000-08-19 11:00:00Z;-0,17;2;3
2000-08-20 11:00:00Z;-0,16;2;3
2000-08-21 11:00:00Z;-0,16;2;3
2000-08-22 11:00:00Z;-0,15;0;3
2000-08-23 11:00:00Z;-0,2;2;3
2000-08-24 11:00:00Z;-0,25;2;3
2000-08-25 11:00:00Z;-0,3;2;3
2000-08-26 11:00:00Z;-0,35;2;3
2000-08-27 11:00:00Z;-0,4;2;3
2000-08-28 11:00:00Z;-0,45;1;3
2000-08-29 11:00:00Z;-0,47;2;3
2000-08-30 11:00:00Z;-0,49;2;3
2000-08-31 11:00:00Z;-0,51;2;3
2000-09-01 11:00:00Z;-0,52;2;3
2000-09-02 11:00:00Z;-0,54;2;3
2000-09-03 11:00:00Z;-0,56;2;3
2000-09-04 11:00:00Z;-0,58;2;3
2000-09-05 11:00:00Z;-0,6;0;3
2000-09-06 11:00:00Z;-0,58;2;3
2000-09-07 11:00:00Z;-0,56;2;3
2000-09-08 11:00:00Z;-0,54;2;3
2000-09-09 11:00:00Z;-0,51;2;3
2000-09-10 11:00:00Z;-0,49;2;3
2000-09-11 11:00:00Z;-0,47;2;3
2000-09-12 11:00:00Z;-0,45;0;3
2000-09-13 11:00:00Z;-0,49;2;3
2000-09-14 11:00:00Z;-0,54;2;3
2000-09-15 11:00:00Z;-0,58;2;3
2000-09-16 11:00:00Z;-0,62;2;3
2000-09-17 11:00:00Z;-0,66;2;3
2000-09-18 11:00:00Z;-0,71;2;3
2000-09-19 11:00:00Z;-0,75;0;3
2000-09-20 11:00:00Z;-0,79;2;3
2000-09-21 11:00:00Z;-0,84;2;3
2000-09-22 11:00:00Z;-0,88;2;3
2000-09-23 11:00:00Z;-0,92;2;3
2000-09-24 11:00:00Z;-0,96;2;3
2000-09-25 11:00:00Z;-1,01;2;3
2000-09-26 11:00:00Z;-1,05;0;3
2000-09-27 11:00:00Z;-1,18;2;3
2000-09-28 11:00:00Z;-1,31;2;3
2000-09-29 11:00:00Z;-1,44;2;3
2000-09-30 11:00:00Z;-1,56;2;3
2000-10-01 11:00:00Z;-1,69;2;3
2000-10-02 11:00:00Z;-1,82;2;3
2000-10-03 11:00:00Z;-1,95;0;3
2000-10-04 11:00:00Z;-2;2;3
2000-10-05 11:00:00Z;-2,05;2;3
2000-10-06 11:00:00Z;-2,1;2;3
2000-10-07 11:00:00Z;-2,15;2;3
2000-10-08 11:00:00Z;-2,2;2;3
2000-10-09 11:00:00Z;-2,25;2;3
2000-10-10 11:00:00Z;-2,3;0;3
2000-10-11 11:00:00Z;-2,26;2;3
2000-10-12 11:00:00Z;-2,21;2;3
2000-10-13 11:00:00Z;-2,17;2;3
2000-10-14 11:00:00Z;-2,13;2;3
2000-10-15 11:00:00Z;-2,09;2;3
2000-10-16 11:00:00Z;-2,04;2;3
2000-10-17 11:00:00Z;-2;0;3
2000-10-18 11:00:00Z;-2;2;3
2000-10-19 11:00:00Z;-2;2;3
2000-10-20 11:00:00Z;-2;2;3
2000-10-21 11:00:00Z;-2;2;3
2000-10-22 11:00:00Z;-2;2;3
2000-10-23 11:00:00Z;-2;2;3
2000-10-24 11:00:00Z;-2;0;3
2000-10-25 11:00:00Z;-2,01;2;3
2000-10-26 11:00:00Z;-2,03;2;3
2000-10-27 11:00:00Z;-2,04;2;3
2000-10-28 11:00:00Z;-2,06;2;3
2000-10-29 11:00:00Z;-2,07;2;3
2000-10-30 11:00:00Z;-2,09;2;3
2000-10-31 11:00:00Z;-2,1;0;3
2000-11-01 11:00:00Z;-2,2;2;3
2000-11-02 11:00:00Z;-2,3;2;3
2000-11-03 11:00:00Z;-2,4;2;3
2000-11-04 11:00:00Z;-2,5;2;3
2000-11-05 11:00:00Z;-2,6;2;3
2000-11-06 11:00:00Z;-2,7;2;3
2000-11-07 11:00:00Z;-2,8;0;3
2000-11-08 11:00:00Z;-2,86;2;3
2000-11-09 11:00:00Z;-2,91;2;3
2000-11-10 11:00:00Z;-2,97;2;3
2000-11-11 11:00:00Z;-3,03;2;3
2000-11-12 11:00:00Z;-3,09;2;3
2000-11-13 11:00:00Z;-3,14;2;3
2000-11-14 11:00:00Z;-3,2;0;3
2000-11-15 11:00:00Z;-3,23;2;3
2000-11-16 11:00:00Z;-3,26;2;3
2000-11-17 11:00:00Z;-3,29;2;3
2000-11-18 11:00:00Z;-3,31;2;3
2000-11-19 11:00:00Z;-3,34;2;3
2000-11-20 11:00:00Z;-3,37;2;3
2000-11-21 11:00:00Z;-3,4;0;3
2000-11-22 11:00:00Z;-3,41;2;3
2000-11-23 11:00:00Z;-3,43;2;3
2000-11-24 11:00:00Z;-3,44;2;3
2000-11-25 11:00:00Z;-3,46;2;3
2000-11-26 11:00:00Z;-3,47;2;3
2000-11-27 11:00:00Z;-3,49;2;3
2000-11-28 11:00:00Z;-3,5;0;3
2000-11-29 11:00:00Z;-3,51;2;3
2000-11-30 11:00:00Z;-3,53;2;3
2000-12-01 11:00:00Z;-3,54;2;3
2000-12-02 11:00:00Z;-3,56;2;3
2000-12-03 11:00:00Z;-3,57;2;3
2000-12-04 11:00:00Z;-3,59;2;3
2000-12-05 11:00:00Z;-3,6;0;3
2000-12-06 11:00:00Z;-3,6;2;3
2000-12-07 11:00:00Z;-3,6;2;3
2000-12-08 11:00:00Z;-3,6;2;3
2000-12-09 11:00:00Z;-3,6;2;3
2000-12-10 11:00:00Z;-3,6;2;3
2000-12-11 11:00:00Z;-3,6;2;3
2000-12-12 11:00:00Z;-3,6;0;3
2000-12-13 11:00:00Z;-3,61;2;3
2000-12-14 11:00:00Z;-3,63;2;3
2000-12-15 11:00:00Z;-3,64;2;3
2000-12-16 11:00:00Z;-3,66;2;3
2000-12-17 11:00:00Z;-3,67;2;3
2000-12-18 11:00:00Z;-3,69;2;3
2000-12-19 11:00:00Z;-3,7;0;3
2000-12-20 11:00:00Z;-3,69;2;3
2000-12-21 11:00:00Z;-3,67;2;3
2000-12-22 11:00:00Z;-3,66;2;3
2000-12-23 11:00:00Z;-3,64;2;3
2000-12-24 11:00:00Z;-3,63;2;3
2000-12-25 11:00:00Z;-3,61;2;3
2000-12-26 11:00:00Z;-3,6;0;3
2000-12-27 11:00:00Z;-3,62;2;3
2000-12-28 11:00:00Z;-3,64;2;3
2000-12-29 11:00:00Z;-3,66;2;3
2000-12-30 11:00:00Z;-3,68;2;3
2000-12-31 11:00:00Z;-3,7;0;3
2001-01-01 11:00:00Z;-3,7;2;3
2001-01-02 11:00:00Z;-3,7;0;3
2001-01-03 11:00:00Z;-3,7;2;3
2001-01-04 11:00:00Z;-3,7;2;3
2001-01-05 11:00:00Z;-3,7;2;3
2001-01-06 11:00:00Z;-3,7;2;3
2001-01-07 11:00:00Z;-3,7;2;3
2001-01-08 11:00:00Z;-3,7;2;3
2001-01-09 11:00:00Z;-3,7;0;3
2001-01-10 11:00:00Z;-3,69;2;3
2001-01-11 11:00:00Z;-3,67;2;3
2001-01-12 11:00:00Z;-3,66;2;3
2001-01-13 11:00:00Z;-3,64;2;3
2001-01-14 11:00:00Z;-3,63;2;3
2001-01-15 11:00:00Z;-3,61;2;3
2001-01-16 11:00:00Z;-3,6;0;3
2001-01-17 11:00:00Z;-3,61;2;3
2001-01-18 11:00:00Z;-3,63;2;3
2001-01-19 11:00:00Z;-3,64;2;3
2001-01-20 11:00:00Z;-3,66;2;3
2001-01-21 11:00:00Z;-3,67;2;3
2001-01-22 11:00:00Z;-3,69;2;3
2001-01-23 11:00:00Z;-3,7;0;3
2001-01-24 11:00:00Z;-3,7;2;3
2001-01-25 11:00:00Z;-3,7;2;3
2001-01-26 11:00:00Z;-3,7;2;3
2001-01-27 11:00:00Z;-3,7;2;3
2001-01-28 11:00:00Z;-3,7;2;3
2001-01-29 11:00:00Z;-3,7;2;3
2001-01-30 11:00:00Z;-3,7;0;3
2001-01-31 11:00:00Z;-3,71;2;3
2001-02-01 11:00:00Z;-3,73;2;3
2001-02-02 11:00:00Z;-3,74;2;3
2001-02-03 11:00:00Z;-3,76;2;3
2001-02-04 11:00:00Z;-3,77;2;3
2001-02-05 11:00:00Z;-3,79;2;3
2001-02-06 11:00:00Z;-3,8;0;3
2001-02-07 11:00:00Z;-3,79;2;3
2001-02-08 11:00:00Z;-3,77;2;3
2001-02-09 11:00:00Z;-3,76;2;3
2001-02-10 11:00:00Z;-3,74;2;3
2001-02-11 11:00:00Z;-3,73;2;3
2001-02-12 11:00:00Z;-3,71;2;3
2001-02-13 11:00:00Z;-3,7;0;3
2001-02-14 11:00:00Z;-3,49;2;3
2001-02-15 11:00:00Z;-3,27;2;3
2001-02-16 11:00:00Z;-3,06;2;3
2001-02-17 11:00:00Z;-2,84;2;3
2001-02-18 11:00:00Z;-2,63;2;3
2001-02-19 11:00:00Z;-2,41;2;3
2001-02-20 11:00:00Z;-2,2;0;3
2001-02-21 11:00:00Z;-2,13;2;3
2001-02-22 11:00:00Z;-2,06;2;3
2001-02-23 11:00:00Z;-1,99;2;3
2001-02-24 11:00:00Z;-1,91;2;3
2001-02-25 11:00:00Z;-1,84;2;3
2001-02-26 11:00:00Z;-1,77;2;3
2001-02-27 11:00:00Z;-1,7;0;3
2001-02-28 11:00:00Z;-1,77;2;3
2001-03-01 11:00:00Z;-1,84;2;3
2001-03-02 11:00:00Z;-1,91;2;3
2001-03-03 11:00:00Z;-1,99;2;3
2001-03-04 11:00:00Z;-2,06;2;3
2001-03-05 11:00:00Z;-2,13;2;3
2001-03-06 11:00:00Z;-2,2;0;3
2001-03-07 11:00:00Z;-2,31;2;3
2001-03-08 11:00:00Z;-2,43;2;3
2001-03-09 11:00:00Z;-2,54;2;3
2001-03-10 11:00:00Z;-2,66;2;3
2001-03-11 11:00:00Z;-2,77;2;3
2001-03-12 11:00:00Z;-2,89;2;3
2001-03-13 11:00:00Z;-3;0;3
2001-03-14 11:00:00Z;-3,07;2;3
2001-03-15 11:00:00Z;-3,14;2;3
2001-03-16 11:00:00Z;-3,21;2;3
2001-03-17 11:00:00Z;-3,29;2;3
2001-03-18 11:00:00Z;-3,36;2;3
2001-03-19 11:00:00Z;-3,43;2;3
2001-03-20 11:00:00Z;-3,5;0;3
2001-03-21 11:00:00Z;-3,53;2;3
2001-03-22 11:00:00Z;-3,56;2;3
2001-03-23 11:00:00Z;-3,59;2;3
2001-03-24 11:00:00Z;-3,61;2;3
2001-03-25 11:00:00Z;-3,64;2;3
2001-03-26 11:00:00Z;-3,67;2;3
2001-03-27 11:00:00Z;-3,7;0;3
2001-03-28 11:00:00Z;-3,54;2;3
2001-03-29 11:00:00Z;-3,38;2;3
2001-03-30 11:00:00Z;-3,21;2;3
2001-03-31 11:00:00Z;-3,05;2;3
2001-04-01 11:00:00Z;-2,89;2;3
2001-04-02 11:00:00Z;-2,73;2;3
2001-04-03 11:00:00Z;-2,56;2;3
2001-04-04 11:00:00Z;-2,4;0;3
2001-04-05 11:00:00Z;-2,3;2;3
2001-04-06 11:00:00Z;-2,2;2;3
2001-04-07 11:00:00Z;-2,1;2;3
2001-04-08 11:00:00Z;-2;2;3
2001-04-09 11:00:00Z;-1,9;2;3
2001-04-10 11:00:00Z;-1,8;0;3
2001-04-11 11:00:00Z;-1,81;2;3
2001-04-12 11:00:00Z;-1,83;2;3
2001-04-13 11:00:00Z;-1,84;2;3
2001-04-14 11:00:00Z;-1,86;2;3
2001-04-15 11:00:00Z;-1,87;2;3
2001-04-16 11:00:00Z;-1,89;2;3
2001-04-17 11:00:00Z;-1,9;0;3
2001-04-18 11:00:00Z;-1,93;2;3
2001-04-19 11:00:00Z;-1,96;2;3
2001-04-20 11:00:00Z;-1,99;2;3
2001-04-21 11:00:00Z;-2,01;2;3
2001-04-22 11:00:00Z;-2,04;2;3
2001-04-23 11:00:00Z;-2,07;2;3
2001-04-24 11:00:00Z;-2,1;0;3
2001-04-25 11:00:00Z;-2,06;2;3
2001-04-26 11:00:00Z;-2,01;2;3
2001-04-27 11:00:00Z;-1,97;2;3
2001-04-28 11:00:00Z;-1,93;2;3
2001-04-29 11:00:00Z;-1,89;2;3
2001-04-30 11:00:00Z;-1,84;2;3
2001-05-01 11:00:00Z;-1,8;0;3
2001-05-02 11:00:00Z;-1,79;2;3
2001-05-03 11:00:00Z;-1,77;2;3
2001-05-04 11:00:00Z;-1,76;2;3
2001-05-05 11:00:00Z;-1,74;2;3
2001-05-06 11:00:00Z;-1,73;2;3
2001-05-07 11:00:00Z;-1,71;2;3
2001-05-08 11:00:00Z;-1,7;0;3
2001-05-09 11:00:00Z;-1,74;2;3
2001-05-10 11:00:00Z;-1,77;2;3
2001-05-11 11:00:00Z;-1,81;2;3
2001-05-12 11:00:00Z;-1,84;2;3
2001-05-13 11:00:00Z;-1,88;2;3
2001-05-14 11:00:00Z;-1,91;2;3
2001-05-15 11:00:00Z;-1,95;0;3
2001-05-16 11:00:00Z;-1,97;2;3
2001-05-17 11:00:00Z;-1,99;2;3
2001-05-18 11:00:00Z;-2,01;2;3
2001-05-19 11:00:00Z;-2,04;2;3
2001-05-20 11:00:00Z;-2,06;2;3
2001-05-21 11:00:00Z;-2,08;2;3
2001-05-22 11:00:00Z;-2,1;0;3
2001-05-23 11:00:00Z;-2,06;2;3
2001-05-24 11:00:00Z;-2,01;2;3
2001-05-25 11:00:00Z;-1,97;2;3
2001-05-26 11:00:00Z;-1,93;2;3
2001-05-27 11:00:00Z;-1,89;2;3
2001-05-28 11:00:00Z;-1,84;2;3
2001-05-29 11:00:00Z;-1,8;0;3
2001-05-30 11:00:00Z;-1,81;2;3
2001-05-31 11:00:00Z;-1,82;2;3
2001-06-01 11:00:00Z;-1,84;2;3
2001-06-02 11:00:00Z;-1,85;2;3
2001-06-03 11:00:00Z;-1,86;2;3
2001-06-04 11:00:00Z;-1,88;2;3
2001-06-05 11:00:00Z;-1,89;2;3
2001-06-06 11:00:00Z;-1,9;0;3
2001-06-07 11:00:00Z;-1,82;2;3
2001-06-08 11:00:00Z;-1,73;2;3
2001-06-09 11:00:00Z;-1,65;2;3
2001-06-10 11:00:00Z;-1,57;2;3
2001-06-11 11:00:00Z;-1,48;2;3
2001-06-12 11:00:00Z;-1,4;0;3
2001-06-13 11:00:00Z;-1,41;2;3
2001-06-14 11:00:00Z;-1,41;2;3
2001-06-15 11:00:00Z;-1,42;2;3
2001-06-16 11:00:00Z;-1,43;2;3
2001-06-17 11:00:00Z;-1,44;2;3
2001-06-18 11:00:00Z;-1,44;2;3
2001-06-19 11:00:00Z;-1,45;0;3
2001-06-20 11:00:00Z;-1,5;2;3
2001-06-21 11:00:00Z;-1,55;2;3
2001-06-22 11:00:00Z;-1,6;2;3
2001-06-23 11:00:00Z;-1,65;2;3
2001-06-24 11:00:00Z;-1,7;2;3
2001-06-25 11:00:00Z;-1,75;2;3
2001-06-26 11:00:00Z;-1,8;0;3
2001-06-27 11:00:00Z;-1,84;2;3
2001-06-28 11:00:00Z;-1,89;2;3
2001-06-29 11:00:00Z;-1,93;2;3
2001-06-30 11:00:00Z;-1,97;2;3
2001-07-01 11:00:00Z;-2,01;2;3
2001-07-02 11:00:00Z;-2,06;2;3
2001-07-03 11:00:00Z;-2,1;0;3
2001-07-04 11:00:00Z;-2,07;2;3
2001-07-05 11:00:00Z;-2,04;2;3
2001-07-06 11:00:00Z;-2,01;2;3
2001-07-07 11:00:00Z;-1,99;2;3
2001-07-08 11:00:00Z;-1,96;2;3
2001-07-09 11:00:00Z;-1,93;2;3
2001-07-10 11:00:00Z;-1,9;0;3
2001-07-11 11:00:00Z;-1,94;2;3
2001-07-12 11:00:00Z;-1,99;2;3
2001-07-13 11:00:00Z;-2,03;2;3
2001-07-14 11:00:00Z;-2,07;2;3
2001-07-15 11:00:00Z;-2,11;2;3
2001-07-16 11:00:00Z;-2,16;2;3
2001-07-17 11:00:00Z;-2,2;0;3
2001-07-18 11:00:00Z;-2,26;2;3
2001-07-19 11:00:00Z;-2,33;2;3
2001-07-20 11:00:00Z;-2,39;2;3
2001-07-21 11:00:00Z;-2,46;2;3
2001-07-22 11:00:00Z;-2,52;2;3
2001-07-23 11:00:00Z;-2,59;2;3
2001-07-24 11:00:00Z;-2,65;0;3
2001-07-25 11:00:00Z;-2,67;2;3
2001-07-26 11:00:00Z;-2,69;2;3
2001-07-27 11:00:00Z;-2,71;2;3
2001-07-28 11:00:00Z;-2,74;2;3
2001-07-29 11:00:00Z;-2,76;2;3
2001-07-30 11:00:00Z;-2,78;2;3
2001-07-31 11:00:00Z;-2,8;0;3
2001-08-01 11:00:00Z;-2,67;2;3
2001-08-02 11:00:00Z;-2,54;2;3
2001-08-03 11:00:00Z;-2,41;2;3
2001-08-04 11:00:00Z;-2,29;2;3
2001-08-05 11:00:00Z;-2,16;2;3
2001-08-06 11:00:00Z;-2,03;2;3
2001-08-07 11:00:00Z;-1,9;0;3
2001-08-08 11:00:00Z;-1,89;2;3
2001-08-09 11:00:00Z;-1,87;2;3
2001-08-10 11:00:00Z;-1,86;2;3
2001-08-11 11:00:00Z;-1,84;2;3
2001-08-12 11:00:00Z;-1,83;2;3
2001-08-13 11:00:00Z;-1,81;2;3
2001-08-14 11:00:00Z;-1,8;0;3
2001-08-15 11:00:00Z;-1,8;2;3
2001-08-16 11:00:00Z;-1,8;2;3
2001-08-17 11:00:00Z;-1,8;2;3
2001-08-18 11:00:00Z;-1,8;2;3
2001-08-19 11:00:00Z;-1,8;2;3
2001-08-20 11:00:00Z;-1,8;2;3
2001-08-21 11:00:00Z;-1,8;0;3
2001-08-22 11:00:00Z;-1,83;2;3
2001-08-23 11:00:00Z;-1,86;2;3
2001-08-24 11:00:00Z;-1,89;2;3
2001-08-25 11:00:00Z;-1,91;2;3
2001-08-26 11:00:00Z;-1,94;2;3
2001-08-27 11:00:00Z;-1,97;2;3
2001-08-28 11:00:00Z;-2;0;3
2001-08-29 11:00:00Z;-2,07;2;3
2001-08-30 11:00:00Z;-2,14;2;3
2001-08-31 11:00:00Z;-2,21;2;3
2001-09-01 11:00:00Z;-2,29;2;3
2001-09-02 11:00:00Z;-2,36;2;3
2001-09-03 11:00:00Z;-2,43;2;3
2001-09-04 11:00:00Z;-2,5;0;3
2001-09-05 11:00:00Z;-2,59;2;3
2001-09-06 11:00:00Z;-2,67;2;3
2001-09-07 11:00:00Z;-2,76;2;3
2001-09-08 11:00:00Z;-2,84;2;3
2001-09-09 11:00:00Z;-2,93;2;3
2001-09-10 11:00:00Z;-3,01;2;3
2001-09-11 11:00:00Z;-3,1;0;3
2001-09-12 11:00:00Z;-3,13;2;3
2001-09-13 11:00:00Z;-3,16;2;3
2001-09-14 11:00:00Z;-3,19;2;3
2001-09-15 11:00:00Z;-3,21;2;3
2001-09-16 11:00:00Z;-3,24;2;3
2001-09-17 11:00:00Z;-3,27;2;3
2001-09-18 11:00:00Z;-3,3;0;3
2001-09-19 11:00:00Z;-3,3;2;3
2001-09-20 11:00:00Z;-3,3;2;3
2001-09-21 11:00:00Z;-3,3;2;3
2001-09-22 11:00:00Z;-3,3;2;3
2001-09-23 11:00:00Z;-3,3;2;3
2001-09-24 11:00:00Z;-3,3;2;3
2001-09-25 11:00:00Z;-3,3;0;3
2001-09-26 11:00:00Z;-3,29;2;3
2001-09-27 11:00:00Z;-3,29;2;3
2001-09-28 11:00:00Z;-3,28;2;3
2001-09-29 11:00:00Z;-3,27;2;3
2001-09-30 11:00:00Z;-3,26;2;3
2001-10-01 11:00:00Z;-3,26;2;3
2001-10-02 11:00:00Z;-3,25;0;3
2001-10-03 11:00:00Z;-3,11;2;3
2001-10-04 11:00:00Z;-2,98;2;3
2001-10-05 11:00:00Z;-2,84;2;3
2001-10-06 11:00:00Z;-2,71;2;3
2001-10-07 11:00:00Z;-2,57;2;3
2001-10-08 11:00:00Z;-2,44;2;3
2001-10-09 11:00:00Z;-2,3;0;3
2001-10-10 11:00:00Z;-2,26;2;3
2001-10-11 11:00:00Z;-2,21;2;3
2001-10-12 11:00:00Z;-2,17;2;3
2001-10-13 11:00:00Z;-2,13;2;3
2001-10-14 11:00:00Z;-2,09;2;3
2001-10-15 11:00:00Z;-2,04;2;3
2001-10-16 11:00:00Z;-2;0;3
2001-10-17 11:00:00Z;-2;2;3
2001-10-18 11:00:00Z;-2;2;3
2001-10-19 11:00:00Z;-2;2;3
2001-10-20 11:00:00Z;-2;2;3
2001-10-21 11:00:00Z;-2;2;3
2001-10-22 11:00:00Z;-2;2;3
2001-10-23 11:00:00Z;-2;0;3
2001-10-24 11:00:00Z;-1,99;2;3
2001-10-25 11:00:00Z;-1,97;2;3
2001-10-26 11:00:00Z;-1,96;2;3
2001-10-27 11:00:00Z;-1,94;2;3
2001-10-28 11:00:00Z;-1,93;2;3
2001-10-29 11:00:00Z;-1,91;2;3
2001-10-30 11:00:00Z;-1,9;0;3
2001-10-31 11:00:00Z;-1,81;2;3
2001-11-01 11:00:00Z;-1,73;2;3
2001-11-02 11:00:00Z;-1,64;2;3
2001-11-03 11:00:00Z;-1,56;2;3
2001-11-04 11:00:00Z;-1,47;2;3
2001-11-05 11:00:00Z;-1,39;2;3
2001-11-06 11:00:00Z;-1,3;0;3
2001-11-07 11:00:00Z;-1,19;2;3
2001-11-08 11:00:00Z;-1,09;2;3
2001-11-09 11:00:00Z;-0,98;2;3
2001-11-10 11:00:00Z;-0,87;2;3
2001-11-11 11:00:00Z;-0,76;2;3
2001-11-12 11:00:00Z;-0,66;2;3
2001-11-13 11:00:00Z;-0,55;0;3
2001-11-14 11:00:00Z;-0,46;2;3
2001-11-15 11:00:00Z;-0,36;2;3
2001-11-16 11:00:00Z;-0,27;2;3
2001-11-17 11:00:00Z;-0,18;2;3
2001-11-18 11:00:00Z;-0,09;2;3
2001-11-19 11:00:00Z;0,01;2;3
2001-11-20 11:00:00Z;0,1;0;3
2001-11-21 11:00:00Z;0,07;2;3
2001-11-22 11:00:00Z;0,04;2;3
2001-11-23 11:00:00Z;0,01;2;3
2001-11-24 11:00:00Z;-0,01;2;3
2001-11-25 11:00:00Z;-0,04;2;3
2001-11-26 11:00:00Z;-0,07;2;3
2001-11-27 11:00:00Z;-0,1;0;3
2001-11-28 11:00:00Z;-0,11;2;3
2001-11-29 11:00:00Z;-0,11;2;3
2001-11-30 11:00:00Z;-0,12;2;3
2001-12-01 11:00:00Z;-0,13;2;3
2001-12-02 11:00:00Z;-0,14;2;3
2001-12-03 11:00:00Z;-0,14;2;3
2001-12-04 11:00:00Z;-0,15;0;3
2001-12-05 11:00:00Z;-0,2;2;3
2001-12-06 11:00:00Z;-0,25;2;3
2001-12-07 11:00:00Z;-0,3;2;3
2001-12-08 11:00:00Z;-0,35;2;3
2001-12-09 11:00:00Z;-0,4;2;3
2001-12-10 11:00:00Z;-0,45;2;3
2001-12-11 11:00:00Z;-0,5;0;3
2001-12-12 11:00:00Z;-0,47;2;3
2001-12-13 11:00:00Z;-0,44;2;3
2001-12-14 11:00:00Z;-0,41;2;3
2001-12-15 11:00:00Z;-0,39;2;3
2001-12-16 11:00:00Z;-0,36;2;3
2001-12-17 11:00:00Z;-0,33;2;3
2001-12-18 11:00:00Z;-0,3;0;3
2001-12-19 11:00:00Z;-0,3;2;3
2001-12-20 11:00:00Z;-0,3;2;3
2001-12-21 11:00:00Z;-0,3;2;3
2001-12-22 11:00:00Z;-0,3;2;3
2001-12-23 11:00:00Z;-0,3;2;3
2001-12-24 11:00:00Z;-0,3;2;3
2001-12-25 11:00:00Z;-0,3;0;3
2001-12-26 11:00:00Z;-0,32;2;3
2001-12-27 11:00:00Z;-0,34;2;3
2001-12-28 11:00:00Z;-0,36;2;3
2001-12-29 11:00:00Z;-0,39;2;3
2001-12-30 11:00:00Z;-0,41;2;3
2001-12-31 11:00:00Z;-0,43;2;3
2002-01-01 11:00:00Z;-0,45;0;3
2002-01-02 11:00:00Z;-0,49;2;3
2002-01-03 11:00:00Z;-0,52;2;3
2002-01-04 11:00:00Z;-0,56;2;3
2002-01-05 11:00:00Z;-0,59;2;3
2002-01-06 11:00:00Z;-0,63;2;3
2002-01-07 11:00:00Z;-0,66;2;3
2002-01-08 11:00:00Z;-0,7;0;3
2002-01-09 11:00:00Z;-0,59;2;3
2002-01-10 11:00:00Z;-0,49;2;3
2002-01-11 11:00:00Z;-0,38;2;3
2002-01-12 11:00:00Z;-0,27;2;3
2002-01-13 11:00:00Z;-0,16;2;3
2002-01-14 11:00:00Z;-0,06;2;3
2002-01-15 11:00:00Z;0,05;0;3
2002-01-16 11:00:00Z;0,03;2;3
2002-01-17 11:00:00Z;0,01;2;3
2002-01-18 11:00:00Z;-0,01;2;3
2002-01-19 11:00:00Z;-0,04;2;3
2002-01-20 11:00:00Z;-0,06;2;3
2002-01-21 11:00:00Z;-0,08;2;3
2002-01-22 11:00:00Z;-0,1;0;3
2002-01-23 11:00:00Z;-0,14;2;3
2002-01-24 11:00:00Z;-0,17;2;3
2002-01-25 11:00:00Z;-0,21;2;3
2002-01-26 11:00:00Z;-0,24;2;3
2002-01-27 11:00:00Z;-0,28;2;3
2002-01-28 11:00:00Z;-0,31;2;3
2002-01-29 11:00:00Z;-0,35;0;3
2002-01-30 11:00:00Z;-0,44;2;3
2002-01-31 11:00:00Z;-0,52;2;3
2002-02-01 11:00:00Z;-0,61;2;3
2002-02-02 11:00:00Z;-0,69;2;3
2002-02-03 11:00:00Z;-0,78;2;3
2002-02-04 11:00:00Z;-0,86;2;3
2002-02-05 11:00:00Z;-0,95;0;3
2002-02-06 11:00:00Z;-0,92;2;3
2002-02-07 11:00:00Z;-0,89;2;3
2002-02-08 11:00:00Z;-0,86;2;3
2002-02-09 11:00:00Z;-0,84;2;3
2002-02-10 11:00:00Z;-0,81;2;3
2002-02-11 11:00:00Z;-0,78;2;3
2002-02-12 11:00:00Z;-0,75;0;3
2002-02-13 11:00:00Z;-0,69;2;3
2002-02-14 11:00:00Z;-0,64;2;3
2002-02-15 11:00:00Z;-0,58;2;3
2002-02-16 11:00:00Z;-0,52;2;3
2002-02-17 11:00:00Z;-0,46;2;3
2002-02-18 11:00:00Z;-0,41;2;3
2002-02-19 11:00:00Z;-0,35;0;3
2002-02-20 11:00:00Z;-0,4;2;3
2002-02-21 11:00:00Z;-0,45;2;3
2002-02-22 11:00:00Z;-0,5;2;3
2002-02-23 11:00:00Z;-0,55;2;3
2002-02-24 11:00:00Z;-0,6;2;3
2002-02-25 11:00:00Z;-0,65;2;3
2002-02-26 11:00:00Z;-0,7;0;3
2002-02-27 11:00:00Z;-0,79;2;3
2002-02-28 11:00:00Z;-0,87;2;3
2002-03-01 11:00:00Z;-0,96;2;3
2002-03-02 11:00:00Z;-1,04;2;3
2002-03-03 11:00:00Z;-1,13;2;3
2002-03-04 11:00:00Z;-1,21;2;3
2002-03-05 11:00:00Z;-1,3;0;3
2002-03-06 11:00:00Z;-1,39;2;3
2002-03-07 11:00:00Z;-1,47;2;3
2002-03-08 11:00:00Z;-1,56;2;3
2002-03-09 11:00:00Z;-1,64;2;3
2002-03-10 11:00:00Z;-1,73;2;3
2002-03-11 11:00:00Z;-1,81;2;3
2002-03-12 11:00:00Z;-1,9;0;3
2002-03-13 11:00:00Z;-1,97;2;3
2002-03-14 11:00:00Z;-2,04;2;3
2002-03-15 11:00:00Z;-2,11;2;3
2002-03-16 11:00:00Z;-2,19;2;3
2002-03-17 11:00:00Z;-2,26;2;3
2002-03-18 11:00:00Z;-2,33;2;3
2002-03-19 11:00:00Z;-2,4;0;3
2002-03-20 11:00:00Z;-2,46;2;3
2002-03-21 11:00:00Z;-2,53;2;3
2002-03-22 11:00:00Z;-2,59;2;3
2002-03-23 11:00:00Z;-2,66;2;3
2002-03-24 11:00:00Z;-2,72;2;3
2002-03-25 11:00:00Z;-2,79;2;3
2002-03-26 11:00:00Z;-2,85;0;3
2002-03-27 11:00:00Z;-2,54;2;3
2002-03-28 11:00:00Z;-2,24;2;3
2002-03-29 11:00:00Z;-1,93;2;3
2002-03-30 11:00:00Z;-1,62;2;3
2002-03-31 11:00:00Z;-1,31;2;3
2002-04-01 11:00:00Z;-1,01;2;3
2002-04-02 11:00:00Z;-0,7;0;3
2002-04-03 11:00:00Z;-0,61;2;3
2002-04-04 11:00:00Z;-0,53;2;3
2002-04-05 11:00:00Z;-0,44;2;3
2002-04-06 11:00:00Z;-0,36;2;3
2002-04-07 11:00:00Z;-0,27;2;3
2002-04-08 11:00:00Z;-0,19;2;3
2002-04-09 11:00:00Z;-0,1;0;3
2002-04-10 11:00:00Z;-0,09;2;3
2002-04-11 11:00:00Z;-0,09;2;3
2002-04-12 11:00:00Z;-0,08;2;3
2002-04-13 11:00:00Z;-0,07;2;3
2002-04-14 11:00:00Z;-0,06;2;3
2002-04-15 11:00:00Z;-0,06;2;3
2002-04-16 11:00:00Z;-0,05;0;3
2002-04-17 11:00:00Z;-0,09;2;3
2002-04-18 11:00:00Z;-0,12;2;3
2002-04-19 11:00:00Z;-0,16;2;3
2002-04-20 11:00:00Z;-0,19;2;3
2002-04-21 11:00:00Z;-0,23;2;3
2002-04-22 11:00:00Z;-0,26;2;3
2002-04-23 11:00:00Z;-0,3;0;3
2002-04-24 11:00:00Z;-0,31;2;3
2002-04-25 11:00:00Z;-0,31;2;3
2002-04-26 11:00:00Z;-0,32;2;3
2002-04-27 11:00:00Z;-0,33;2;3
2002-04-28 11:00:00Z;-0,34;2;3
2002-04-29 11:00:00Z;-0,34;2;3
2002-04-30 11:00:00Z;-0,35;0;3
2002-05-01 11:00:00Z;-0,41;2;3
2002-05-02 11:00:00Z;-0,46;2;3
2002-05-03 11:00:00Z;-0,52;2;3
2002-05-04 11:00:00Z;-0,58;2;3
2002-05-05 11:00:00Z;-0,64;2;3
2002-05-06 11:00:00Z;-0,69;2;3
2002-05-07 11:00:00Z;-0,75;0;3
2002-05-08 11:00:00Z;-0,8;2;3
2002-05-09 11:00:00Z;-0,85;2;3
2002-05-10 11:00:00Z;-0,9;2;3
2002-05-11 11:00:00Z;-0,95;2;3
2002-05-12 11:00:00Z;-1;2;3
2002-05-13 11:00:00Z;-1,05;2;3
2002-05-14 11:00:00Z;-1,1;0;3
2002-05-15 11:00:00Z;-1,19;2;3
2002-05-16 11:00:00Z;-1,27;2;3
2002-05-17 11:00:00Z;-1,36;2;3
2002-05-18 11:00:00Z;-1,44;2;3
2002-05-19 11:00:00Z;-1,53;2;3
2002-05-20 11:00:00Z;-1,61;2;3
2002-05-21 11:00:00Z;-1,7;0;3
2002-05-22 11:00:00Z;-1,74;2;3
2002-05-23 11:00:00Z;-1,79;2;3
2002-05-24 11:00:00Z;-1,83;2;3
2002-05-25 11:00:00Z;-1,87;2;3
2002-05-26 11:00:00Z;-1,91;2;3
2002-05-27 11:00:00Z;-1,96;2;3
2002-05-28 11:00:00Z;-2;0;3
2002-05-29 11:00:00Z;-2,06;2;3
2002-05-30 11:00:00Z;-2,11;2;3
2002-05-31 11:00:00Z;-2,17;2;3
2002-06-01 11:00:00Z;-2,23;2;3
2002-06-02 11:00:00Z;-2,29;2;3
2002-06-03 11:00:00Z;-2,34;2;3
2002-06-04 11:00:00Z;-2,4;0;3
2002-06-05 11:00:00Z;-2,41;2;3
2002-06-06 11:00:00Z;-2,43;2;3
2002-06-07 11:00:00Z;-2,44;2;3
2002-06-08 11:00:00Z;-2,46;2;3
2002-06-09 11:00:00Z;-2,47;2;3
2002-06-10 11:00:00Z;-2,49;2;3
2002-06-11 11:00:00Z;-2,5;0;3
2002-06-12 11:00:00Z;-2,52;2;3
2002-06-13 11:00:00Z;-2,54;2;3
2002-06-14 11:00:00Z;-2,56;2;3
2002-06-15 11:00:00Z;-2,59;2;3
2002-06-16 11:00:00Z;-2,61;2;3
2002-06-17 11:00:00Z;-2,63;2;3
2002-06-18 11:00:00Z;-2,65;0;3
2002-06-19 11:00:00Z;-2,67;2;3
2002-06-20 11:00:00Z;-2,69;2;3
2002-06-21 11:00:00Z;-2,71;2;3
2002-06-22 11:00:00Z;-2,74;2;3
2002-06-23 11:00:00Z;-2,76;2;3
2002-06-24 11:00:00Z;-2,78;2;3
2002-06-25 11:00:00Z;-2,8;0;3
2002-06-26 11:00:00Z;-2,82;2;3
2002-06-27 11:00:00Z;-2,84;2;3
2002-06-28 11:00:00Z;-2,86;2;3
2002-06-29 11:00:00Z;-2,89;2;3
2002-06-30 11:00:00Z;-2,91;2;3
2002-07-01 11:00:00Z;-2,93;2;3
2002-07-02 11:00:00Z;-2,95;0;3
2002-07-03 11:00:00Z;-2,99;2;3
2002-07-04 11:00:00Z;-3,02;2;3
2002-07-05 11:00:00Z;-3,06;2;3
2002-07-06 11:00:00Z;-3,09;2;3
2002-07-07 11:00:00Z;-3,13;2;3
2002-07-08 11:00:00Z;-3,16;2;3
2002-07-09 11:00:00Z;-3,2;0;3
2002-07-10 11:00:00Z;-3,2;2;3
2002-07-11 11:00:00Z;-3,2;2;3
2002-07-12 11:00:00Z;-3,2;2;3
2002-07-13 11:00:00Z;-3,2;2;3
2002-07-14 11:00:00Z;-3,2;2;3
2002-07-15 11:00:00Z;-3,2;2;3
2002-07-16 11:00:00Z;-3,2;0;3
2002-07-17 11:00:00Z;-3,23;2;3
2002-07-18 11:00:00Z;-3,26;2;3
2002-07-19 11:00:00Z;-3,29;2;3
2002-07-20 11:00:00Z;-3,31;2;3
2002-07-21 11:00:00Z;-3,34;2;3
2002-07-22 11:00:00Z;-3,37;2;3
2002-07-23 11:00:00Z;-3,4;0;3
2002-07-24 11:00:00Z;-3,41;2;3
2002-07-25 11:00:00Z;-3,41;2;3
2002-07-26 11:00:00Z;-3,42;2;3
2002-07-27 11:00:00Z;-3,43;2;3
2002-07-28 11:00:00Z;-3,44;2;3
2002-07-29 11:00:00Z;-3,44;2;3
2002-07-30 11:00:00Z;-3,45;2;3
2002-07-31 11:00:00Z;-3,46;2;3
2002-08-01 11:00:00Z;-3,46;2;3
2002-08-02 11:00:00Z;-3,47;2;3
2002-08-03 11:00:00Z;-3,48;2;3
2002-08-04 11:00:00Z;-3,49;2;3
2002-08-05 11:00:00Z;-3,49;2;3
2002-08-06 11:00:00Z;-3,5;0;3
2002-08-07 11:00:00Z;-3,51;2;3
2002-08-08 11:00:00Z;-3,51;2;3
2002-08-09 11:00:00Z;-3,52;2;3
2002-08-10 11:00:00Z;-3,53;2;3
2002-08-11 11:00:00Z;-3,54;2;3
2002-08-12 11:00:00Z;-3,54;2;3
2002-08-13 11:00:00Z;-3,55;0;3
2002-08-14 11:00:00Z;-3,55;2;3
2002-08-15 11:00:00Z;-3,55;2;3
2002-08-16 11:00:00Z;-3,55;2;3
2002-08-17 11:00:00Z;-3,55;2;3
2002-08-18 11:00:00Z;-3,55;2;3
2002-08-19 11:00:00Z;-3,55;2;3
2002-08-20 11:00:00Z;-3,55;0;3
2002-08-21 11:00:00Z;-3,55;2;3
2002-08-22 11:00:00Z;-3,55;2;3
2002-08-23 11:00:00Z;-3,55;2;3
2002-08-24 11:00:00Z;-3,55;2;3
2002-08-25 11:00:00Z;-3,55;2;3
2002-08-26 11:00:00Z;-3,55;2;3
2002-08-27 11:00:00Z;-3,55;0;3
2002-08-28 11:00:00Z;-3,54;2;3
2002-08-29 11:00:00Z;-3,52;2;3
2002-08-30 11:00:00Z;-3,51;2;3
2002-08-31 11:00:00Z;-3,49;2;3
2002-09-01 11:00:00Z;-3,48;2;3
2002-09-02 11:00:00Z;-3,46;2;3
2002-09-03 11:00:00Z;-3,45;0;3
2002-09-04 11:00:00Z;-3,39;2;3
2002-09-05 11:00:00Z;-3,32;2;3
2002-09-06 11:00:00Z;-3,26;2;3
2002-09-07 11:00:00Z;-3,19;2;3
2002-09-08 11:00:00Z;-3,13;2;3
2002-09-09 11:00:00Z;-3,06;2;3
2002-09-10 11:00:00Z;-3;0;3
2002-09-11 11:00:00Z;-2,87;2;3
2002-09-12 11:00:00Z;-2,74;2;3
2002-09-13 11:00:00Z;-2,61;2;3
2002-09-14 11:00:00Z;-2,49;2;3
2002-09-15 11:00:00Z;-2,36;2;3
2002-09-16 11:00:00Z;-2,23;2;3
2002-09-17 11:00:00Z;-2,1;0;3
2002-09-18 11:00:00Z;-2,01;2;3
2002-09-19 11:00:00Z;-1,93;2;3
2002-09-20 11:00:00Z;-1,84;2;3
2002-09-21 11:00:00Z;-1,76;2;3
2002-09-22 11:00:00Z;-1,67;2;3
2002-09-23 11:00:00Z;-1,59;2;3
2002-09-24 11:00:00Z;-1,5;0;3
2002-09-25 11:00:00Z;-1,45;2;3
2002-09-26 11:00:00Z;-1,4;2;3
2002-09-27 11:00:00Z;-1,35;2;3
2002-09-28 11:00:00Z;-1,3;2;3
2002-09-29 11:00:00Z;-1,25;2;3
2002-09-30 11:00:00Z;-1,2;2;3
2002-10-01 11:00:00Z;-1,15;1;3
2002-10-02 11:00:00Z;-1,14;2;3
2002-10-03 11:00:00Z;-1,14;2;3
2002-10-04 11:00:00Z;-1,13;2;3
2002-10-05 11:00:00Z;-1,12;2;3
2002-10-06 11:00:00Z;-1,11;2;3
2002-10-07 11:00:00Z;-1,11;2;3
2002-10-08 11:00:00Z;-1,1;0;3
2002-10-09 11:00:00Z;-1,16;2;3
2002-10-10 11:00:00Z;-1,21;2;3
2002-10-11 11:00:00Z;-1,27;2;3
2002-10-12 11:00:00Z;-1,33;2;3
2002-10-13 11:00:00Z;-1,39;2;3
2002-10-14 11:00:00Z;-1,44;2;3
2002-10-15 11:00:00Z;-1,5;0;3
2002-10-16 11:00:00Z;-1,55;2;3
2002-10-17 11:00:00Z;-1,6;2;3
2002-10-18 11:00:00Z;-1,65;2;3
2002-10-19 11:00:00Z;-1,7;2;3
2002-10-20 11:00:00Z;-1,75;2;3
2002-10-21 11:00:00Z;-1,8;2;3
2002-10-22 11:00:00Z;-1,85;0;3
2002-10-23 11:00:00Z;-1,86;2;3
2002-10-24 11:00:00Z;-1,86;2;3
2002-10-25 11:00:00Z;-1,87;2;3
2002-10-26 11:00:00Z;-1,88;2;3
2002-10-27 11:00:00Z;-1,89;2;3
2002-10-28 11:00:00Z;-1,89;2;3
2002-10-29 11:00:00Z;-1,9;0;3
2002-10-30 11:00:00Z;-1,89;2;3
2002-10-31 11:00:00Z;-1,87;2;3
2002-11-01 11:00:00Z;-1,86;2;3
2002-11-02 11:00:00Z;-1,84;2;3
2002-11-03 11:00:00Z;-1,83;2;3
2002-11-04 11:00:00Z;-1,81;2;3
2002-11-05 11:00:00Z;-1,8;0;3
2002-11-06 11:00:00Z;-1,81;2;3
2002-11-07 11:00:00Z;-1,83;2;3
2002-11-08 11:00:00Z;-1,84;2;3
2002-11-09 11:00:00Z;-1,86;2;3
2002-11-10 11:00:00Z;-1,87;2;3
2002-11-11 11:00:00Z;-1,89;2;3
2002-11-12 11:00:00Z;-1,9;0;3
2002-11-13 11:00:00Z;-1,93;2;3
2002-11-14 11:00:00Z;-1,96;2;3
2002-11-15 11:00:00Z;-1,99;2;3
2002-11-16 11:00:00Z;-2,01;2;3
2002-11-17 11:00:00Z;-2,04;2;3
2002-11-18 11:00:00Z;-2,07;2;3
2002-11-19 11:00:00Z;-2,1;0;3
2002-11-20 11:00:00Z;-2,14;2;3
2002-11-21 11:00:00Z;-2,19;2;3
2002-11-22 11:00:00Z;-2,23;2;3
2002-11-23 11:00:00Z;-2,27;2;3
2002-11-24 11:00:00Z;-2,31;2;3
2002-11-25 11:00:00Z;-2,36;2;3
2002-11-26 11:00:00Z;-2,4;0;3
2002-11-27 11:00:00Z;-2,47;2;3
2002-11-28 11:00:00Z;-2,54;2;3
2002-11-29 11:00:00Z;-2,61;2;3
2002-11-30 11:00:00Z;-2,69;2;3
2002-12-01 11:00:00Z;-2,76;2;3
2002-12-02 11:00:00Z;-2,83;2;3
2002-12-03 11:00:00Z;-2,9;0;3
2002-12-04 11:00:00Z;-2,91;2;3
2002-12-05 11:00:00Z;-2,93;2;3
2002-12-06 11:00:00Z;-2,94;2;3
2002-12-07 11:00:00Z;-2,96;2;3
2002-12-08 11:00:00Z;-2,97;2;3
2002-12-09 11:00:00Z;-2,99;2;3
2002-12-10 11:00:00Z;-3;0;3
2002-12-11 11:00:00Z;-3,01;2;3
2002-12-12 11:00:00Z;-3,03;2;3
2002-12-13 11:00:00Z;-3,04;2;3
2002-12-14 11:00:00Z;-3,06;2;3
2002-12-15 11:00:00Z;-3,07;2;3
2002-12-16 11:00:00Z;-3,09;2;3
2002-12-17 11:00:00Z;-3,1;0;3
2002-12-18 11:00:00Z;-2,99;2;3
2002-12-19 11:00:00Z;-2,87;2;3
2002-12-20 11:00:00Z;-2,76;2;3
2002-12-21 11:00:00Z;-2,64;2;3
2002-12-22 11:00:00Z;-2,53;2;3
2002-12-23 11:00:00Z;-2,41;2;3
2002-12-24 11:00:00Z;-2,3;0;3
2002-12-25 11:00:00Z;-2,31;2;3
2002-12-26 11:00:00Z;-2,33;2;3
2002-12-27 11:00:00Z;-2,34;2;3
2002-12-28 11:00:00Z;-2,36;2;3
2002-12-29 11:00:00Z;-2,37;2;3
2002-12-30 11:00:00Z;-2,39;2;3
2002-12-31 11:00:00Z;-2,4;0;3
2003-01-01 11:00:00Z;-2,3429;2;3
2003-01-02 11:00:00Z;-2,2857;2;3
2003-01-03 11:00:00Z;-2,2286;2;3
2003-01-04 11:00:00Z;-2,1714;2;3
2003-01-05 11:00:00Z;-2,1143;2;3
2003-01-06 11:00:00Z;-2,0571;2;3
2003-01-07 11:00:00Z;-2;0;3
2003-01-08 11:00:00Z;-1,9286;2;3
2003-01-09 11:00:00Z;-1,8571;2;3
2003-01-10 11:00:00Z;-1,7857;2;3
2003-01-11 11:00:00Z;-1,7143;2;3
2003-01-12 11:00:00Z;-1,6429;2;3
2003-01-13 11:00:00Z;-1,5714;2;3
2003-01-14 11:00:00Z;-1,5;0;3
2003-01-15 11:00:00Z;-1,4571;2;3
2003-01-16 11:00:00Z;-1,4143;2;3
2003-01-17 11:00:00Z;-1,3714;2;3
2003-01-18 11:00:00Z;-1,3286;2;3
2003-01-19 11:00:00Z;-1,2857;2;3
2003-01-20 11:00:00Z;-1,2429;2;3
2003-01-21 11:00:00Z;-1,2;0;3
2003-01-22 11:00:00Z;-1,1429;2;3
2003-01-23 11:00:00Z;-1,0857;2;3
2003-01-24 11:00:00Z;-1,0286;2;3
2003-01-25 11:00:00Z;-0,9714;2;3
2003-01-26 11:00:00Z;-0,9143;2;3
2003-01-27 11:00:00Z;-0,8571;2;3
2003-01-28 11:00:00Z;-0,8;0;3
2003-01-29 11:00:00Z;-0,8143;2;3
2003-01-30 11:00:00Z;-0,8286;2;3
2003-01-31 11:00:00Z;-0,8429;2;3
2003-02-01 11:00:00Z;-0,8571;2;3
2003-02-02 11:00:00Z;-0,8714;2;3
2003-02-03 11:00:00Z;-0,8857;2;3
2003-02-04 11:00:00Z;-0,9;0;3
2003-02-05 11:00:00Z;-0,9857;2;3
2003-02-06 11:00:00Z;-1,0714;2;3
2003-02-07 11:00:00Z;-1,1571;2;3
2003-02-08 11:00:00Z;-1,2429;2;3
2003-02-09 11:00:00Z;-1,3286;2;3
2003-02-10 11:00:00Z;-1,4143;2;3
2003-02-11 11:00:00Z;-1,5;0;3
2003-02-12 11:00:00Z;-1,55;2;3
2003-02-13 11:00:00Z;-1,6;2;3
2003-02-14 11:00:00Z;-1,65;2;3
2003-02-15 11:00:00Z;-1,7;2;3
2003-02-16 11:00:00Z;-1,75;2;3
2003-02-17 11:00:00Z;-1,8;2;3
2003-02-18 11:00:00Z;-1,85;0;3
2003-02-19 11:00:00Z;-1,8857;2;3
2003-02-20 11:00:00Z;-1,9214;2;3
2003-02-21 11:00:00Z;-1,9571;2;3
2003-02-22 11:00:00Z;-1,9929;2;3
2003-02-23 11:00:00Z;-2,0286;2;3
2003-02-24 11:00:00Z;-2,0643;2;3
2003-02-25 11:00:00Z;-2,1;0;3
2003-02-26 11:00:00Z;-2,1857;2;3
2003-02-27 11:00:00Z;-2,2714;2;3
2003-02-28 11:00:00Z;-2,3571;2;3
2003-03-01 11:00:00Z;-2,4429;2;3
2003-03-02 11:00:00Z;-2,5286;2;3
2003-03-03 11:00:00Z;-2,6143;2;3
2003-03-04 11:00:00Z;-2,7;0;3
2003-03-05 11:00:00Z;-2,7286;2;3
2003-03-06 11:00:00Z;-2,7571;2;3
2003-03-07 11:00:00Z;-2,7857;2;3
2003-03-08 11:00:00Z;-2,8143;2;3
2003-03-09 11:00:00Z;-2,8429;2;3
2003-03-10 11:00:00Z;-2,8714;2;3
2003-03-11 11:00:00Z;-2,9;0;3
2003-03-12 11:00:00Z;-2,7714;2;3
2003-03-13 11:00:00Z;-2,6429;2;3
2003-03-14 11:00:00Z;-2,5143;2;3
2003-03-15 11:00:00Z;-2,3857;2;3
2003-03-16 11:00:00Z;-2,2571;2;3
2003-03-17 11:00:00Z;-2,1286;2;3
2003-03-18 11:00:00Z;-2;0;3
2003-03-19 11:00:00Z;-1,9071;2;3
2003-03-20 11:00:00Z;-1,8143;2;3
2003-03-21 11:00:00Z;-1,7214;2;3
2003-03-22 11:00:00Z;-1,6286;2;3
2003-03-23 11:00:00Z;-1,5357;2;3
2003-03-24 11:00:00Z;-1,4429;2;3
2003-03-25 11:00:00Z;-1,35;0;3
2003-03-26 11:00:00Z;-1,3286;2;3
2003-03-27 11:00:00Z;-1,3071;2;3
2003-03-28 11:00:00Z;-1,2857;2;3
2003-03-29 11:00:00Z;-1,2643;2;3
2003-03-30 11:00:00Z;-1,2429;2;3
2003-03-31 11:00:00Z;-1,2214;2;3
2003-04-01 11:00:00Z;-1,2;0;3
2003-04-02 11:00:00Z;-1,15;2;3
2003-04-03 11:00:00Z;-1,1;2;3
2003-04-04 11:00:00Z;-1,05;2;3
2003-04-05 11:00:00Z;-1;2;3
2003-04-06 11:00:00Z;-0,95;2;3
2003-04-07 11:00:00Z;-0,9;2;3
2003-04-08 11:00:00Z;-0,85;0;3
2003-04-09 11:00:00Z;-0,8571;2;3
2003-04-10 11:00:00Z;-0,8643;2;3
2003-04-11 11:00:00Z;-0,8714;2;3
2003-04-12 11:00:00Z;-0,8786;2;3
2003-04-13 11:00:00Z;-0,8857;2;3
2003-04-14 11:00:00Z;-0,8929;2;3
2003-04-15 11:00:00Z;-0,9;0;3
2003-04-16 11:00:00Z;-1,0286;2;3
2003-04-17 11:00:00Z;-1,1571;2;3
2003-04-18 11:00:00Z;-1,2857;2;3
2003-04-19 11:00:00Z;-1,4143;2;3
2003-04-20 11:00:00Z;-1,5429;2;3
2003-04-21 11:00:00Z;-1,6714;2;3
2003-04-22 11:00:00Z;-1,8;0;3
2003-04-23 11:00:00Z;-1,8643;2;3
2003-04-24 11:00:00Z;-1,9286;2;3
2003-04-25 11:00:00Z;-1,9929;2;3
2003-04-26 11:00:00Z;-2,0571;2;3
2003-04-27 11:00:00Z;-2,1214;2;3
2003-04-28 11:00:00Z;-2,1857;2;3
2003-04-29 11:00:00Z;-2,25;0;3
2003-04-30 11:00:00Z;-2,2857;2;3
2003-05-01 11:00:00Z;-2,3214;2;3
2003-05-02 11:00:00Z;-2,3571;2;3
2003-05-03 11:00:00Z;-2,3929;2;3
2003-05-04 11:00:00Z;-2,4286;2;3
2003-05-05 11:00:00Z;-2,4643;2;3
2003-05-06 11:00:00Z;-2,5;0;3
2003-05-07 11:00:00Z;-2,4714;2;3
2003-05-08 11:00:00Z;-2,4429;2;3
2003-05-09 11:00:00Z;-2,4143;2;3
2003-05-10 11:00:00Z;-2,3857;2;3
2003-05-11 11:00:00Z;-2,3571;2;3
2003-05-12 11:00:00Z;-2,3286;2;3
2003-05-13 11:00:00Z;-2,3;0;3
2003-05-14 11:00:00Z;-2,2857;2;3
2003-05-15 11:00:00Z;-2,2714;2;3
2003-05-16 11:00:00Z;-2,2571;2;3
2003-05-17 11:00:00Z;-2,2429;2;3
2003-05-18 11:00:00Z;-2,2286;2;3
2003-05-19 11:00:00Z;-2,2143;2;3
2003-05-20 11:00:00Z;-2,2;0;3
2003-05-21 11:00:00Z;-2,1857;2;3
2003-05-22 11:00:00Z;-2,1714;2;3
2003-05-23 11:00:00Z;-2,1571;2;3
2003-05-24 11:00:00Z;-2,1429;2;3
2003-05-25 11:00:00Z;-2,1286;2;3
2003-05-26 11:00:00Z;-2,1143;2;3
2003-05-27 11:00:00Z;-2,1;0;3
2003-05-28 11:00:00Z;-2,1;2;3
2003-05-29 11:00:00Z;-2,1;2;3
2003-05-30 11:00:00Z;-2,1;2;3
2003-05-31 11:00:00Z;-2,1;2;3
2003-06-01 11:00:00Z;-2,1;2;3
2003-06-02 11:00:00Z;-2,1;2;3
2003-06-03 11:00:00Z;-2,1;0;3
2003-06-04 11:00:00Z;-2,0714;2;3
2003-06-05 11:00:00Z;-2,0429;2;3
2003-06-06 11:00:00Z;-2,0143;2;3
2003-06-07 11:00:00Z;-1,9857;2;3
2003-06-08 11:00:00Z;-1,9571;2;3
2003-06-09 11:00:00Z;-1,9286;2;3
2003-06-10 11:00:00Z;-1,9;0;3
2003-06-11 11:00:00Z;-1,9286;2;3
2003-06-12 11:00:00Z;-1,9571;2;3
2003-06-13 11:00:00Z;-1,9857;2;3
2003-06-14 11:00:00Z;-2,0143;2;3
2003-06-15 11:00:00Z;-2,0429;2;3
2003-06-16 11:00:00Z;-2,0714;2;3
2003-06-17 11:00:00Z;-2,1;0;3
2003-06-18 11:00:00Z;-2,0929;2;3
2003-06-19 11:00:00Z;-2,0857;2;3
2003-06-20 11:00:00Z;-2,0786;2;3
2003-06-21 11:00:00Z;-2,0714;2;3
2003-06-22 11:00:00Z;-2,0643;2;3
2003-06-23 11:00:00Z;-2,0571;2;3
2003-06-24 11:00:00Z;-2,05;0;3
2003-06-25 11:00:00Z;-2,1143;2;3
2003-06-26 11:00:00Z;-2,1786;2;3
2003-06-27 11:00:00Z;-2,2429;2;3
2003-06-28 11:00:00Z;-2,3071;2;3
2003-06-29 11:00:00Z;-2,3714;2;3
2003-06-30 11:00:00Z;-2,4357;2;3
2003-07-01 11:00:00Z;-2,5;0;3
2003-07-02 11:00:00Z;-2,5429;2;3
2003-07-03 11:00:00Z;-2,5857;2;3
2003-07-04 11:00:00Z;-2,6286;2;3
2003-07-05 11:00:00Z;-2,6714;2;3
2003-07-06 11:00:00Z;-2,7143;2;3
2003-07-07 11:00:00Z;-2,7571;2;3
2003-07-08 11:00:00Z;-2,8;0;3
2003-07-09 11:00:00Z;-2,8;2;3
2003-07-10 11:00:00Z;-2,8;2;3
2003-07-11 11:00:00Z;-2,8;2;3
2003-07-12 11:00:00Z;-2,8;2;3
2003-07-13 11:00:00Z;-2,8;2;3
2003-07-14 11:00:00Z;-2,8;2;3
2003-07-15 11:00:00Z;-2,8;0;3
2003-07-16 11:00:00Z;-2,8143;2;3
2003-07-17 11:00:00Z;-2,8286;2;3
2003-07-18 11:00:00Z;-2,8429;2;3
2003-07-19 11:00:00Z;-2,8571;2;3
2003-07-20 11:00:00Z;-2,8714;2;3
2003-07-21 11:00:00Z;-2,8857;2;3
2003-07-22 11:00:00Z;-2,9;0;3
2003-07-23 11:00:00Z;-2,9429;2;3
2003-07-24 11:00:00Z;-2,9857;2;3
2003-07-25 11:00:00Z;-3,0286;2;3
2003-07-26 11:00:00Z;-3,0714;2;3
2003-07-27 11:00:00Z;-3,1143;2;3
2003-07-28 11:00:00Z;-3,1571;2;3
2003-07-29 11:00:00Z;-3,2;0;3
2003-07-30 11:00:00Z;-3,2286;2;3
2003-07-31 11:00:00Z;-3,2571;2;3
2003-08-01 11:00:00Z;-3,2857;2;3
2003-08-02 11:00:00Z;-3,3143;2;3
2003-08-03 11:00:00Z;-3,3429;2;3
2003-08-04 11:00:00Z;-3,3714;2;3
2003-08-05 11:00:00Z;-3,4;0;3
2003-08-06 11:00:00Z;-3,3857;2;3
2003-08-07 11:00:00Z;-3,3714;2;3
2003-08-08 11:00:00Z;-3,3571;2;3
2003-08-09 11:00:00Z;-3,3429;2;3
2003-08-10 11:00:00Z;-3,3286;2;3
2003-08-11 11:00:00Z;-3,3143;2;3
2003-08-12 11:00:00Z;-3,3;0;3
2003-08-13 11:00:00Z;-3,3;2;3
2003-08-14 11:00:00Z;-3,3;2;3
2003-08-15 11:00:00Z;-3,3;2;3
2003-08-16 11:00:00Z;-3,3;2;3
2003-08-17 11:00:00Z;-3,3;2;3
2003-08-18 11:00:00Z;-3,3;2;3
2003-08-19 11:00:00Z;-3,3;0;3
2003-08-20 11:00:00Z;-3,2929;2;3
2003-08-21 11:00:00Z;-3,2857;2;3
2003-08-22 11:00:00Z;-3,2786;2;3
2003-08-23 11:00:00Z;-3,2714;2;3
2003-08-24 11:00:00Z;-3,2643;2;3
2003-08-25 11:00:00Z;-3,2571;2;3
2003-08-26 11:00:00Z;-3,25;0;3
2003-08-27 11:00:00Z;-3,1714;2;3
2003-08-28 11:00:00Z;-3,0929;2;3
2003-08-29 11:00:00Z;-3,0143;2;3
2003-08-30 11:00:00Z;-2,9357;2;3
2003-08-31 11:00:00Z;-2,8571;2;3
2003-09-01 11:00:00Z;-2,7786;2;3
2003-09-02 11:00:00Z;-2,7;0;3
2003-09-03 11:00:00Z;-2,6429;2;3
2003-09-04 11:00:00Z;-2,5857;2;3
2003-09-05 11:00:00Z;-2,5286;2;3
2003-09-06 11:00:00Z;-2,4714;2;3
2003-09-07 11:00:00Z;-2,4143;2;3
2003-09-08 11:00:00Z;-2,3571;2;3
2003-09-09 11:00:00Z;-2,3;0;3
2003-09-10 11:00:00Z;-2,3143;2;3
2003-09-11 11:00:00Z;-2,3286;2;3
2003-09-12 11:00:00Z;-2,3429;2;3
2003-09-13 11:00:00Z;-2,3571;2;3
2003-09-14 11:00:00Z;-2,3714;2;3
2003-09-15 11:00:00Z;-2,3857;2;3
2003-09-16 11:00:00Z;-2,4;0;3
2003-09-17 11:00:00Z;-2,3571;2;3
2003-09-18 11:00:00Z;-2,3143;2;3
2003-09-19 11:00:00Z;-2,2714;2;3
2003-09-20 11:00:00Z;-2,2286;2;3
2003-09-21 11:00:00Z;-2,1857;2;3
2003-09-22 11:00:00Z;-2,1429;2;3
2003-09-23 11:00:00Z;-2,1;0;3
2003-09-24 11:00:00Z;-2,1071;2;3
2003-09-25 11:00:00Z;-2,1143;2;3
2003-09-26 11:00:00Z;-2,1214;2;3
2003-09-27 11:00:00Z;-2,1286;2;3
2003-09-28 11:00:00Z;-2,1357;2;3
2003-09-29 11:00:00Z;-2,1429;2;3
2003-09-30 11:00:00Z;-2,15;0;3
2003-10-01 11:00:00Z;-2;2;3
2003-10-02 11:00:00Z;-1,85;0;3
2003-10-03 11:00:00Z;-1,82;2;3
2003-10-04 11:00:00Z;-1,79;2;3
2003-10-05 11:00:00Z;-1,76;2;3
2003-10-06 11:00:00Z;-1,73;2;3
2003-10-07 11:00:00Z;-1,7;0;3
2003-10-08 11:00:00Z;-1,6429;2;3
2003-10-09 11:00:00Z;-1,5857;2;3
2003-10-10 11:00:00Z;-1,5286;2;3
2003-10-11 11:00:00Z;-1,4714;2;3
2003-10-12 11:00:00Z;-1,4143;2;3
2003-10-13 11:00:00Z;-1,3571;2;3
2003-10-14 11:00:00Z;-1,3;0;3
2003-10-15 11:00:00Z;-1,2929;2;3
2003-10-16 11:00:00Z;-1,2857;2;3
2003-10-17 11:00:00Z;-1,2786;2;3
2003-10-18 11:00:00Z;-1,2714;2;3
2003-10-19 11:00:00Z;-1,2643;2;3
2003-10-20 11:00:00Z;-1,2571;2;3
2003-10-21 11:00:00Z;-1,25;0;3
2003-10-22 11:00:00Z;-1,2714;2;3
2003-10-23 11:00:00Z;-1,2929;2;3
2003-10-24 11:00:00Z;-1,3143;2;3
2003-10-25 11:00:00Z;-1,3357;2;3
2003-10-26 11:00:00Z;-1,3571;2;3
2003-10-27 11:00:00Z;-1,3786;2;3
2003-10-28 11:00:00Z;-1,4;0;3
2003-10-29 11:00:00Z;-1,3057;2;3
2003-10-30 11:00:00Z;-1,2114;2;3
2003-10-31 11:00:00Z;-1,1171;2;3
2003-11-01 11:00:00Z;-1,0229;2;3
2003-11-02 11:00:00Z;-0,9286;2;3
2003-11-03 11:00:00Z;-0,8343;2;3
2003-11-04 11:00:00Z;-0,74;0;3
2003-11-05 11:00:00Z;-0,7543;2;3
2003-11-06 11:00:00Z;-0,7686;2;3
2003-11-07 11:00:00Z;-0,7829;2;3
2003-11-08 11:00:00Z;-0,7971;2;3
2003-11-09 11:00:00Z;-0,8114;2;3
2003-11-10 11:00:00Z;-0,8257;2;3
2003-11-11 11:00:00Z;-0,84;0;3
2003-11-12 11:00:00Z;-0,8771;2;3
2003-11-13 11:00:00Z;-0,9143;2;3
2003-11-14 11:00:00Z;-0,9514;2;3
2003-11-15 11:00:00Z;-0,9886;2;3
2003-11-16 11:00:00Z;-1,0257;2;3
2003-11-17 11:00:00Z;-1,0629;2;3
2003-11-18 11:00:00Z;-1,1;0;3
2003-11-19 11:00:00Z;-1,1429;2;3
2003-11-20 11:00:00Z;-1,1857;2;3
2003-11-21 11:00:00Z;-1,2286;2;3
2003-11-22 11:00:00Z;-1,2714;2;3
2003-11-23 11:00:00Z;-1,3143;2;3
2003-11-24 11:00:00Z;-1,3571;2;3
2003-11-25 11:00:00Z;-1,4;0;3
2003-11-26 11:00:00Z;-1,4643;2;3
2003-11-27 11:00:00Z;-1,5286;2;3
2003-11-28 11:00:00Z;-1,5929;2;3
2003-11-29 11:00:00Z;-1,6571;2;3
2003-11-30 11:00:00Z;-1,7214;2;3
2003-12-01 11:00:00Z;-1,7857;2;3
2003-12-02 11:00:00Z;-1,85;0;3
2003-12-03 11:00:00Z;-1,8286;2;3
2003-12-04 11:00:00Z;-1,8071;2;3
2003-12-05 11:00:00Z;-1,7857;2;3
2003-12-06 11:00:00Z;-1,7643;2;3
2003-12-07 11:00:00Z;-1,7429;2;3
2003-12-08 11:00:00Z;-1,7214;2;3
2003-12-09 11:00:00Z;-1,7;0;3
2003-12-10 11:00:00Z;-1,6271;2;3
2003-12-11 11:00:00Z;-1,5543;2;3
2003-12-12 11:00:00Z;-1,4814;2;3
2003-12-13 11:00:00Z;-1,4086;2;3
2003-12-14 11:00:00Z;-1,3357;2;3
2003-12-15 11:00:00Z;-1,2629;2;3
2003-12-16 11:00:00Z;-1,19;0;3
2003-12-17 11:00:00Z;-1,0286;2;3
2003-12-18 11:00:00Z;-0,8671;2;3
2003-12-19 11:00:00Z;-0,7057;2;3
2003-12-20 11:00:00Z;-0,5443;2;3
2003-12-21 11:00:00Z;-0,3829;2;3
2003-12-22 11:00:00Z;-0,2214;2;3
2003-12-23 11:00:00Z;-0,06;0;3
2003-12-24 11:00:00Z;-0,0586;2;3
2003-12-25 11:00:00Z;-0,0571;2;3
2003-12-26 11:00:00Z;-0,0557;2;3
2003-12-27 11:00:00Z;-0,0543;2;3
2003-12-28 11:00:00Z;-0,0529;2;3
2003-12-29 11:00:00Z;-0,0514;2;3
2003-12-30 11:00:00Z;-0,05;0;3
2003-12-31 11:00:00Z;-0,0971;2;3
2004-01-01 11:00:00Z;-0,1443;2;3
2004-01-02 11:00:00Z;-0,1914;2;3
2004-01-03 11:00:00Z;-0,2386;2;3
2004-01-04 11:00:00Z;-0,2857;2;3
2004-01-05 11:00:00Z;-0,3329;2;3
2004-01-06 11:00:00Z;-0,38;0;3
2004-01-07 11:00:00Z;-0,4557;2;3
2004-01-08 11:00:00Z;-0,5314;2;3
2004-01-09 11:00:00Z;-0,6071;2;3
2004-01-10 11:00:00Z;-0,6829;2;3
2004-01-11 11:00:00Z;-0,7586;2;3
2004-01-12 11:00:00Z;-0,8343;2;3
2004-01-13 11:00:00Z;-0,91;0;3
2004-01-14 11:00:00Z;-0,9814;2;3
2004-01-15 11:00:00Z;-1,0529;2;3
2004-01-16 11:00:00Z;-1,1243;2;3
2004-01-17 11:00:00Z;-1,1957;2;3
2004-01-18 11:00:00Z;-1,2671;2;3
2004-01-19 11:00:00Z;-1,3386;2;3
2004-01-20 11:00:00Z;-1,41;0;3
2004-01-21 11:00:00Z;-1,4771;2;3
2004-01-22 11:00:00Z;-1,5443;2;3
2004-01-23 11:00:00Z;-1,6114;2;3
2004-01-24 11:00:00Z;-1,6786;2;3
2004-01-25 11:00:00Z;-1,7457;2;3
2004-01-26 11:00:00Z;-1,8129;2;3
2004-01-27 11:00:00Z;-1,88;0;3
2004-01-28 11:00:00Z;-1,9429;2;3
2004-01-29 11:00:00Z;-2,0057;2;3
2004-01-30 11:00:00Z;-2,0686;2;3
2004-01-31 11:00:00Z;-2,1314;2;3
2004-02-01 11:00:00Z;-2,1943;2;3
2004-02-02 11:00:00Z;-2,2571;2;3
2004-02-03 11:00:00Z;-2,32;0;3
2004-02-04 11:00:00Z;-2,3;2;3
2004-02-05 11:00:00Z;-2,28;2;3
2004-02-06 11:00:00Z;-2,26;2;3
2004-02-07 11:00:00Z;-2,24;2;3
2004-02-08 11:00:00Z;-2,22;2;3
2004-02-09 11:00:00Z;-2,2;2;3
2004-02-10 11:00:00Z;-2,18;0;3
2004-02-11 11:00:00Z;-2,0286;2;3
2004-02-12 11:00:00Z;-1,8771;2;3
2004-02-13 11:00:00Z;-1,7257;2;3
2004-02-14 11:00:00Z;-1,5743;2;3
2004-02-15 11:00:00Z;-1,4229;2;3
2004-02-16 11:00:00Z;-1,2714;2;3
2004-02-17 11:00:00Z;-1,12;0;3
2004-02-18 11:00:00Z;-1,1029;2;3
2004-02-19 11:00:00Z;-1,0857;2;3
2004-02-20 11:00:00Z;-1,0686;2;3
2004-02-21 11:00:00Z;-1,0514;2;3
2004-02-22 11:00:00Z;-1,0343;2;3
2004-02-23 11:00:00Z;-1,0171;2;3
2004-02-24 11:00:00Z;-1;0;3
2004-02-25 11:00:00Z;-0,9;2;3
2004-02-26 11:00:00Z;-0,8;2;3
2004-02-27 11:00:00Z;-0,7;2;3
2004-02-28 11:00:00Z;-0,6;2;3
2004-02-29 11:00:00Z;-0,5;2;3
2004-03-01 11:00:00Z;-0,4;2;3
2004-03-02 11:00:00Z;-0,3;0;3
2004-03-03 11:00:00Z;-0,3686;2;3
2004-03-04 11:00:00Z;-0,4371;2;3
2004-03-05 11:00:00Z;-0,5057;2;3
2004-03-06 11:00:00Z;-0,5743;2;3
2004-03-07 11:00:00Z;-0,6429;2;3
2004-03-08 11:00:00Z;-0,7114;2;3
2004-03-09 11:00:00Z;-0,78;0;3
2004-03-10 11:00:00Z;-0,8514;2;3
2004-03-11 11:00:00Z;-0,9229;2;3
2004-03-12 11:00:00Z;-0,9943;2;3
2004-03-13 11:00:00Z;-1,0657;2;3
2004-03-14 11:00:00Z;-1,1371;2;3
2004-03-15 11:00:00Z;-1,2086;2;3
2004-03-16 11:00:00Z;-1,28;0;3
2004-03-17 11:00:00Z;-1,2486;2;3
2004-03-18 11:00:00Z;-1,2171;2;3
2004-03-19 11:00:00Z;-1,1857;2;3
2004-03-20 11:00:00Z;-1,1543;2;3
2004-03-21 11:00:00Z;-1,1229;2;3
2004-03-22 11:00:00Z;-1,0914;2;3
2004-03-23 11:00:00Z;-1,06;0;3
2004-03-24 11:00:00Z;-1,0857;2;3
2004-03-25 11:00:00Z;-1,1114;2;3
2004-03-26 11:00:00Z;-1,1371;2;3
2004-03-27 11:00:00Z;-1,1629;2;3
2004-03-28 11:00:00Z;-1,1886;2;3
2004-03-29 11:00:00Z;-1,2143;2;3
2004-03-30 11:00:00Z;-1,24;0;3
2004-03-31 11:00:00Z;-1,2429;2;3
2004-04-01 11:00:00Z;-1,2457;2;3
2004-04-02 11:00:00Z;-1,2486;2;3
2004-04-03 11:00:00Z;-1,2514;2;3
2004-04-04 11:00:00Z;-1,2543;2;3
2004-04-05 11:00:00Z;-1,2571;2;3
2004-04-06 11:00:00Z;-1,26;0;3
2004-04-07 11:00:00Z;-1,2357;2;3
2004-04-08 11:00:00Z;-1,2114;2;3
2004-04-09 11:00:00Z;-1,1871;2;3
2004-04-10 11:00:00Z;-1,1629;2;3
2004-04-11 11:00:00Z;-1,1386;2;3
2004-04-12 11:00:00Z;-1,1143;2;3
2004-04-13 11:00:00Z;-1,09;0;3
2004-04-14 11:00:00Z;-1,0443;2;3
2004-04-15 11:00:00Z;-0,9986;2;3
2004-04-16 11:00:00Z;-0,9529;2;3
2004-04-17 11:00:00Z;-0,9071;2;3
2004-04-18 11:00:00Z;-0,8614;2;3
2004-04-19 11:00:00Z;-0,8157;2;3
2004-04-20 11:00:00Z;-0,77;0;3
2004-04-21 11:00:00Z;-0,8414;2;3
2004-04-22 11:00:00Z;-0,9129;2;3
2004-04-23 11:00:00Z;-0,9843;2;3
2004-04-24 11:00:00Z;-1,0557;2;3
2004-04-25 11:00:00Z;-1,1271;2;3
2004-04-26 11:00:00Z;-1,1986;2;3
2004-04-27 11:00:00Z;-1,27;0;3
2004-04-28 11:00:00Z;-1,3457;2;3
2004-04-29 11:00:00Z;-1,4214;2;3
2004-04-30 11:00:00Z;-1,4971;2;3
2004-05-01 11:00:00Z;-1,5729;2;3
2004-05-02 11:00:00Z;-1,6486;2;3
2004-05-03 11:00:00Z;-1,7243;2;3
2004-05-04 11:00:00Z;-1,8;0;3
2004-05-05 11:00:00Z;-1,8757;2;3
2004-05-06 11:00:00Z;-1,9514;2;3
2004-05-07 11:00:00Z;-2,0271;2;3
2004-05-08 11:00:00Z;-2,1029;2;3
2004-05-09 11:00:00Z;-2,1786;2;3
2004-05-10 11:00:00Z;-2,2543;2;3
2004-05-11 11:00:00Z;-2,33;0;3
2004-05-12 11:00:00Z;-2,3771;2;3
2004-05-13 11:00:00Z;-2,4243;2;3
2004-05-14 11:00:00Z;-2,4714;2;3
2004-05-15 11:00:00Z;-2,5186;2;3
2004-05-16 11:00:00Z;-2,5657;2;3
2004-05-17 11:00:00Z;-2,6129;2;3
2004-05-18 11:00:00Z;-2,66;0;3
2004-05-19 11:00:00Z;-2,5014;2;3
2004-05-20 11:00:00Z;-2,3429;2;3
2004-05-21 11:00:00Z;-2,1843;2;3
2004-05-22 11:00:00Z;-2,0257;2;3
2004-05-23 11:00:00Z;-1,8671;2;3
2004-05-24 11:00:00Z;-1,7086;2;3
2004-05-25 11:00:00Z;-1,55;0;3
2004-05-26 11:00:00Z;-1,51;2;3
2004-05-27 11:00:00Z;-1,47;2;3
2004-05-28 11:00:00Z;-1,43;2;3
2004-05-29 11:00:00Z;-1,39;2;3
2004-05-30 11:00:00Z;-1,35;2;3
2004-05-31 11:00:00Z;-1,31;2;3
2004-06-01 11:00:00Z;-1,27;0;3
2004-06-02 11:00:00Z;-1,3186;2;3
2004-06-03 11:00:00Z;-1,3671;2;3
2004-06-04 11:00:00Z;-1,4157;2;3
2004-06-05 11:00:00Z;-1,4643;2;3
2004-06-06 11:00:00Z;-1,5129;2;3
2004-06-07 11:00:00Z;-1,5614;2;3
2004-06-08 11:00:00Z;-1,61;0;3
2004-06-09 11:00:00Z;-1,6371;2;3
2004-06-10 11:00:00Z;-1,6643;2;3
2004-06-11 11:00:00Z;-1,6914;2;3
2004-06-12 11:00:00Z;-1,7186;2;3
2004-06-13 11:00:00Z;-1,7457;2;3
2004-06-14 11:00:00Z;-1,7729;2;3
2004-06-15 11:00:00Z;-1,8;0;3
2004-06-16 11:00:00Z;-1,7786;2;3
2004-06-17 11:00:00Z;-1,7571;2;3
2004-06-18 11:00:00Z;-1,7357;2;3
2004-06-19 11:00:00Z;-1,7143;2;3
2004-06-20 11:00:00Z;-1,6929;2;3
2004-06-21 11:00:00Z;-1,6714;2;3
2004-06-22 11:00:00Z;-1,65;0;3
2004-06-23 11:00:00Z;-1,6371;2;3
2004-06-24 11:00:00Z;-1,6243;2;3
2004-06-25 11:00:00Z;-1,6114;2;3
2004-06-26 11:00:00Z;-1,5986;2;3
2004-06-27 11:00:00Z;-1,5857;2;3
2004-06-28 11:00:00Z;-1,5729;2;3
2004-06-29 11:00:00Z;-1,56;0;3
2004-06-30 11:00:00Z;-1,6029;2;3
2004-07-01 11:00:00Z;-1,6457;2;3
2004-07-02 11:00:00Z;-1,6886;2;3
2004-07-03 11:00:00Z;-1,7314;2;3
2004-07-04 11:00:00Z;-1,7743;2;3
2004-07-05 11:00:00Z;-1,8171;2;3
2004-07-06 11:00:00Z;-1,86;0;3
2004-07-07 11:00:00Z;-1,88;2;3
2004-07-08 11:00:00Z;-1,9;2;3
2004-07-09 11:00:00Z;-1,92;2;3
2004-07-10 11:00:00Z;-1,94;2;3
2004-07-11 11:00:00Z;-1,96;2;3
2004-07-12 11:00:00Z;-1,98;2;3
2004-07-13 11:00:00Z;-2;0;3
2004-07-14 11:00:00Z;-2,0329;2;3
2004-07-15 11:00:00Z;-2,0657;2;3
2004-07-16 11:00:00Z;-2,0986;2;3
2004-07-17 11:00:00Z;-2,1314;2;3
2004-07-18 11:00:00Z;-2,1643;2;3
2004-07-19 11:00:00Z;-2,1971;2;3
2004-07-20 11:00:00Z;-2,23;0;3
2004-07-21 11:00:00Z;-2,2714;2;3
2004-07-22 11:00:00Z;-2,3129;2;3
2004-07-23 11:00:00Z;-2,3543;2;3
2004-07-24 11:00:00Z;-2,3957;2;3
2004-07-25 11:00:00Z;-2,4371;2;3
2004-07-26 11:00:00Z;-2,4786;2;3
2004-07-27 11:00:00Z;-2,52;0;3
2004-07-28 11:00:00Z;-2,5643;2;3
2004-07-29 11:00:00Z;-2,6086;2;3
2004-07-30 11:00:00Z;-2,6529;2;3
2004-07-31 11:00:00Z;-2,6971;2;3
2004-08-01 11:00:00Z;-2,7414;2;3
2004-08-02 11:00:00Z;-2,7857;2;3
2004-08-03 11:00:00Z;-2,83;0;3
2004-08-04 11:00:00Z;-2,8386;2;3
2004-08-05 11:00:00Z;-2,8471;2;3
2004-08-06 11:00:00Z;-2,8557;2;3
2004-08-07 11:00:00Z;-2,8643;2;3
2004-08-08 11:00:00Z;-2,8729;2;3
2004-08-09 11:00:00Z;-2,8814;2;3
2004-08-10 11:00:00Z;-2,89;0;3
2004-08-11 11:00:00Z;-2,8957;2;3
2004-08-12 11:00:00Z;-2,9014;2;3
2004-08-13 11:00:00Z;-2,9071;2;3
2004-08-14 11:00:00Z;-2,9129;2;3
2004-08-15 11:00:00Z;-2,9186;2;3
2004-08-16 11:00:00Z;-2,9243;2;3
2004-08-17 11:00:00Z;-2,93;0;3
2004-08-18 11:00:00Z;-2,9229;2;3
2004-08-19 11:00:00Z;-2,9157;2;3
2004-08-20 11:00:00Z;-2,9086;2;3
2004-08-21 11:00:00Z;-2,9014;2;3
2004-08-22 11:00:00Z;-2,8943;2;3
2004-08-23 11:00:00Z;-2,8871;2;3
2004-08-24 11:00:00Z;-2,88;0;3
2004-08-25 11:00:00Z;-2,8914;2;3
2004-08-26 11:00:00Z;-2,9029;2;3
2004-08-27 11:00:00Z;-2,9143;2;3
2004-08-28 11:00:00Z;-2,9257;2;3
2004-08-29 11:00:00Z;-2,9371;2;3
2004-08-30 11:00:00Z;-2,9486;2;3
2004-08-31 11:00:00Z;-2,96;0;3
2004-09-01 11:00:00Z;-2,9157;2;3
2004-09-02 11:00:00Z;-2,8714;2;3
2004-09-03 11:00:00Z;-2,8271;2;3
2004-09-04 11:00:00Z;-2,7829;2;3
2004-09-05 11:00:00Z;-2,7386;2;3
2004-09-06 11:00:00Z;-2,6943;2;3
2004-09-07 11:00:00Z;-2,65;0;3
2004-09-08 11:00:00Z;-2,6143;2;3
2004-09-09 11:00:00Z;-2,5786;2;3
2004-09-10 11:00:00Z;-2,5429;2;3
2004-09-11 11:00:00Z;-2,5071;2;3
2004-09-12 11:00:00Z;-2,4714;2;3
2004-09-13 11:00:00Z;-2,4357;2;3
2004-09-14 11:00:00Z;-2,4;0;3
2004-09-15 11:00:00Z;-2,3614;2;3
2004-09-16 11:00:00Z;-2,3229;2;3
2004-09-17 11:00:00Z;-2,2843;2;3
2004-09-18 11:00:00Z;-2,2457;2;3
2004-09-19 11:00:00Z;-2,2071;2;3
2004-09-20 11:00:00Z;-2,1686;2;3
2004-09-21 11:00:00Z;-2,13;0;3
2004-09-22 11:00:00Z;-1,8643;2;3
2004-09-23 11:00:00Z;-1,5986;2;3
2004-09-24 11:00:00Z;-1,3329;2;3
2004-09-25 11:00:00Z;-1,0671;2;3
2004-09-26 11:00:00Z;-0,8014;2;3
2004-09-27 11:00:00Z;-0,5357;2;3
2004-09-28 11:00:00Z;-0,27;0;3
2004-09-29 11:00:00Z;-0,3086;2;3
2004-09-30 11:00:00Z;-0,3471;2;3
2004-10-01 11:00:00Z;-0,3857;2;3
2004-10-02 11:00:00Z;-0,4243;2;3
2004-10-03 11:00:00Z;-0,4629;2;3
2004-10-04 11:00:00Z;-0,5014;2;3
2004-10-05 11:00:00Z;-0,54;0;3
2004-10-06 11:00:00Z;-0,6157;2;3
2004-10-07 11:00:00Z;-0,6914;2;3
2004-10-08 11:00:00Z;-0,7671;2;3
2004-10-09 11:00:00Z;-0,8429;2;3
2004-10-10 11:00:00Z;-0,9186;2;3
2004-10-11 11:00:00Z;-0,9943;2;3
2004-10-12 11:00:00Z;-1,07;0;3
2004-10-13 11:00:00Z;-1,1557;2;3
2004-10-14 11:00:00Z;-1,2414;2;3
2004-10-15 11:00:00Z;-1,3271;2;3
2004-10-16 11:00:00Z;-1,4129;2;3
2004-10-17 11:00:00Z;-1,4986;2;3
2004-10-18 11:00:00Z;-1,5843;2;3
2004-10-19 11:00:00Z;-1,67;0;3
2004-10-20 11:00:00Z;-1,7514;2;3
2004-10-21 11:00:00Z;-1,8329;2;3
2004-10-22 11:00:00Z;-1,9143;2;3
2004-10-23 11:00:00Z;-1,9957;2;3
2004-10-24 11:00:00Z;-2,0771;2;3
2004-10-25 11:00:00Z;-2,1586;2;3
2004-10-26 11:00:00Z;-2,24;0;3
2004-10-27 11:00:00Z;-2,2243;2;3
2004-10-28 11:00:00Z;-2,2086;2;3
2004-10-29 11:00:00Z;-2,1929;2;3
2004-10-30 11:00:00Z;-2,1771;2;3
2004-10-31 11:00:00Z;-2,1614;2;3
2004-11-01 11:00:00Z;-2,1457;2;3
2004-11-02 11:00:00Z;-2,13;0;3
2004-11-03 11:00:00Z;-2,0886;2;3
2004-11-04 11:00:00Z;-2,0471;2;3
2004-11-05 11:00:00Z;-2,0057;2;3
2004-11-06 11:00:00Z;-1,9643;2;3
2004-11-07 11:00:00Z;-1,9229;2;3
2004-11-08 11:00:00Z;-1,8814;2;3
2004-11-09 11:00:00Z;-1,84;0;3
2004-11-10 11:00:00Z;-1,66;2;3
2004-11-11 11:00:00Z;-1,48;2;3
2004-11-12 11:00:00Z;-1,3;2;3
2004-11-13 11:00:00Z;-1,12;2;3
2004-11-14 11:00:00Z;-0,94;2;3
2004-11-15 11:00:00Z;-0,76;2;3
2004-11-16 11:00:00Z;-0,58;0;3
2004-11-17 11:00:00Z;-0,5971;2;3
2004-11-18 11:00:00Z;-0,6143;2;3
2004-11-19 11:00:00Z;-0,6314;2;3
2004-11-20 11:00:00Z;-0,6486;2;3
2004-11-21 11:00:00Z;-0,6657;2;3
2004-11-22 11:00:00Z;-0,6829;2;3
2004-11-23 11:00:00Z;-0,7;0;3
2004-11-24 11:00:00Z;-0,7143;2;3
2004-11-25 11:00:00Z;-0,7286;2;3
2004-11-26 11:00:00Z;-0,7429;2;3
2004-11-27 11:00:00Z;-0,7571;2;3
2004-11-28 11:00:00Z;-0,7714;2;3
2004-11-29 11:00:00Z;-0,7857;2;3
2004-11-30 11:00:00Z;-0,8;0;3
2004-12-01 11:00:00Z;-0,6643;2;3
2004-12-02 11:00:00Z;-0,5286;2;3
2004-12-03 11:00:00Z;-0,3929;2;3
2004-12-04 11:00:00Z;-0,2571;2;3
2004-12-05 11:00:00Z;-0,1214;2;3
2004-12-06 11:00:00Z;0,0143;2;3
2004-12-07 11:00:00Z;0,15;0;3
2004-12-08 11:00:00Z;0,1643;2;3
2004-12-09 11:00:00Z;0,1786;2;3
2004-12-10 11:00:00Z;0,1929;2;3
2004-12-11 11:00:00Z;0,2071;2;3
2004-12-12 11:00:00Z;0,2214;2;3
2004-12-13 11:00:00Z;0,2357;2;3
2004-12-14 11:00:00Z;0,25;0;3
2004-12-15 11:00:00Z;0,2071;2;3
2004-12-16 11:00:00Z;0,1643;2;3
2004-12-17 11:00:00Z;0,1214;2;3
2004-12-18 11:00:00Z;0,0786;2;3
2004-12-19 11:00:00Z;0,0357;2;3
2004-12-20 11:00:00Z;-0,0071;2;3
2004-12-21 11:00:00Z;-0,05;0;3
2004-12-22 11:00:00Z;-0,0643;2;3
2004-12-23 11:00:00Z;-0,0786;2;3
2004-12-24 11:00:00Z;-0,0929;2;3
2004-12-25 11:00:00Z;-0,1071;2;3
2004-12-26 11:00:00Z;-0,1214;2;3
2004-12-27 11:00:00Z;-0,1357;2;3
2004-12-28 11:00:00Z;-0,15;0;3
2004-12-29 11:00:00Z;-0,1333;2;3
2004-12-30 11:00:00Z;-0,1167;2;3
2004-12-31 11:00:00Z;-0,1;0;3
2005-01-01 11:00:00Z;-0,12;2;3
2005-01-02 11:00:00Z;-0,15;2;3
2005-01-03 11:00:00Z;-0,17;2;3
2005-01-04 11:00:00Z;-0,2;0;3
2005-01-05 11:00:00Z;-0,16;2;3
2005-01-06 11:00:00Z;-0,13;2;3
2005-01-07 11:00:00Z;-0,09;2;3
2005-01-08 11:00:00Z;-0,06;2;3
2005-01-09 11:00:00Z;-0,02;2;3
2005-01-10 11:00:00Z;0,01;2;3
2005-01-11 11:00:00Z;0,05;0;3
2005-01-12 11:00:00Z;0,05;2;3
2005-01-13 11:00:00Z;0,05;2;3
2005-01-14 11:00:00Z;0,05;2;3
2005-01-15 11:00:00Z;0,04;2;3
2005-01-16 11:00:00Z;0,04;2;3
2005-01-17 11:00:00Z;0,04;2;3
2005-01-18 11:00:00Z;0,04;0;3
2005-01-19 11:00:00Z;-0,01;2;3
2005-01-20 11:00:00Z;-0,06;2;3
2005-01-21 11:00:00Z;-0,11;2;3
2005-01-22 11:00:00Z;-0,15;2;3
2005-01-23 11:00:00Z;-0,2;2;3
2005-01-24 11:00:00Z;-0,25;2;3
2005-01-25 11:00:00Z;-0,3;0;3
2005-01-26 11:00:00Z;-0,33;2;3
2005-01-27 11:00:00Z;-0,35;2;3
2005-01-28 11:00:00Z;-0,38;2;3
2005-01-29 11:00:00Z;-0,4;0;3
2005-01-30 11:00:00Z;-0,08;2;3
2005-01-31 11:00:00Z;0,25;0;3
2005-02-01 11:00:00Z;0,2;0;3
2005-02-02 11:00:00Z;0,1;2;3
2005-02-03 11:00:00Z;0;0;3
2005-02-04 11:00:00Z;-0,02;2;3
2005-02-05 11:00:00Z;-0,04;2;3
2005-02-06 11:00:00Z;-0,06;2;3
2005-02-07 11:00:00Z;-0,08;2;3
2005-02-08 11:00:00Z;-0,1;0;3
2005-02-09 11:00:00Z;-0,12;2;3
2005-02-10 11:00:00Z;-0,14;2;3
2005-02-11 11:00:00Z;-0,16;2;3
2005-02-12 11:00:00Z;-0,19;2;3
2005-02-13 11:00:00Z;-0,21;2;3
2005-02-14 11:00:00Z;-0,23;2;3
2005-02-15 11:00:00Z;-0,25;0;3
2005-02-16 11:00:00Z;-0,29;2;3
2005-02-17 11:00:00Z;-0,32;2;3
2005-02-18 11:00:00Z;-0,36;2;3
2005-02-19 11:00:00Z;-0,39;2;3
2005-02-20 11:00:00Z;-0,43;2;3
2005-02-21 11:00:00Z;-0,46;2;3
2005-02-22 11:00:00Z;-0,5;0;3
2005-02-23 11:00:00Z;-0,56;2;3
2005-02-24 11:00:00Z;-0,61;2;3
2005-02-25 11:00:00Z;-0,67;2;3
2005-02-26 11:00:00Z;-0,73;2;3
2005-02-27 11:00:00Z;-0,79;2;3
2005-02-28 11:00:00Z;-0,84;2;3
2005-03-01 11:00:00Z;-0,9;0;3
2005-03-02 11:00:00Z;-1,01;2;3
2005-03-03 11:00:00Z;-1,13;2;3
2005-03-04 11:00:00Z;-1,24;2;3
2005-03-05 11:00:00Z;-1,36;2;3
2005-03-06 11:00:00Z;-1,47;2;3
2005-03-07 11:00:00Z;-1,59;2;3
2005-03-08 11:00:00Z;-1,7;0;3
2005-03-09 11:00:00Z;-1,74;2;3
2005-03-10 11:00:00Z;-1,79;2;3
2005-03-11 11:00:00Z;-1,83;2;3
2005-03-12 11:00:00Z;-1,87;2;3
2005-03-13 11:00:00Z;-1,91;2;3
2005-03-14 11:00:00Z;-1,96;2;3
2005-03-15 11:00:00Z;-2;0;3
2005-03-16 11:00:00Z;-2,07;2;3
2005-03-17 11:00:00Z;-2,14;2;3
2005-03-18 11:00:00Z;-2,21;2;3
2005-03-19 11:00:00Z;-2,29;2;3
2005-03-20 11:00:00Z;-2,36;2;3
2005-03-21 11:00:00Z;-2,43;2;3
2005-03-22 11:00:00Z;-2,5;0;3
2005-03-23 11:00:00Z;-2,54;2;3
2005-03-24 11:00:00Z;-2,59;2;3
2005-03-25 11:00:00Z;-2,63;2;3
2005-03-26 11:00:00Z;-2,67;2;3
2005-03-27 11:00:00Z;-2,71;2;3
2005-03-28 11:00:00Z;-2,76;2;3
2005-03-29 11:00:00Z;-2,8;0;3
2005-03-30 11:00:00Z;-2,8;2;3
2005-03-31 11:00:00Z;-2,8;2;3
2005-04-01 11:00:00Z;-2,8;0;3
2005-04-02 11:00:00Z;-2,62;2;3
2005-04-03 11:00:00Z;-2,43;2;3
2005-04-04 11:00:00Z;-2,25;0;3
2005-04-05 11:00:00Z;-2,3;0;3
2005-04-06 11:00:00Z;-2,32;2;3
2005-04-07 11:00:00Z;-2,33;2;3
2005-04-08 11:00:00Z;-2,35;2;3
2005-04-09 11:00:00Z;-2,37;2;3
2005-04-10 11:00:00Z;-2,38;2;3
2005-04-11 11:00:00Z;-2,4;0;3
2005-04-12 11:00:00Z;-2,28;0;3
2005-04-13 11:00:00Z;-2,24;2;3
2005-04-14 11:00:00Z;-2,2;2;3
2005-04-15 11:00:00Z;-2,16;2;3
2005-04-16 11:00:00Z;-2,12;2;3
2005-04-17 11:00:00Z;-2,08;2;3
2005-04-18 11:00:00Z;-2,04;2;3
2005-04-19 11:00:00Z;-2;0;3
2005-04-20 11:00:00Z;-2,06;2;3
2005-04-21 11:00:00Z;-2,13;2;3
2005-04-22 11:00:00Z;-2,19;2;3
2005-04-23 11:00:00Z;-2,26;2;3
2005-04-24 11:00:00Z;-2,32;2;3
2005-04-25 11:00:00Z;-2,39;2;3
2005-04-26 11:00:00Z;-2,45;0;3
2005-04-27 11:00:00Z;-2,49;2;3
2005-04-28 11:00:00Z;-2,54;2;3
2005-04-29 11:00:00Z;-2,58;2;3
2005-04-30 11:00:00Z;-2,62;2;3
2005-05-01 11:00:00Z;-2,66;2;3
2005-05-02 11:00:00Z;-2,71;2;3
2005-05-03 11:00:00Z;-2,75;0;3
2005-05-04 11:00:00Z;-2,77;2;3
2005-05-05 11:00:00Z;-2,79;2;3
2005-05-06 11:00:00Z;-2,81;2;3
2005-05-07 11:00:00Z;-2,84;2;3
2005-05-08 11:00:00Z;-2,86;2;3
2005-05-09 11:00:00Z;-2,88;2;3
2005-05-10 11:00:00Z;-2,9;0;3
2005-05-11 11:00:00Z;-2,89;2;3
2005-05-12 11:00:00Z;-2,89;2;3
2005-05-13 11:00:00Z;-2,88;2;3
2005-05-14 11:00:00Z;-2,87;2;3
2005-05-15 11:00:00Z;-2,86;2;3
2005-05-16 11:00:00Z;-2,86;2;3
2005-05-17 11:00:00Z;-2,85;0;3
2005-05-18 11:00:00Z;-2,84;2;3
2005-05-19 11:00:00Z;-2,82;2;3
2005-05-20 11:00:00Z;-2,81;2;3
2005-05-21 11:00:00Z;-2,79;2;3
2005-05-22 11:00:00Z;-2,78;2;3
2005-05-23 11:00:00Z;-2,76;2;3
2005-05-24 11:00:00Z;-2,75;0;3
2005-05-25 11:00:00Z;-2,77;2;3
2005-05-26 11:00:00Z;-2,79;2;3
2005-05-27 11:00:00Z;-2,81;2;3
2005-05-28 11:00:00Z;-2,84;2;3
2005-05-29 11:00:00Z;-2,86;2;3
2005-05-30 11:00:00Z;-2,88;2;3
2005-05-31 11:00:00Z;-2,9;0;3
2005-06-01 11:00:00Z;-2,9;2;3
2005-06-02 11:00:00Z;-2,9;2;3
2005-06-03 11:00:00Z;-2,9;2;3
2005-06-04 11:00:00Z;-2,9;2;3
2005-06-05 11:00:00Z;-2,9;2;3
2005-06-06 11:00:00Z;-2,9;2;3
2005-06-07 11:00:00Z;-2,9;0;3
2005-06-08 11:00:00Z;-2,74;2;3
2005-06-09 11:00:00Z;-2,58;2;3
2005-06-10 11:00:00Z;-2,41;2;3
2005-06-11 11:00:00Z;-2,25;0;3
2005-06-12 11:00:00Z;-2,27;2;3
2005-06-13 11:00:00Z;-2,28;2;3
2005-06-14 11:00:00Z;-2,3;0;3
2005-06-15 11:00:00Z;-2,27;2;3
2005-06-16 11:00:00Z;-2,24;2;3
2005-06-17 11:00:00Z;-2,21;2;3
2005-06-18 11:00:00Z;-2,19;2;3
2005-06-19 11:00:00Z;-2,16;2;3
2005-06-20 11:00:00Z;-2,13;2;3
2005-06-21 11:00:00Z;-2,1;0;3
2005-06-22 11:00:00Z;-2,04;2;3
2005-06-23 11:00:00Z;-1,99;2;3
2005-06-24 11:00:00Z;-1,93;2;3
2005-06-25 11:00:00Z;-1,87;2;3
2005-06-26 11:00:00Z;-1,81;2;3
2005-06-27 11:00:00Z;-1,76;2;3
2005-06-28 11:00:00Z;-1,7;0;3
2005-06-29 11:00:00Z;-1,7;2;3
2005-06-30 11:00:00Z;-1,7;2;3
2005-07-01 11:00:00Z;-1,7;2;3
2005-07-02 11:00:00Z;-1,7;2;3
2005-07-03 11:00:00Z;-1,7;2;3
2005-07-04 11:00:00Z;-1,7;2;3
2005-07-05 11:00:00Z;-1,7;0;3
2005-07-06 11:00:00Z;-1,56;2;3
2005-07-07 11:00:00Z;-1,41;2;3
2005-07-08 11:00:00Z;-1,27;2;3
2005-07-09 11:00:00Z;-1,13;2;3
2005-07-10 11:00:00Z;-0,99;2;3
2005-07-11 11:00:00Z;-0,84;2;3
2005-07-12 11:00:00Z;-0,7;0;3
2005-07-13 11:00:00Z;-0,71;2;3
2005-07-14 11:00:00Z;-0,73;2;3
2005-07-15 11:00:00Z;-0,74;2;3
2005-07-16 11:00:00Z;-0,76;2;3
2005-07-17 11:00:00Z;-0,77;2;3
2005-07-18 11:00:00Z;-0,79;2;3
2005-07-19 11:00:00Z;-0,8;0;3
2005-07-20 11:00:00Z;-0,8;2;3
2005-07-21 11:00:00Z;-0,8;2;3
2005-07-22 11:00:00Z;-0,8;2;3
2005-07-23 11:00:00Z;-0,8;2;3
2005-07-24 11:00:00Z;-0,8;2;3
2005-07-25 11:00:00Z;-0,8;2;3
2005-07-26 11:00:00Z;-0,8;0;3
2005-07-27 11:00:00Z;-0,81;2;3
2005-07-28 11:00:00Z;-0,81;2;3
2005-07-29 11:00:00Z;-0,82;2;3
2005-07-30 11:00:00Z;-0,83;2;3
2005-07-31 11:00:00Z;-0,84;2;3
2005-08-01 11:00:00Z;-0,84;2;3
2005-08-02 11:00:00Z;-0,85;0;3
2005-08-03 11:00:00Z;-1,09;2;3
2005-08-04 11:00:00Z;-1,32;2;3
2005-08-05 11:00:00Z;-1,56;2;3
2005-08-06 11:00:00Z;-1,79;2;3
2005-08-07 11:00:00Z;-2,03;2;3
2005-08-08 11:00:00Z;-2,26;2;3
2005-08-09 11:00:00Z;-2,5;0;3
2005-08-10 11:00:00Z;-2,48;2;3
2005-08-11 11:00:00Z;-2,46;2;3
2005-08-12 11:00:00Z;-2,44;2;3
2005-08-13 11:00:00Z;-2,41;2;3
2005-08-14 11:00:00Z;-2,39;2;3
2005-08-15 11:00:00Z;-2,37;2;3
2005-08-16 11:00:00Z;-2,35;0;3
2005-08-17 11:00:00Z;-2,36;2;3
2005-08-18 11:00:00Z;-2,36;2;3
2005-08-19 11:00:00Z;-2,37;2;3
2005-08-20 11:00:00Z;-2,38;2;3
2005-08-21 11:00:00Z;-2,39;2;3
2005-08-22 11:00:00Z;-2,39;2;3
2005-08-23 11:00:00Z;-2,4;0;3
2005-08-24 11:00:00Z;-2,4;2;3
2005-08-25 11:00:00Z;-2,4;2;3
2005-08-26 11:00:00Z;-2,4;2;3
2005-08-27 11:00:00Z;-2,4;2;3
2005-08-28 11:00:00Z;-2,4;2;3
2005-08-29 11:00:00Z;-2,4;2;3
2005-08-30 11:00:00Z;-2,4;0;3
2005-08-31 11:00:00Z;-2,39;2;3
2005-09-01 11:00:00Z;-2,37;2;3
2005-09-02 11:00:00Z;-2,36;2;3
2005-09-03 11:00:00Z;-2,34;2;3
2005-09-04 11:00:00Z;-2,33;2;3
2005-09-05 11:00:00Z;-2,31;2;3
2005-09-06 11:00:00Z;-2,3;0;3
2005-09-07 11:00:00Z;-2,24;2;3
2005-09-08 11:00:00Z;-2,19;2;3
2005-09-09 11:00:00Z;-2,13;2;3
2005-09-10 11:00:00Z;-2,07;2;3
2005-09-11 11:00:00Z;-2,01;2;3
2005-09-12 11:00:00Z;-1,96;2;3
2005-09-13 11:00:00Z;-1,9;0;3
2005-09-14 11:00:00Z;-1,81;2;3
2005-09-15 11:00:00Z;-1,73;2;3
2005-09-16 11:00:00Z;-1,64;2;3
2005-09-17 11:00:00Z;-1,56;2;3
2005-09-18 11:00:00Z;-1,47;2;3
2005-09-19 11:00:00Z;-1,39;2;3
2005-09-20 11:00:00Z;-1,3;0;3
2005-09-21 11:00:00Z;-1,33;2;3
2005-09-22 11:00:00Z;-1,36;2;3
2005-09-23 11:00:00Z;-1,39;2;3
2005-09-24 11:00:00Z;-1,41;2;3
2005-09-25 11:00:00Z;-1,44;2;3
2005-09-26 11:00:00Z;-1,47;2;3
2005-09-27 11:00:00Z;-1,5;0;3
2005-09-28 11:00:00Z;-1,56;2;3
2005-09-29 11:00:00Z;-1,61;2;3
2005-09-30 11:00:00Z;-1,67;2;3
2005-10-01 11:00:00Z;-1,73;2;3
2005-10-02 11:00:00Z;-1,79;2;3
2005-10-03 11:00:00Z;-1,84;2;3
2005-10-04 11:00:00Z;-1,9;0;3
2005-10-05 11:00:00Z;-1,91;2;3
2005-10-06 11:00:00Z;-1,93;2;3
2005-10-07 11:00:00Z;-1,94;2;3
2005-10-08 11:00:00Z;-1,96;2;3
2005-10-09 11:00:00Z;-1,97;2;3
2005-10-10 11:00:00Z;-1,99;2;3
2005-10-11 11:00:00Z;-2;0;3
2005-10-12 11:00:00Z;-2;2;3
2005-10-13 11:00:00Z;-2;2;3
2005-10-14 11:00:00Z;-2;2;3
2005-10-15 11:00:00Z;-2;2;3
2005-10-16 11:00:00Z;-2;2;3
2005-10-17 11:00:00Z;-2;2;3
2005-10-18 11:00:00Z;-2;0;3
2005-10-19 11:00:00Z;-2,06;2;3
2005-10-20 11:00:00Z;-2,11;2;3
2005-10-21 11:00:00Z;-2,17;2;3
2005-10-22 11:00:00Z;-2,23;2;3
2005-10-23 11:00:00Z;-2,29;2;3
2005-10-24 11:00:00Z;-2,34;2;3
2005-10-25 11:00:00Z;-2,4;0;3
2005-10-26 11:00:00Z;-2,41;2;3
2005-10-27 11:00:00Z;-2,41;2;3
2005-10-28 11:00:00Z;-2,42;2;3
2005-10-29 11:00:00Z;-2,43;2;3
2005-10-30 11:00:00Z;-2,44;2;3
2005-10-31 11:00:00Z;-2,44;2;3
2005-11-01 11:00:00Z;-2,45;0;3
2005-11-02 11:00:00Z;-2,46;2;3
2005-11-03 11:00:00Z;-2,46;2;3
2005-11-04 11:00:00Z;-2,47;2;3
2005-11-05 11:00:00Z;-2,48;2;3
2005-11-06 11:00:00Z;-2,49;2;3
2005-11-07 11:00:00Z;-2,49;2;3
2005-11-08 11:00:00Z;-2,5;0;3
2005-11-09 11:00:00Z;-2,43;2;3
2005-11-10 11:00:00Z;-2,36;2;3
2005-11-11 11:00:00Z;-2,29;2;3
2005-11-12 11:00:00Z;-2,21;2;3
2005-11-13 11:00:00Z;-2,14;2;3
2005-11-14 11:00:00Z;-2,07;2;3
2005-11-15 11:00:00Z;-2;0;3
2005-11-16 11:00:00Z;-1,96;2;3
2005-11-17 11:00:00Z;-1,91;2;3
2005-11-18 11:00:00Z;-1,87;2;3
2005-11-19 11:00:00Z;-1,83;2;3
2005-11-20 11:00:00Z;-1,79;2;3
2005-11-21 11:00:00Z;-1,74;2;3
2005-11-22 11:00:00Z;-1,7;0;3
2005-11-23 11:00:00Z;-1,64;2;3
2005-11-24 11:00:00Z;-1,59;2;3
2005-11-25 11:00:00Z;-1,53;2;3
2005-11-26 11:00:00Z;-1,47;2;3
2005-11-27 11:00:00Z;-1,41;2;3
2005-11-28 11:00:00Z;-1,36;2;3
2005-11-29 11:00:00Z;-1,3;0;3
2005-11-30 11:00:00Z;-1,39;2;3
2005-12-01 11:00:00Z;-1,47;2;3
2005-12-02 11:00:00Z;-1,56;2;3
2005-12-03 11:00:00Z;-1,64;2;3
2005-12-04 11:00:00Z;-1,73;2;3
2005-12-05 11:00:00Z;-1,81;2;3
2005-12-06 11:00:00Z;-1,9;0;3
2005-12-07 11:00:00Z;-1,92;2;3
2005-12-08 11:00:00Z;-1,95;2;3
2005-12-09 11:00:00Z;-1,98;2;3
2005-12-10 11:00:00Z;-2;0;3
2005-12-11 11:00:00Z;-1,58;2;3
2005-12-12 11:00:00Z;-1,17;2;3
2005-12-13 11:00:00Z;-0,75;0;3
2005-12-14 11:00:00Z;-0,66;2;3
2005-12-15 11:00:00Z;-0,58;2;3
2005-12-16 11:00:00Z;-0,49;2;3
2005-12-17 11:00:00Z;-0,41;2;3
2005-12-18 11:00:00Z;-0,32;2;3
2005-12-19 11:00:00Z;-0,24;2;3
2005-12-20 11:00:00Z;-0,15;0;3
2005-12-21 11:00:00Z;-0,16;2;3
2005-12-22 11:00:00Z;-0,18;2;3
2005-12-23 11:00:00Z;-0,19;2;3
2005-12-24 11:00:00Z;-0,21;2;3
2005-12-25 11:00:00Z;-0,22;2;3
2005-12-26 11:00:00Z;-0,24;2;3
2005-12-27 11:00:00Z;-0,25;0;3
2005-12-28 11:00:00Z;-0,27;2;3
2005-12-29 11:00:00Z;-0,29;2;3
2005-12-30 11:00:00Z;-0,31;2;3
2005-12-31 11:00:00Z;-0,34;2;3
2006-01-01 11:00:00Z;;0;3
2006-01-02 11:00:00Z;;0;3
2006-01-03 11:00:00Z;;0;3
2006-01-04 11:00:00Z;;0;3
2006-01-05 11:00:00Z;;0;3
2006-01-06 11:00:00Z;;0;3
2006-01-07 11:00:00Z;;0;3
2006-01-08 11:00:00Z;;0;3
2006-01-09 11:00:00Z;;0;3
2006-01-10 11:00:00Z;;0;3
2006-01-11 11:00:00Z;;0;3
2006-01-12 11:00:00Z;;0;3
2006-01-13 11:00:00Z;;0;3
2006-01-14 11:00:00Z;;0;3
2006-01-15 11:00:00Z;;0;3
2006-01-16 11:00:00Z;;0;3
2006-01-17 11:00:00Z;;0;3
2006-01-18 11:00:00Z;;0;3
2006-01-19 11:00:00Z;;0;3
2006-01-20 11:00:00Z;;0;3
2006-01-21 11:00:00Z;;0;3
2006-01-22 11:00:00Z;;0;3
2006-01-23 11:00:00Z;;0;3
2006-01-24 11:00:00Z;;0;3
2006-01-25 11:00:00Z;;0;3
2006-01-26 11:00:00Z;;0;3
2006-01-27 11:00:00Z;;0;3
2006-01-28 11:00:00Z;;0;3
2006-01-29 11:00:00Z;;0;3
2006-01-30 11:00:00Z;;0;3
2006-01-31 11:00:00Z;;0;3
2006-02-01 11:00:00Z;;0;3
2006-02-02 11:00:00Z;;0;3
2006-02-03 11:00:00Z;;0;3
2006-02-04 11:00:00Z;;0;3
2006-02-05 11:00:00Z;;0;3
2006-02-06 11:00:00Z;;0;3
2006-02-07 11:00:00Z;;0;3
2006-02-08 11:00:00Z;;0;3
2006-02-09 11:00:00Z;;0;3
2006-02-10 11:00:00Z;;0;3
2006-02-11 11:00:00Z;;0;3
2006-02-12 11:00:00Z;;0;3
2006-02-13 11:00:00Z;;0;3
2006-02-14 11:00:00Z;;0;3
2006-02-15 11:00:00Z;;0;3
2006-02-16 11:00:00Z;;0;3
2006-02-17 11:00:00Z;;0;3
2006-02-18 11:00:00Z;;0;3
2006-02-19 11:00:00Z;;0;3
2006-02-20 11:00:00Z;;0;3
2006-02-21 11:00:00Z;;0;3
2006-02-22 11:00:00Z;;0;3
2006-02-23 11:00:00Z;;0;3
2006-02-24 11:00:00Z;;0;3
2006-02-25 11:00:00Z;;0;3
2006-02-26 11:00:00Z;;0;3
2006-02-27 11:00:00Z;;0;3
2006-02-28 11:00:00Z;;0;3
2006-03-01 11:00:00Z;;0;3
2006-03-02 11:00:00Z;;0;3
2006-03-03 11:00:00Z;;0;3
2006-03-04 11:00:00Z;;0;3
2006-03-05 11:00:00Z;;0;3
2006-03-06 11:00:00Z;;0;3
2006-03-07 11:00:00Z;;0;3
2006-03-08 11:00:00Z;;0;3
2006-03-09 11:00:00Z;;0;3
2006-03-10 11:00:00Z;;0;3
2006-03-11 11:00:00Z;;0;3
2006-03-12 11:00:00Z;;0;3
2006-03-13 11:00:00Z;;0;3
2006-03-14 11:00:00Z;;0;3
2006-03-15 11:00:00Z;;0;3
2006-03-16 11:00:00Z;;0;3
2006-03-17 11:00:00Z;;0;3
2006-03-18 11:00:00Z;;0;3
2006-03-19 11:00:00Z;;0;3
2006-03-20 11:00:00Z;;0;3
2006-03-21 11:00:00Z;;0;3
2006-03-22 11:00:00Z;;0;3
2006-03-23 11:00:00Z;;0;3
2006-03-24 11:00:00Z;;0;3
2006-03-25 11:00:00Z;;0;3
2006-03-26 11:00:00Z;;0;3
2006-03-27 11:00:00Z;;0;3
2006-03-28 11:00:00Z;;0;3
2006-03-29 11:00:00Z;;0;3
2006-03-30 11:00:00Z;;0;3
2006-03-31 11:00:00Z;;0;3
2006-04-01 11:00:00Z;;0;3
2006-04-02 11:00:00Z;;0;3
2006-04-03 11:00:00Z;;0;3
2006-04-04 11:00:00Z;;0;3
2006-04-05 11:00:00Z;;0;3
2006-04-06 11:00:00Z;;0;3
2006-04-07 11:00:00Z;;0;3
2006-04-08 11:00:00Z;;0;3
2006-04-09 11:00:00Z;;0;3
2006-04-10 11:00:00Z;;0;3
2006-04-11 11:00:00Z;;0;3
2006-04-12 11:00:00Z;;0;3
2006-04-13 11:00:00Z;;0;3
2006-04-14 11:00:00Z;;0;3
2006-04-15 11:00:00Z;;0;3
2006-04-16 11:00:00Z;;0;3
2006-04-17 11:00:00Z;;0;3
2006-04-18 11:00:00Z;;0;3
2006-04-19 11:00:00Z;;0;3
2006-04-20 11:00:00Z;;0;3
2006-04-21 11:00:00Z;;0;3
2006-04-22 11:00:00Z;;0;3
2006-04-23 11:00:00Z;;0;3
2006-04-24 11:00:00Z;;0;3
2006-04-25 11:00:00Z;;0;3
2006-04-26 11:00:00Z;;0;3
2006-04-27 11:00:00Z;;0;3
2006-04-28 11:00:00Z;;0;3
2006-04-29 11:00:00Z;;0;3
2006-04-30 11:00:00Z;;0;3
2006-05-01 11:00:00Z;;0;3
2006-05-02 11:00:00Z;;0;3
2006-05-03 11:00:00Z;;0;3
2006-05-04 11:00:00Z;;0;3
2006-05-05 11:00:00Z;;0;3
2006-05-06 11:00:00Z;;0;3
2006-05-07 11:00:00Z;;0;3
2006-05-08 11:00:00Z;;0;3
2006-05-09 11:00:00Z;;0;3
2006-05-10 11:00:00Z;;0;3
2006-05-11 11:00:00Z;;0;3
2006-05-12 11:00:00Z;;0;3
2006-05-13 11:00:00Z;;0;3
2006-05-14 11:00:00Z;;0;3
2006-05-15 11:00:00Z;;0;3
2006-05-16 11:00:00Z;;0;3
2006-05-17 11:00:00Z;;0;3
2006-05-18 11:00:00Z;;0;3
2006-05-19 11:00:00Z;;0;3
2006-05-20 11:00:00Z;;0;3
2006-05-21 11:00:00Z;;0;3
2006-05-22 11:00:00Z;;0;3
2006-05-23 11:00:00Z;;0;3
2006-05-24 11:00:00Z;;0;3
2006-05-25 11:00:00Z;;0;3
2006-05-26 11:00:00Z;;0;3
2006-05-27 11:00:00Z;;0;3
2006-05-28 11:00:00Z;;0;3
2006-05-29 11:00:00Z;;0;3
2006-05-30 11:00:00Z;;0;3
2006-05-31 11:00:00Z;;0;3
2006-06-01 11:00:00Z;;0;3
2006-06-02 11:00:00Z;;0;3
2006-06-03 11:00:00Z;;0;3
2006-06-04 11:00:00Z;;0;3
2006-06-05 11:00:00Z;;0;3
2006-06-06 11:00:00Z;;0;3
2006-06-07 11:00:00Z;;0;3
2006-06-08 11:00:00Z;;0;3
2006-06-09 11:00:00Z;;0;3
2006-06-10 11:00:00Z;;0;3
2006-06-11 11:00:00Z;;0;3
2006-06-12 11:00:00Z;;0;3
2006-06-13 11:00:00Z;;0;3
2006-06-14 11:00:00Z;;0;3
2006-06-15 11:00:00Z;;0;3
2006-06-16 11:00:00Z;;0;3
2006-06-17 11:00:00Z;;0;3
2006-06-18 11:00:00Z;;0;3
2006-06-19 11:00:00Z;;0;3
2006-06-20 11:00:00Z;;0;3
2006-06-21 11:00:00Z;;0;3
2006-06-22 11:00:00Z;;0;3
2006-06-23 11:00:00Z;;0;3
2006-06-24 11:00:00Z;;0;3
2006-06-25 11:00:00Z;;0;3
2006-06-26 11:00:00Z;;0;3
2006-06-27 11:00:00Z;;0;3
2006-06-28 11:00:00Z;;0;3
2006-06-29 11:00:00Z;;0;3
2006-06-30 11:00:00Z;;0;3
2006-07-01 11:00:00Z;;0;3
2006-07-02 11:00:00Z;;0;3
2006-07-03 11:00:00Z;;0;3
2006-07-04 11:00:00Z;;0;3
2006-07-05 11:00:00Z;;0;3
2006-07-06 11:00:00Z;;0;3
2006-07-07 11:00:00Z;;0;3
2006-07-08 11:00:00Z;;0;3
2006-07-09 11:00:00Z;;0;3
2006-07-10 11:00:00Z;;0;3
2006-07-11 11:00:00Z;;0;3
2006-07-12 11:00:00Z;;0;3
2006-07-13 11:00:00Z;;0;3
2006-07-14 11:00:00Z;;0;3
2006-07-15 11:00:00Z;;0;3
2006-07-16 11:00:00Z;;0;3
2006-07-17 11:00:00Z;;0;3
2006-07-18 11:00:00Z;;0;3
2006-07-19 11:00:00Z;;0;3
2006-07-20 11:00:00Z;;0;3
2006-07-21 11:00:00Z;;0;3
2006-07-22 11:00:00Z;;0;3
2006-07-23 11:00:00Z;;0;3
2006-07-24 11:00:00Z;;0;3
2006-07-25 11:00:00Z;;0;3
2006-07-26 11:00:00Z;;0;3
2006-07-27 11:00:00Z;;0;3
2006-07-28 11:00:00Z;;0;3
2006-07-29 11:00:00Z;;0;3
2006-07-30 11:00:00Z;;0;3
2006-07-31 11:00:00Z;;0;3
2006-08-01 11:00:00Z;;0;3
2006-08-02 11:00:00Z;;0;3
2006-08-03 11:00:00Z;;0;3
2006-08-04 11:00:00Z;;0;3
2006-08-05 11:00:00Z;;0;3
2006-08-06 11:00:00Z;;0;3
2006-08-07 11:00:00Z;;0;3
2006-08-08 11:00:00Z;;0;3
2006-08-09 11:00:00Z;;0;3
2006-08-10 11:00:00Z;;0;3
2006-08-11 11:00:00Z;;0;3
2006-08-12 11:00:00Z;;0;3
2006-08-13 11:00:00Z;;0;3
2006-08-14 11:00:00Z;;0;3
2006-08-15 11:00:00Z;;0;3
2006-08-16 11:00:00Z;;0;3
2006-08-17 11:00:00Z;;0;3
2006-08-18 11:00:00Z;;0;3
2006-08-19 11:00:00Z;;0;3
2006-08-20 11:00:00Z;;0;3
2006-08-21 11:00:00Z;;0;3
2006-08-22 11:00:00Z;;0;3
2006-08-23 11:00:00Z;;0;3
2006-08-24 11:00:00Z;;0;3
2006-08-25 11:00:00Z;;0;3
2006-08-26 11:00:00Z;;0;3
2006-08-27 11:00:00Z;;0;3
2006-08-28 11:00:00Z;;0;3
2006-08-29 11:00:00Z;;0;3
2006-08-30 11:00:00Z;;0;3
2006-08-31 11:00:00Z;;0;3
2006-09-01 11:00:00Z;;0;3
2006-09-02 11:00:00Z;;0;3
2006-09-03 11:00:00Z;;0;3
2006-09-04 11:00:00Z;;0;3
2006-09-05 11:00:00Z;;0;3
2006-09-06 11:00:00Z;;0;3
2006-09-07 11:00:00Z;;0;3
2006-09-08 11:00:00Z;;0;3
2006-09-09 11:00:00Z;;0;3
2006-09-10 11:00:00Z;;0;3
2006-09-11 11:00:00Z;;0;3
2006-09-12 11:00:00Z;;0;3
2006-09-13 11:00:00Z;;0;3
2006-09-14 11:00:00Z;;0;3
2006-09-15 11:00:00Z;;0;3
2006-09-16 11:00:00Z;;0;3
2006-09-17 11:00:00Z;;0;3
2006-09-18 11:00:00Z;;0;3
2006-09-19 11:00:00Z;;0;3
2006-09-20 11:00:00Z;;0;3
2006-09-21 11:00:00Z;;0;3
2006-09-22 11:00:00Z;;0;3
2006-09-23 11:00:00Z;;0;3
2006-09-24 11:00:00Z;;0;3
2006-09-25 11:00:00Z;;0;3
2006-09-26 11:00:00Z;;0;3
2006-09-27 11:00:00Z;;0;3
2006-09-28 11:00:00Z;;0;3
2006-09-29 11:00:00Z;;0;3
2006-09-30 11:00:00Z;;0;3
2006-10-01 11:00:00Z;;0;3
2006-10-02 11:00:00Z;;0;3
2006-10-03 11:00:00Z;;0;3
2006-10-04 11:00:00Z;;0;3
2006-10-05 11:00:00Z;;0;3
2006-10-06 11:00:00Z;;0;3
2006-10-07 11:00:00Z;;0;3
2006-10-08 11:00:00Z;;0;3
2006-10-09 11:00:00Z;;0;3
2006-10-10 11:00:00Z;;0;3
2006-10-11 11:00:00Z;;0;3
2006-10-12 11:00:00Z;;0;3
2006-10-13 11:00:00Z;;0;3
2006-10-14 11:00:00Z;;0;3
2006-10-15 11:00:00Z;;0;3
2006-10-16 11:00:00Z;;0;3
2006-10-17 11:00:00Z;;0;3
2006-10-18 11:00:00Z;;0;3
2006-10-19 11:00:00Z;;0;3
2006-10-20 11:00:00Z;;0;3
2006-10-21 11:00:00Z;;0;3
2006-10-22 11:00:00Z;;0;3
2006-10-23 11:00:00Z;;0;3
2006-10-24 11:00:00Z;;0;3
2006-10-25 11:00:00Z;;0;3
2006-10-26 11:00:00Z;;0;3
2006-10-27 11:00:00Z;;0;3
2006-10-28 11:00:00Z;;0;3
2006-10-29 11:00:00Z;;0;3
2006-10-30 11:00:00Z;;0;3
2006-10-31 11:00:00Z;;0;3
2006-11-01 11:00:00Z;;0;3
2006-11-02 11:00:00Z;;0;3
2006-11-03 11:00:00Z;;0;3
2006-11-04 11:00:00Z;;0;3
2006-11-05 11:00:00Z;;0;3
2006-11-06 11:00:00Z;;0;3
2006-11-07 11:00:00Z;;0;3
2006-11-08 11:00:00Z;;0;3
2006-11-09 11:00:00Z;;0;3
2006-11-10 11:00:00Z;;0;3
2006-11-11 11:00:00Z;;0;3
2006-11-12 11:00:00Z;;0;3
2006-11-13 11:00:00Z;;0;3
2006-11-14 11:00:00Z;;0;3
2006-11-15 11:00:00Z;;0;3
2006-11-16 11:00:00Z;;0;3
2006-11-17 11:00:00Z;;0;3
2006-11-18 11:00:00Z;;0;3
2006-11-19 11:00:00Z;;0;3
2006-11-20 11:00:00Z;;0;3
2006-11-21 11:00:00Z;;0;3
2006-11-22 11:00:00Z;;0;3
2006-11-23 11:00:00Z;;0;3
2006-11-24 11:00:00Z;;0;3
2006-11-25 11:00:00Z;;0;3
2006-11-26 11:00:00Z;;0;3
2006-11-27 11:00:00Z;;0;3
2006-11-28 11:00:00Z;;0;3
2006-11-29 11:00:00Z;;0;3
2006-11-30 11:00:00Z;;0;3
2006-12-01 11:00:00Z;;0;3
2006-12-02 11:00:00Z;;0;3
2006-12-03 11:00:00Z;;0;3
2006-12-04 11:00:00Z;;0;3
2006-12-05 11:00:00Z;;0;3
2006-12-06 11:00:00Z;;0;3
2006-12-07 11:00:00Z;;0;3
2006-12-08 11:00:00Z;;0;3
2006-12-09 11:00:00Z;;0;3
2006-12-10 11:00:00Z;;0;3
2006-12-11 11:00:00Z;;0;3
2006-12-12 11:00:00Z;;0;3
2006-12-13 11:00:00Z;;0;3
2006-12-14 11:00:00Z;;0;3
2006-12-15 11:00:00Z;;0;3
2006-12-16 11:00:00Z;;0;3
2006-12-17 11:00:00Z;;0;3
2006-12-18 11:00:00Z;;0;3
2006-12-19 11:00:00Z;;0;3
2006-12-20 11:00:00Z;;0;3
2006-12-21 11:00:00Z;;0;3
2006-12-22 11:00:00Z;;0;3
2006-12-23 11:00:00Z;;0;3
2006-12-24 11:00:00Z;;0;3
2006-12-25 11:00:00Z;;0;3
2006-12-26 11:00:00Z;;0;3
2006-12-27 11:00:00Z;;0;3
2006-12-28 11:00:00Z;;0;3
2006-12-29 11:00:00Z;;0;3
2006-12-30 11:00:00Z;;0;3
2006-12-31 11:00:00Z;;0;3
2007-01-01 11:00:00Z;;0;3
2007-01-02 11:00:00Z;;0;3
2007-01-03 11:00:00Z;;0;3
2007-01-04 11:00:00Z;;0;3
2007-01-05 11:00:00Z;;0;3
2007-01-06 11:00:00Z;;0;3
2007-01-07 11:00:00Z;;0;3
2007-01-08 11:00:00Z;;0;3
2007-01-09 11:00:00Z;;0;3
2007-01-10 11:00:00Z;;0;3
2007-01-11 11:00:00Z;;0;3
2007-01-12 11:00:00Z;;0;3
2007-01-13 11:00:00Z;;0;3
2007-01-14 11:00:00Z;;0;3
2007-01-15 11:00:00Z;;0;3
2007-01-16 11:00:00Z;;0;3
2007-01-17 11:00:00Z;;0;3
2007-01-18 11:00:00Z;;0;3
2007-01-19 11:00:00Z;;0;3
2007-01-20 11:00:00Z;;0;3
2007-01-21 11:00:00Z;;0;3
2007-01-22 11:00:00Z;;0;3
2007-01-23 11:00:00Z;;0;3
2007-01-24 11:00:00Z;;0;3
2007-01-25 11:00:00Z;;0;3
2007-01-26 11:00:00Z;;0;3
2007-01-27 11:00:00Z;;0;3
2007-01-28 11:00:00Z;;0;3
2007-01-29 11:00:00Z;;0;3
2007-01-30 11:00:00Z;;0;3
2007-01-31 11:00:00Z;;0;3
2007-02-01 11:00:00Z;;0;3
2007-02-02 11:00:00Z;;0;3
2007-02-03 11:00:00Z;;0;3
2007-02-04 11:00:00Z;;0;3
2007-02-05 11:00:00Z;;0;3
2007-02-06 11:00:00Z;;0;3
2007-02-07 11:00:00Z;;0;3
2007-02-08 11:00:00Z;;0;3
2007-02-09 11:00:00Z;;0;3
2007-02-10 11:00:00Z;;0;3
2007-02-11 11:00:00Z;;0;3
2007-02-12 11:00:00Z;;0;3
2007-02-13 11:00:00Z;;0;3
2007-02-14 11:00:00Z;;0;3
2007-02-15 11:00:00Z;;0;3
2007-02-16 11:00:00Z;;0;3
2007-02-17 11:00:00Z;;0;3
2007-02-18 11:00:00Z;;0;3
2007-02-19 11:00:00Z;;0;3
2007-02-20 11:00:00Z;;0;3
2007-02-21 11:00:00Z;;0;3
2007-02-22 11:00:00Z;;0;3
2007-02-23 11:00:00Z;;0;3
2007-02-24 11:00:00Z;;0;3
2007-02-25 11:00:00Z;;0;3
2007-02-26 11:00:00Z;;0;3
2007-02-27 11:00:00Z;;0;3
2007-02-28 11:00:00Z;;0;3
2007-03-01 11:00:00Z;;0;3
2007-03-02 11:00:00Z;;0;3
2007-03-03 11:00:00Z;;0;3
2007-03-04 11:00:00Z;;0;3
2007-03-05 11:00:00Z;;0;3
2007-03-06 11:00:00Z;;0;3
2007-03-07 11:00:00Z;;0;3
2007-03-08 11:00:00Z;;0;3
2007-03-09 11:00:00Z;;0;3
2007-03-10 11:00:00Z;;0;3
2007-03-11 11:00:00Z;;0;3
2007-03-12 11:00:00Z;;0;3
2007-03-13 11:00:00Z;;0;3
2007-03-14 11:00:00Z;;0;3
2007-03-15 11:00:00Z;;0;3
2007-03-16 11:00:00Z;;0;3
2007-03-17 11:00:00Z;;0;3
2007-03-18 11:00:00Z;;0;3
2007-03-19 11:00:00Z;;0;3
2007-03-20 11:00:00Z;;0;3
2007-03-21 11:00:00Z;;0;3
2007-03-22 11:00:00Z;;0;3
2007-03-23 11:00:00Z;;0;3
2007-03-24 11:00:00Z;;0;3
2007-03-25 11:00:00Z;;0;3
2007-03-26 11:00:00Z;;0;3
2007-03-27 11:00:00Z;;0;3
2007-03-28 11:00:00Z;;0;3
2007-03-29 11:00:00Z;;0;3
2007-03-30 11:00:00Z;;0;3
2007-03-31 11:00:00Z;;0;3
2007-04-01 11:00:00Z;;0;3
2007-04-02 11:00:00Z;;0;3
2007-04-03 11:00:00Z;;0;3
2007-04-04 11:00:00Z;;0;3
2007-04-05 11:00:00Z;;0;3
2007-04-06 11:00:00Z;;0;3
2007-04-07 11:00:00Z;;0;3
2007-04-08 11:00:00Z;;0;3
2007-04-09 11:00:00Z;;0;3
2007-04-10 11:00:00Z;;0;3
2007-04-11 11:00:00Z;;0;3
2007-04-12 11:00:00Z;;0;3
2007-04-13 11:00:00Z;;0;3
2007-04-14 11:00:00Z;;0;3
2007-04-15 11:00:00Z;;0;3
2007-04-16 11:00:00Z;;0;3
2007-04-17 11:00:00Z;;0;3
2007-04-18 11:00:00Z;;0;3
2007-04-19 11:00:00Z;;0;3
2007-04-20 11:00:00Z;;0;3
2007-04-21 11:00:00Z;;0;3
2007-04-22 11:00:00Z;;0;3
2007-04-23 11:00:00Z;;0;3
2007-04-24 11:00:00Z;;0;3
2007-04-25 11:00:00Z;;0;3
2007-04-26 11:00:00Z;;0;3
2007-04-27 11:00:00Z;;0;3
2007-04-28 11:00:00Z;;0;3
2007-04-29 11:00:00Z;;0;3
2007-04-30 11:00:00Z;;0;3
2007-05-01 11:00:00Z;;0;3
2007-05-02 11:00:00Z;;0;3
2007-05-03 11:00:00Z;;0;3
2007-05-04 11:00:00Z;;0;3
2007-05-05 11:00:00Z;;0;3
2007-05-06 11:00:00Z;;0;3
2007-05-07 11:00:00Z;;0;3
2007-05-08 11:00:00Z;;0;3
2007-05-09 11:00:00Z;;0;3
2007-05-10 11:00:00Z;;0;3
2007-05-11 11:00:00Z;;0;3
2007-05-12 11:00:00Z;;0;3
2007-05-13 11:00:00Z;;0;3
2007-05-14 11:00:00Z;;0;3
2007-05-15 11:00:00Z;;0;3
2007-05-16 11:00:00Z;;0;3
2007-05-17 11:00:00Z;;0;3
2007-05-18 11:00:00Z;;0;3
2007-05-19 11:00:00Z;;0;3
2007-05-20 11:00:00Z;;0;3
2007-05-21 11:00:00Z;;0;3
2007-05-22 11:00:00Z;;0;3
2007-05-23 11:00:00Z;;0;3
2007-05-24 11:00:00Z;;0;3
2007-05-25 11:00:00Z;;0;3
2007-05-26 11:00:00Z;;0;3
2007-05-27 11:00:00Z;;0;3
2007-05-28 11:00:00Z;;0;3
2007-05-29 11:00:00Z;;0;3
2007-05-30 11:00:00Z;;0;3
2007-05-31 11:00:00Z;;0;3
2007-06-01 11:00:00Z;;0;3
2007-06-02 11:00:00Z;;0;3
2007-06-03 11:00:00Z;;0;3
2007-06-04 11:00:00Z;;0;3
2007-06-05 11:00:00Z;;0;3
2007-06-06 11:00:00Z;;0;3
2007-06-07 11:00:00Z;;0;3
2007-06-08 11:00:00Z;;0;3
2007-06-09 11:00:00Z;;0;3
2007-06-10 11:00:00Z;;0;3
2007-06-11 11:00:00Z;;0;3
2007-06-12 11:00:00Z;;0;3
2007-06-13 11:00:00Z;;0;3
2007-06-14 11:00:00Z;;0;3
2007-06-15 11:00:00Z;;0;3
2007-06-16 11:00:00Z;;0;3
2007-06-17 11:00:00Z;;0;3
2007-06-18 11:00:00Z;;0;3
2007-06-19 11:00:00Z;;0;3
2007-06-20 11:00:00Z;;0;3
2007-06-21 11:00:00Z;;0;3
2007-06-22 11:00:00Z;;0;3
2007-06-23 11:00:00Z;;0;3
2007-06-24 11:00:00Z;;0;3
2007-06-25 11:00:00Z;;0;3
2007-06-26 11:00:00Z;;0;3
2007-06-27 11:00:00Z;;0;3
2007-06-28 11:00:00Z;;0;3
2007-06-29 11:00:00Z;;0;3
2007-06-30 11:00:00Z;;0;3
2007-07-01 11:00:00Z;;0;3
2007-07-02 11:00:00Z;;0;3
2007-07-03 11:00:00Z;;0;3
2007-07-04 11:00:00Z;;0;3
2007-07-05 11:00:00Z;;0;3
2007-07-06 11:00:00Z;;0;3
2007-07-07 11:00:00Z;;0;3
2007-07-08 11:00:00Z;;0;3
2007-07-09 11:00:00Z;;0;3
2007-07-10 11:00:00Z;;0;3
2007-07-11 11:00:00Z;;0;3
2007-07-12 11:00:00Z;;0;3
2007-07-13 11:00:00Z;;0;3
2007-07-14 11:00:00Z;;0;3
2007-07-15 11:00:00Z;;0;3
2007-07-16 11:00:00Z;;0;3
2007-07-17 11:00:00Z;;0;3
2007-07-18 11:00:00Z;;0;3
2007-07-19 11:00:00Z;;0;3
2007-07-20 11:00:00Z;;0;3
2007-07-21 11:00:00Z;;0;3
2007-07-22 11:00:00Z;;0;3
2007-07-23 11:00:00Z;;0;3
2007-07-24 11:00:00Z;;0;3
2007-07-25 11:00:00Z;;0;3
2007-07-26 11:00:00Z;;0;3
2007-07-27 11:00:00Z;;0;3
2007-07-28 11:00:00Z;;0;3
2007-07-29 11:00:00Z;;0;3
2007-07-30 11:00:00Z;;0;3
2007-07-31 11:00:00Z;;0;3
2007-08-01 11:00:00Z;;0;3
2007-08-02 11:00:00Z;;0;3
2007-08-03 11:00:00Z;;0;3
2007-08-04 11:00:00Z;;0;3
2007-08-05 11:00:00Z;;0;3
2007-08-06 11:00:00Z;;0;3
2007-08-07 11:00:00Z;;0;3
2007-08-08 11:00:00Z;;0;3
2007-08-09 11:00:00Z;;0;3
2007-08-10 11:00:00Z;;0;3
2007-08-11 11:00:00Z;;0;3
2007-08-12 11:00:00Z;;0;3
2007-08-13 11:00:00Z;;0;3
2007-08-14 11:00:00Z;;0;3
2007-08-15 11:00:00Z;;0;3
2007-08-16 11:00:00Z;;0;3
2007-08-17 11:00:00Z;;0;3
2007-08-18 11:00:00Z;;0;3
2007-08-19 11:00:00Z;;0;3
2007-08-20 11:00:00Z;;0;3
2007-08-21 11:00:00Z;;0;3
2007-08-22 11:00:00Z;;0;3
2007-08-23 11:00:00Z;;0;3
2007-08-24 11:00:00Z;;0;3
2007-08-25 11:00:00Z;;0;3
2007-08-26 11:00:00Z;;0;3
2007-08-27 11:00:00Z;;0;3
2007-08-28 11:00:00Z;;0;3
2007-08-29 11:00:00Z;;0;3
2007-08-30 11:00:00Z;;0;3
2007-08-31 11:00:00Z;;0;3
2007-09-01 11:00:00Z;;0;3
2007-09-02 11:00:00Z;;0;3
2007-09-03 11:00:00Z;;0;3
2007-09-04 11:00:00Z;;0;3
2007-09-05 11:00:00Z;;0;3
2007-09-06 11:00:00Z;;0;3
2007-09-07 11:00:00Z;;0;3
2007-09-08 11:00:00Z;;0;3
2007-09-09 11:00:00Z;;0;3
2007-09-10 11:00:00Z;;0;3
2007-09-11 11:00:00Z;;0;3
2007-09-12 11:00:00Z;;0;3
2007-09-13 11:00:00Z;;0;3
2007-09-14 11:00:00Z;;0;3
2007-09-15 11:00:00Z;;0;3
2007-09-16 11:00:00Z;;0;3
2007-09-17 11:00:00Z;;0;3
2007-09-18 11:00:00Z;;0;3
2007-09-19 11:00:00Z;;0;3
2007-09-20 11:00:00Z;;0;3
2007-09-21 11:00:00Z;;0;3
2007-09-22 11:00:00Z;;0;3
2007-09-23 11:00:00Z;;0;3
2007-09-24 11:00:00Z;;0;3
2007-09-25 11:00:00Z;;0;3
2007-09-26 11:00:00Z;;0;3
2007-09-27 11:00:00Z;;0;3
2007-09-28 11:00:00Z;;0;3
2007-09-29 11:00:00Z;;0;3
2007-09-30 11:00:00Z;;0;3
2007-10-01 11:00:00Z;;0;3
2007-10-02 11:00:00Z;;0;3
2007-10-03 11:00:00Z;;0;3
2007-10-04 11:00:00Z;;0;3
2007-10-05 11:00:00Z;;0;3
2007-10-06 11:00:00Z;;0;3
2007-10-07 11:00:00Z;;0;3
2007-10-08 11:00:00Z;;0;3
2007-10-09 11:00:00Z;;0;3
2007-10-10 11:00:00Z;;0;3
2007-10-11 11:00:00Z;;0;3
2007-10-12 11:00:00Z;;0;3
2007-10-13 11:00:00Z;;0;3
2007-10-14 11:00:00Z;;0;3
2007-10-15 11:00:00Z;;0;3
2007-10-16 11:00:00Z;;0;3
2007-10-17 11:00:00Z;;0;3
2007-10-18 11:00:00Z;;0;3
2007-10-19 11:00:00Z;;0;3
2007-10-20 11:00:00Z;;0;3
2007-10-21 11:00:00Z;;0;3
2007-10-22 11:00:00Z;;0;3
2007-10-23 11:00:00Z;;0;3
2007-10-24 11:00:00Z;;0;3
2007-10-25 11:00:00Z;;0;3
2007-10-26 11:00:00Z;;0;3
2007-10-27 11:00:00Z;;0;3
2007-10-28 11:00:00Z;;0;3
2007-10-29 11:00:00Z;;0;3
2007-10-30 11:00:00Z;;0;3
2007-10-31 11:00:00Z;;0;3
2007-11-01 11:00:00Z;;0;3
2007-11-02 11:00:00Z;;0;3
2007-11-03 11:00:00Z;;0;3
2007-11-04 11:00:00Z;;0;3
2007-11-05 11:00:00Z;;0;3
2007-11-06 11:00:00Z;;0;3
2007-11-07 11:00:00Z;;0;3
2007-11-08 11:00:00Z;;0;3
2007-11-09 11:00:00Z;;0;3
2007-11-10 11:00:00Z;;0;3
2007-11-11 11:00:00Z;;0;3
2007-11-12 11:00:00Z;;0;3
2007-11-13 11:00:00Z;;0;3
2007-11-14 11:00:00Z;;0;3
2007-11-15 11:00:00Z;;0;3
2007-11-16 11:00:00Z;;0;3
2007-11-17 11:00:00Z;;0;3
2007-11-18 11:00:00Z;;0;3
2007-11-19 11:00:00Z;;0;3
2007-11-20 11:00:00Z;;0;3
2007-11-21 11:00:00Z;;0;3
2007-11-22 11:00:00Z;;0;3
2007-11-23 11:00:00Z;;0;3
2007-11-24 11:00:00Z;;0;3
2007-11-25 11:00:00Z;;0;3
2007-11-26 11:00:00Z;;0;3
2007-11-27 11:00:00Z;;0;3
2007-11-28 11:00:00Z;;0;3
2007-11-29 11:00:00Z;;0;3
2007-11-30 11:00:00Z;;0;3
2007-12-01 11:00:00Z;;0;3
2007-12-02 11:00:00Z;;0;3
2007-12-03 11:00:00Z;;0;3
2007-12-04 11:00:00Z;;0;3
2007-12-05 11:00:00Z;;0;3
2007-12-06 11:00:00Z;;0;3
2007-12-07 11:00:00Z;;0;3
2007-12-08 11:00:00Z;;0;3
2007-12-09 11:00:00Z;;0;3
2007-12-10 11:00:00Z;;0;3
2007-12-11 11:00:00Z;;0;3
2007-12-12 11:00:00Z;;0;3
2007-12-13 11:00:00Z;;0;3
2007-12-14 11:00:00Z;;0;3
2007-12-15 11:00:00Z;;0;3
2007-12-16 11:00:00Z;;0;3
2007-12-17 11:00:00Z;;0;3
2007-12-18 11:00:00Z;;0;3
2007-12-19 11:00:00Z;;0;3
2007-12-20 11:00:00Z;;0;3
2007-12-21 11:00:00Z;;0;3
2007-12-22 11:00:00Z;;0;3
2007-12-23 11:00:00Z;;0;3
2007-12-24 11:00:00Z;;0;3
2007-12-25 11:00:00Z;;0;3
2007-12-26 11:00:00Z;;0;3
2007-12-27 11:00:00Z;;0;3
2007-12-28 11:00:00Z;;0;3
2007-12-29 11:00:00Z;;0;3
2007-12-30 11:00:00Z;;0;3
2007-12-31 11:00:00Z;;0;3
2008-01-01 11:00:00Z;;0;3
2008-01-02 11:00:00Z;;0;3
2008-01-03 11:00:00Z;;0;3
2008-01-04 11:00:00Z;;0;3
2008-01-05 11:00:00Z;;0;3
2008-01-06 11:00:00Z;;0;3
2008-01-07 11:00:00Z;;0;3
2008-01-08 11:00:00Z;;0;3
2008-01-09 11:00:00Z;;0;3
2008-01-10 11:00:00Z;;0;3
2008-01-11 11:00:00Z;;0;3
2008-01-12 11:00:00Z;;0;3
2008-01-13 11:00:00Z;;0;3
2008-01-14 11:00:00Z;;0;3
2008-01-15 11:00:00Z;;0;3
2008-01-16 11:00:00Z;;0;3
2008-01-17 11:00:00Z;;0;3
2008-01-18 11:00:00Z;;0;3
2008-01-19 11:00:00Z;;0;3
2008-01-20 11:00:00Z;;0;3
2008-01-21 11:00:00Z;;0;3
2008-01-22 11:00:00Z;;0;3
2008-01-23 11:00:00Z;;0;3
2008-01-24 11:00:00Z;;0;3
2008-01-25 11:00:00Z;;0;3
2008-01-26 11:00:00Z;;0;3
2008-01-27 11:00:00Z;;0;3
2008-01-28 11:00:00Z;;0;3
2008-01-29 11:00:00Z;;0;3
2008-01-30 11:00:00Z;;0;3
2008-01-31 11:00:00Z;;0;3
2008-02-01 11:00:00Z;;0;3
2008-02-02 11:00:00Z;;0;3
2008-02-03 11:00:00Z;;0;3
2008-02-04 11:00:00Z;;0;3
2008-02-05 11:00:00Z;;0;3
2008-02-06 11:00:00Z;;0;3
2008-02-07 11:00:00Z;;0;3
2008-02-08 11:00:00Z;;0;3
2008-02-09 11:00:00Z;;0;3
2008-02-10 11:00:00Z;;0;3
2008-02-11 11:00:00Z;;0;3
2008-02-12 11:00:00Z;;0;3
2008-02-13 11:00:00Z;;0;3
2008-02-14 11:00:00Z;;0;3
2008-02-15 11:00:00Z;;0;3
2008-02-16 11:00:00Z;;0;3
2008-02-17 11:00:00Z;;0;3
2008-02-18 11:00:00Z;;0;3
2008-02-19 11:00:00Z;;0;3
2008-02-20 11:00:00Z;;0;3
2008-02-21 11:00:00Z;;0;3
2008-02-22 11:00:00Z;;0;3
2008-02-23 11:00:00Z;;0;3
2008-02-24 11:00:00Z;;0;3
2008-02-25 11:00:00Z;;0;3
2008-02-26 11:00:00Z;;0;3
2008-02-27 11:00:00Z;;0;3
2008-02-28 11:00:00Z;;0;3
2008-02-29 11:00:00Z;;0;3
2008-03-01 11:00:00Z;;0;3
2008-03-02 11:00:00Z;;0;3
2008-03-03 11:00:00Z;;0;3
2008-03-04 11:00:00Z;;0;3
2008-03-05 11:00:00Z;;0;3
2008-03-06 11:00:00Z;;0;3
2008-03-07 11:00:00Z;;0;3
2008-03-08 11:00:00Z;;0;3
2008-03-09 11:00:00Z;;0;3
2008-03-10 11:00:00Z;;0;3
2008-03-11 11:00:00Z;;0;3
2008-03-12 11:00:00Z;;0;3
2008-03-13 11:00:00Z;;0;3
2008-03-14 11:00:00Z;;0;3
2008-03-15 11:00:00Z;;0;3
2008-03-16 11:00:00Z;;0;3
2008-03-17 11:00:00Z;;0;3
2008-03-18 11:00:00Z;;0;3
2008-03-19 11:00:00Z;;0;3
2008-03-20 11:00:00Z;;0;3
2008-03-21 11:00:00Z;;0;3
2008-03-22 11:00:00Z;;0;3
2008-03-23 11:00:00Z;;0;3
2008-03-24 11:00:00Z;;0;3
2008-03-25 11:00:00Z;;0;3
2008-03-26 11:00:00Z;;0;3
2008-03-27 11:00:00Z;;0;3
2008-03-28 11:00:00Z;;0;3
2008-03-29 11:00:00Z;;0;3
2008-03-30 11:00:00Z;;0;3
2008-03-31 11:00:00Z;;0;3
2008-04-01 11:00:00Z;;0;3
2008-04-02 11:00:00Z;;0;3
2008-04-03 11:00:00Z;;0;3
2008-04-04 11:00:00Z;;0;3
2008-04-05 11:00:00Z;;0;3
2008-04-06 11:00:00Z;;0;3
2008-04-07 11:00:00Z;;0;3
2008-04-08 11:00:00Z;;0;3
2008-04-09 11:00:00Z;;0;3
2008-04-10 11:00:00Z;;0;3
2008-04-11 11:00:00Z;;0;3
2008-04-12 11:00:00Z;;0;3
2008-04-13 11:00:00Z;;0;3
2008-04-14 11:00:00Z;;0;3
2008-04-15 11:00:00Z;;0;3
2008-04-16 11:00:00Z;;0;3
2008-04-17 11:00:00Z;;0;3
2008-04-18 11:00:00Z;;0;3
2008-04-19 11:00:00Z;;0;3
2008-04-20 11:00:00Z;;0;3
2008-04-21 11:00:00Z;;0;3
2008-04-22 11:00:00Z;;0;3
2008-04-23 11:00:00Z;;0;3
2008-04-24 11:00:00Z;;0;3
2008-04-25 11:00:00Z;;0;3
2008-04-26 11:00:00Z;;0;3
2008-04-27 11:00:00Z;;0;3
2008-04-28 11:00:00Z;;0;3
2008-04-29 11:00:00Z;;0;3
2008-04-30 11:00:00Z;;0;3
2008-05-01 11:00:00Z;;0;3
2008-05-02 11:00:00Z;;0;3
2008-05-03 11:00:00Z;;0;3
2008-05-04 11:00:00Z;;0;3
2008-05-05 11:00:00Z;;0;3
2008-05-06 11:00:00Z;;0;3
2008-05-07 11:00:00Z;;0;3
2008-05-08 11:00:00Z;;0;3
2008-05-09 11:00:00Z;;0;3
2008-05-10 11:00:00Z;;0;3
2008-05-11 11:00:00Z;;0;3
2008-05-12 11:00:00Z;;0;3
2008-05-13 11:00:00Z;;0;3
2008-05-14 11:00:00Z;;0;3
2008-05-15 11:00:00Z;;0;3
2008-05-16 11:00:00Z;;0;3
2008-05-17 11:00:00Z;;0;3
2008-05-18 11:00:00Z;;0;3
2008-05-19 11:00:00Z;;0;3
2008-05-20 11:00:00Z;;0;3
2008-05-21 11:00:00Z;;0;3
2008-05-22 11:00:00Z;;0;3
2008-05-23 11:00:00Z;;0;3
2008-05-24 11:00:00Z;;0;3
2008-05-25 11:00:00Z;;0;3
2008-05-26 11:00:00Z;;0;3
2008-05-27 11:00:00Z;;0;3
2008-05-28 11:00:00Z;;0;3
2008-05-29 11:00:00Z;;0;3
2008-05-30 11:00:00Z;;0;3
2008-05-31 11:00:00Z;;0;3
2008-06-01 11:00:00Z;;0;3
2008-06-02 11:00:00Z;;0;3
2008-06-03 11:00:00Z;;0;3
2008-06-04 11:00:00Z;;0;3
2008-06-05 11:00:00Z;;0;3
2008-06-06 11:00:00Z;;0;3
2008-06-07 11:00:00Z;;0;3
2008-06-08 11:00:00Z;;0;3
2008-06-09 11:00:00Z;;0;3
2008-06-10 11:00:00Z;;0;3
2008-06-11 11:00:00Z;;0;3
2008-06-12 11:00:00Z;;0;3
2008-06-13 11:00:00Z;;0;3
2008-06-14 11:00:00Z;;0;3
2008-06-15 11:00:00Z;;0;3
2008-06-16 11:00:00Z;;0;3
2008-06-17 11:00:00Z;;0;3
2008-06-18 11:00:00Z;;0;3
2008-06-19 11:00:00Z;;0;3
2008-06-20 11:00:00Z;;0;3
2008-06-21 11:00:00Z;;0;3
2008-06-22 11:00:00Z;;0;3
2008-06-23 11:00:00Z;;0;3
2008-06-24 11:00:00Z;;0;3
2008-06-25 11:00:00Z;;0;3
2008-06-26 11:00:00Z;;0;3
2008-06-27 11:00:00Z;;0;3
2008-06-28 11:00:00Z;;0;3
2008-06-29 11:00:00Z;;0;3
2008-06-30 11:00:00Z;;0;3
2008-07-01 11:00:00Z;;0;3
2008-07-02 11:00:00Z;;0;3
2008-07-03 11:00:00Z;;0;3
2008-07-04 11:00:00Z;;0;3
2008-07-05 11:00:00Z;;0;3
2008-07-06 11:00:00Z;;0;3
2008-07-07 11:00:00Z;;0;3
2008-07-08 11:00:00Z;;0;3
2008-07-09 11:00:00Z;;0;3
2008-07-10 11:00:00Z;;0;3
2008-07-11 11:00:00Z;;0;3
2008-07-12 11:00:00Z;;0;3
2008-07-13 11:00:00Z;;0;3
2008-07-14 11:00:00Z;;0;3
2008-07-15 11:00:00Z;;0;3
2008-07-16 11:00:00Z;;0;3
2008-07-17 11:00:00Z;;0;3
2008-07-18 11:00:00Z;;0;3
2008-07-19 11:00:00Z;;0;3
2008-07-20 11:00:00Z;;0;3
2008-07-21 11:00:00Z;;0;3
2008-07-22 11:00:00Z;;0;3
2008-07-23 11:00:00Z;;0;3
2008-07-24 11:00:00Z;;0;3
2008-07-25 11:00:00Z;;0;3
2008-07-26 11:00:00Z;;0;3
2008-07-27 11:00:00Z;;0;3
2008-07-28 11:00:00Z;;0;3
2008-07-29 11:00:00Z;;0;3
2008-07-30 11:00:00Z;;0;3
2008-07-31 11:00:00Z;;0;3
2008-08-01 11:00:00Z;;0;3
2008-08-02 11:00:00Z;;0;3
2008-08-03 11:00:00Z;;0;3
2008-08-04 11:00:00Z;;0;3
2008-08-05 11:00:00Z;;0;3
2008-08-06 11:00:00Z;;0;3
2008-08-07 11:00:00Z;;0;3
2008-08-08 11:00:00Z;;0;3
2008-08-09 11:00:00Z;;0;3
2008-08-10 11:00:00Z;;0;3
2008-08-11 11:00:00Z;;0;3
2008-08-12 11:00:00Z;;0;3
2008-08-13 11:00:00Z;;0;3
2008-08-14 11:00:00Z;;0;3
2008-08-15 11:00:00Z;;0;3
2008-08-16 11:00:00Z;;0;3
2008-08-17 11:00:00Z;;0;3
2008-08-18 11:00:00Z;;0;3
2008-08-19 11:00:00Z;;0;3
2008-08-20 11:00:00Z;;0;3
2008-08-21 11:00:00Z;;0;3
2008-08-22 11:00:00Z;;0;3
2008-08-23 11:00:00Z;;0;3
2008-08-24 11:00:00Z;;0;3
2008-08-25 11:00:00Z;;0;3
2008-08-26 11:00:00Z;;0;3
2008-08-27 11:00:00Z;;0;3
2008-08-28 11:00:00Z;;0;3
2008-08-29 11:00:00Z;;0;3
2008-08-30 11:00:00Z;;0;3
2008-08-31 11:00:00Z;;0;3
2008-09-01 11:00:00Z;;0;3
2008-09-02 11:00:00Z;;0;3
2008-09-03 11:00:00Z;;0;3
2008-09-04 11:00:00Z;;0;3
2008-09-05 11:00:00Z;;0;3
2008-09-06 11:00:00Z;;0;3
2008-09-07 11:00:00Z;;0;3
2008-09-08 11:00:00Z;;0;3
2008-09-09 11:00:00Z;;0;3
2008-09-10 11:00:00Z;;0;3
2008-09-11 11:00:00Z;;0;3
2008-09-12 11:00:00Z;;0;3
2008-09-13 11:00:00Z;;0;3
2008-09-14 11:00:00Z;;0;3
2008-09-15 11:00:00Z;;0;3
2008-09-16 11:00:00Z;;0;3
2008-09-17 11:00:00Z;;0;3
2008-09-18 11:00:00Z;;0;3
2008-09-19 11:00:00Z;;0;3
2008-09-20 11:00:00Z;;0;3
2008-09-21 11:00:00Z;;0;3
2008-09-22 11:00:00Z;;0;3
2008-09-23 11:00:00Z;;0;3
2008-09-24 11:00:00Z;;0;3
2008-09-25 11:00:00Z;;0;3
2008-09-26 11:00:00Z;;0;3
2008-09-27 11:00:00Z;;0;3
2008-09-28 11:00:00Z;;0;3
2008-09-29 11:00:00Z;;0;3
2008-09-30 11:00:00Z;;0;3
2008-10-01 11:00:00Z;;0;3
2008-10-02 11:00:00Z;;0;3
2008-10-03 11:00:00Z;;0;3
2008-10-04 11:00:00Z;;0;3
2008-10-05 11:00:00Z;;0;3
2008-10-06 11:00:00Z;;0;3
2008-10-07 11:00:00Z;;0;3
2008-10-08 11:00:00Z;;0;3
2008-10-09 11:00:00Z;;0;3
2008-10-10 11:00:00Z;;0;3
2008-10-11 11:00:00Z;;0;3
2008-10-12 11:00:00Z;;0;3
2008-10-13 11:00:00Z;;0;3
2008-10-14 11:00:00Z;;0;3
2008-10-15 11:00:00Z;;0;3
2008-10-16 11:00:00Z;;0;3
2008-10-17 11:00:00Z;;0;3
2008-10-18 11:00:00Z;;0;3
2008-10-19 11:00:00Z;;0;3
2008-10-20 11:00:00Z;;0;3
2008-10-21 11:00:00Z;;0;3
2008-10-22 11:00:00Z;;0;3
2008-10-23 11:00:00Z;;0;3
2008-10-24 11:00:00Z;;0;3
2008-10-25 11:00:00Z;;0;3
2008-10-26 11:00:00Z;;0;3
2008-10-27 11:00:00Z;;0;3
2008-10-28 11:00:00Z;;0;3
2008-10-29 11:00:00Z;;0;3
2008-10-30 11:00:00Z;;0;3
2008-10-31 11:00:00Z;;0;3
2008-11-01 11:00:00Z;;0;3
2008-11-02 11:00:00Z;;0;3
2008-11-03 11:00:00Z;;0;3
2008-11-04 11:00:00Z;;0;3
2008-11-05 11:00:00Z;;0;3
2008-11-06 11:00:00Z;;0;3
2008-11-07 11:00:00Z;;0;3
2008-11-08 11:00:00Z;;0;3
2008-11-09 11:00:00Z;;0;3
2008-11-10 11:00:00Z;;0;3
2008-11-11 11:00:00Z;;0;3
2008-11-12 11:00:00Z;;0;3
2008-11-13 11:00:00Z;;0;3
2008-11-14 11:00:00Z;;0;3
2008-11-15 11:00:00Z;;0;3
2008-11-16 11:00:00Z;;0;3
2008-11-17 11:00:00Z;;0;3
2008-11-18 11:00:00Z;;0;3
2008-11-19 11:00:00Z;;0;3
2008-11-20 11:00:00Z;;0;3
2008-11-21 11:00:00Z;;0;3
2008-11-22 11:00:00Z;;0;3
2008-11-23 11:00:00Z;;0;3
2008-11-24 11:00:00Z;;0;3
2008-11-25 11:00:00Z;;0;3
2008-11-26 11:00:00Z;;0;3
2008-11-27 11:00:00Z;;0;3
2008-11-28 11:00:00Z;;0;3
2008-11-29 11:00:00Z;;0;3
2008-11-30 11:00:00Z;;0;3
2008-12-01 11:00:00Z;;0;3
2008-12-02 11:00:00Z;;0;3
2008-12-03 11:00:00Z;;0;3
2008-12-04 11:00:00Z;;0;3
2008-12-05 11:00:00Z;;0;3
2008-12-06 11:00:00Z;;0;3
2008-12-07 11:00:00Z;;0;3
2008-12-08 11:00:00Z;;0;3
2008-12-09 11:00:00Z;;0;3
2008-12-10 11:00:00Z;;0;3
2008-12-11 11:00:00Z;;0;3
2008-12-12 11:00:00Z;;0;3
2008-12-13 11:00:00Z;;0;3
2008-12-14 11:00:00Z;;0;3
2008-12-15 11:00:00Z;;0;3
2008-12-16 11:00:00Z;;0;3
2008-12-17 11:00:00Z;;0;3
2008-12-18 11:00:00Z;;0;3
2008-12-19 11:00:00Z;;0;3
2008-12-20 11:00:00Z;;0;3
2008-12-21 11:00:00Z;;0;3
2008-12-22 11:00:00Z;;0;3
2008-12-23 11:00:00Z;;0;3
2008-12-24 11:00:00Z;;0;3
2008-12-25 11:00:00Z;;0;3
2008-12-26 11:00:00Z;;0;3
2008-12-27 11:00:00Z;;0;3
2008-12-28 11:00:00Z;;0;3
2008-12-29 11:00:00Z;;0;3
2008-12-30 11:00:00Z;;0;3
2008-12-31 11:00:00Z;;0;3
2009-01-01 11:00:00Z;-1,8571;2;3
2009-01-02 11:00:00Z;-1,8357;2;3
2009-01-03 11:00:00Z;-1,8143;2;3
2009-01-04 11:00:00Z;-1,7929;2;3
2009-01-05 11:00:00Z;-1,7714;2;3
2009-01-06 11:00:00Z;-1,75;0;3
2009-01-07 11:00:00Z;-1,5043;2;3
2009-01-08 11:00:00Z;-1,2586;2;3
2009-01-09 11:00:00Z;-1,0129;2;3
2009-01-10 11:00:00Z;-0,7671;2;3
2009-01-11 11:00:00Z;-0,5214;2;3
2009-01-12 11:00:00Z;-0,2757;2;3
2009-01-13 11:00:00Z;-0,03;0;3
2009-01-14 11:00:00Z;-0,0543;2;3
2009-01-15 11:00:00Z;-0,0786;2;3
2009-01-16 11:00:00Z;-0,1029;2;3
2009-01-17 11:00:00Z;-0,1271;2;3
2009-01-18 11:00:00Z;-0,1514;2;3
2009-01-19 11:00:00Z;-0,1757;2;3
2009-01-20 11:00:00Z;-0,2;0;3
2009-01-21 11:00:00Z;-0,2429;2;3
2009-01-22 11:00:00Z;-0,2857;2;3
2009-01-23 11:00:00Z;-0,3286;2;3
2009-01-24 11:00:00Z;-0,3714;2;3
2009-01-25 11:00:00Z;-0,4143;2;3
2009-01-26 11:00:00Z;-0,4571;2;3
2009-01-27 11:00:00Z;-0,5;0;3
2009-01-28 11:00:00Z;-0,5357;2;3
2009-01-29 11:00:00Z;-0,5714;2;3
2009-01-30 11:00:00Z;-0,6071;2;3
2009-01-31 11:00:00Z;-0,6429;2;3
2009-02-01 11:00:00Z;-0,6786;2;3
2009-02-02 11:00:00Z;-0,7143;2;3
2009-02-03 11:00:00Z;-0,75;0;3
2009-02-04 11:00:00Z;-0,8;2;3
2009-02-05 11:00:00Z;-0,85;2;3
2009-02-06 11:00:00Z;-0,9;2;3
2009-02-07 11:00:00Z;-0,95;2;3
2009-02-08 11:00:00Z;-1;2;3
2009-02-09 11:00:00Z;-1,05;2;3
2009-02-10 11:00:00Z;-1,1;0;3
2009-02-11 11:00:00Z;-1,1286;2;3
2009-02-12 11:00:00Z;-1,1571;2;3
2009-02-13 11:00:00Z;-1,1857;2;3
2009-02-14 11:00:00Z;-1,2143;2;3
2009-02-15 11:00:00Z;-1,2429;2;3
2009-02-16 11:00:00Z;-1,2714;2;3
2009-02-17 11:00:00Z;-1,3;0;3
2009-02-18 11:00:00Z;-1,2429;2;3
2009-02-19 11:00:00Z;-1,1857;2;3
2009-02-20 11:00:00Z;-1,1286;2;3
2009-02-21 11:00:00Z;-1,0714;2;3
2009-02-22 11:00:00Z;-1,0143;2;3
2009-02-23 11:00:00Z;-0,9571;2;3
2009-02-24 11:00:00Z;-0,9;0;3
2009-02-25 11:00:00Z;-0,9286;2;3
2009-02-26 11:00:00Z;-0,9571;2;3
2009-02-27 11:00:00Z;-0,9857;2;3
2009-02-28 11:00:00Z;-1,0143;2;3
2009-03-01 11:00:00Z;-1,0429;2;3
2009-03-02 11:00:00Z;-1,0714;2;3
2009-03-03 11:00:00Z;-1,1;0;3
2009-03-04 11:00:00Z;-1,15;2;3
2009-03-05 11:00:00Z;-1,2;2;3
2009-03-06 11:00:00Z;-1,25;2;3
2009-03-07 11:00:00Z;-1,3;2;3
2009-03-08 11:00:00Z;-1,35;2;3
2009-03-09 11:00:00Z;-1,4;2;3
2009-03-10 11:00:00Z;-1,45;0;3
2009-03-11 11:00:00Z;-1,4929;2;3
2009-03-12 11:00:00Z;-1,5357;2;3
2009-03-13 11:00:00Z;-1,5786;2;3
2009-03-14 11:00:00Z;-1,6214;2;3
2009-03-15 11:00:00Z;-1,6643;2;3
2009-03-16 11:00:00Z;-1,7071;2;3
2009-03-17 11:00:00Z;-1,75;0;3
2009-03-18 11:00:00Z;-1,6214;2;3
2009-03-19 11:00:00Z;-1,4929;2;3
2009-03-20 11:00:00Z;-1,3643;2;3
2009-03-21 11:00:00Z;-1,2357;2;3
2009-03-22 11:00:00Z;-1,1071;2;3
2009-03-23 11:00:00Z;-0,9786;2;3
2009-03-24 11:00:00Z;-0,85;0;3
2009-03-25 11:00:00Z;-0,8643;2;3
2009-03-26 11:00:00Z;-0,8786;2;3
2009-03-27 11:00:00Z;-0,8929;2;3
2009-03-28 11:00:00Z;-0,9071;2;3
2009-03-29 11:00:00Z;-0,9214;2;3
2009-03-30 11:00:00Z;-0,9357;2;3
2009-03-31 11:00:00Z;-0,95;0;3
2009-04-01 11:00:00Z;-0,8143;2;3
2009-04-02 11:00:00Z;-0,6786;2;3
2009-04-03 11:00:00Z;-0,5429;2;3
2009-04-04 11:00:00Z;-0,4071;2;3
2009-04-05 11:00:00Z;-0,2714;2;3
2009-04-06 11:00:00Z;-0,1357;2;3
2009-04-07 11:00:00Z;0;0;3
2009-04-08 11:00:00Z;-0,0143;2;3
2009-04-09 11:00:00Z;-0,0286;2;3
2009-04-10 11:00:00Z;-0,0429;2;3
2009-04-11 11:00:00Z;-0,0571;2;3
2009-04-12 11:00:00Z;-0,0714;2;3
2009-04-13 11:00:00Z;-0,0857;2;3
2009-04-14 11:00:00Z;-0,1;0;3
2009-04-15 11:00:00Z;-0,1571;2;3
2009-04-16 11:00:00Z;-0,2143;2;3
2009-04-17 11:00:00Z;-0,2714;2;3
2009-04-18 11:00:00Z;-0,3286;2;3
2009-04-19 11:00:00Z;-0,3857;2;3
2009-04-20 11:00:00Z;-0,4429;2;3
2009-04-21 11:00:00Z;-0,5;0;3
2009-04-22 11:00:00Z;-0,6143;2;3
2009-04-23 11:00:00Z;-0,7286;2;3
2009-04-24 11:00:00Z;-0,8429;2;3
2009-04-25 11:00:00Z;-0,9571;2;3
2009-04-26 11:00:00Z;-1,0714;2;3
2009-04-27 11:00:00Z;-1,1857;2;3
2009-04-28 11:00:00Z;-1,3;0;3
2009-04-29 11:00:00Z;-1,35;2;3
2009-04-30 11:00:00Z;-1,4;2;3
2009-05-01 11:00:00Z;-1,45;2;3
2009-05-02 11:00:00Z;-1,5;2;3
2009-05-03 11:00:00Z;-1,55;2;3
2009-05-04 11:00:00Z;-1,6;2;3
2009-05-05 11:00:00Z;-1,65;0;3
2009-05-06 11:00:00Z;-1,6286;2;3
2009-05-07 11:00:00Z;-1,6071;2;3
2009-05-08 11:00:00Z;-1,5857;2;3
2009-05-09 11:00:00Z;-1,5643;2;3
2009-05-10 11:00:00Z;-1,5429;2;3
2009-05-11 11:00:00Z;-1,5214;2;3
2009-05-12 11:00:00Z;-1,5;0;3
2009-05-13 11:00:00Z;-1,49;2;3
2009-05-14 11:00:00Z;-1,48;2;3
2009-05-15 11:00:00Z;-1,47;2;3
2009-05-16 11:00:00Z;-1,46;2;3
2009-05-17 11:00:00Z;-1,45;2;3
2009-05-18 11:00:00Z;-1,44;2;3
2009-05-19 11:00:00Z;-1,43;0;3
2009-05-20 11:00:00Z;-1,4114;2;3
2009-05-21 11:00:00Z;-1,3929;2;3
2009-05-22 11:00:00Z;-1,3743;2;3
2009-05-23 11:00:00Z;-1,3557;2;3
2009-05-24 11:00:00Z;-1,3371;2;3
2009-05-25 11:00:00Z;-1,3186;2;3
2009-05-26 11:00:00Z;-1,3;0;3
2009-05-27 11:00:00Z;-1,2857;2;3
2009-05-28 11:00:00Z;-1,2714;2;3
2009-05-29 11:00:00Z;-1,2571;2;3
2009-05-30 11:00:00Z;-1,2429;2;3
2009-05-31 11:00:00Z;-1,2286;2;3
2009-06-01 11:00:00Z;-1,2143;2;3
2009-06-02 11:00:00Z;-1,2;0;3
2009-06-03 11:00:00Z;-1,2214;2;3
2009-06-04 11:00:00Z;-1,2429;2;3
2009-06-05 11:00:00Z;-1,2643;2;3
2009-06-06 11:00:00Z;-1,2857;2;3
2009-06-07 11:00:00Z;-1,3071;2;3
2009-06-08 11:00:00Z;-1,3286;2;3
2009-06-09 11:00:00Z;-1,35;0;3
2009-06-10 11:00:00Z;-1,3857;2;3
2009-06-11 11:00:00Z;-1,4214;2;3
2009-06-12 11:00:00Z;-1,4571;2;3
2009-06-13 11:00:00Z;-1,4929;2;3
2009-06-14 11:00:00Z;-1,5286;2;3
2009-06-15 11:00:00Z;-1,5643;2;3
2009-06-16 11:00:00Z;-1,6;0;3
2009-06-17 11:00:00Z;-1,6429;2;3
2009-06-18 11:00:00Z;-1,6857;2;3
2009-06-19 11:00:00Z;-1,7286;2;3
2009-06-20 11:00:00Z;-1,7714;2;3
2009-06-21 11:00:00Z;-1,8143;2;3
2009-06-22 11:00:00Z;-1,8571;2;3
2009-06-23 11:00:00Z;-1,9;0;3
2009-06-24 11:00:00Z;-1,9429;2;3
2009-06-25 11:00:00Z;-1,9857;2;3
2009-06-26 11:00:00Z;-2,0286;2;3
2009-06-27 11:00:00Z;-2,0714;2;3
2009-06-28 11:00:00Z;-2,1143;2;3
2009-06-29 11:00:00Z;-2,1571;2;3
2009-06-30 11:00:00Z;-2,2;0;3
2009-07-01 11:00:00Z;-2,2571;2;3
2009-07-02 11:00:00Z;-2,3143;2;3
2009-07-03 11:00:00Z;-2,3714;2;3
2009-07-04 11:00:00Z;-2,4286;2;3
2009-07-05 11:00:00Z;-2,4857;2;3
2009-07-06 11:00:00Z;-2,5429;2;3
2009-07-07 11:00:00Z;-2,6;0;3
2009-07-08 11:00:00Z;-2,6429;2;3
2009-07-09 11:00:00Z;-2,6857;2;3
2009-07-10 11:00:00Z;-2,7286;2;3
2009-07-11 11:00:00Z;-2,7714;2;3
2009-07-12 11:00:00Z;-2,8143;2;3
2009-07-13 11:00:00Z;-2,8571;2;3
2009-07-14 11:00:00Z;-2,9;0;3
2009-07-15 11:00:00Z;-2,9214;2;3
2009-07-16 11:00:00Z;-2,9429;2;3
2009-07-17 11:00:00Z;-2,9643;2;3
2009-07-18 11:00:00Z;-2,9857;2;3
2009-07-19 11:00:00Z;-3,0071;2;3
2009-07-20 11:00:00Z;-3,0286;2;3
2009-07-21 11:00:00Z;-3,05;0;3
2009-07-22 11:00:00Z;-3,0286;2;3
2009-07-23 11:00:00Z;-3,0071;2;3
2009-07-24 11:00:00Z;-2,9857;2;3
2009-07-25 11:00:00Z;-2,9643;2;3
2009-07-26 11:00:00Z;-2,9429;2;3
2009-07-27 11:00:00Z;-2,9214;2;3
2009-07-28 11:00:00Z;-2,9;0;3
2009-07-29 11:00:00Z;-2,8571;2;3
2009-07-30 11:00:00Z;-2,8143;2;3
2009-07-31 11:00:00Z;-2,7714;2;3
2009-08-01 11:00:00Z;-2,7286;2;3
2009-08-02 11:00:00Z;-2,6857;2;3
2009-08-03 11:00:00Z;-2,6429;2;3
2009-08-04 11:00:00Z;-2,6;0;3
2009-08-05 11:00:00Z;-2,6429;2;3
2009-08-06 11:00:00Z;-2,6857;2;3
2009-08-07 11:00:00Z;-2,7286;2;3
2009-08-08 11:00:00Z;-2,7714;2;3
2009-08-09 11:00:00Z;-2,8143;2;3
2009-08-10 11:00:00Z;-2,8571;2;3
2009-08-11 11:00:00Z;-2,9;0;3
2009-08-12 11:00:00Z;-2,8;2;3
2009-08-13 11:00:00Z;-2,7;2;3
2009-08-14 11:00:00Z;-2,6;2;3
2009-08-15 11:00:00Z;-2,5;2;3
2009-08-16 11:00:00Z;-2,4;2;3
2009-08-17 11:00:00Z;-2,3;2;3
2009-08-18 11:00:00Z;-2,2;0;3
2009-08-19 11:00:00Z;-2,1714;2;3
2009-08-20 11:00:00Z;-2,1429;2;3
2009-08-21 11:00:00Z;-2,1143;2;3
2009-08-22 11:00:00Z;-2,0857;2;3
2009-08-23 11:00:00Z;-2,0571;2;3
2009-08-24 11:00:00Z;-2,0286;2;3
2009-08-25 11:00:00Z;-2;0;3
2009-08-26 11:00:00Z;-1,9857;2;3
2009-08-27 11:00:00Z;-1,9714;2;3
2009-08-28 11:00:00Z;-1,9571;2;3
2009-08-29 11:00:00Z;-1,9429;2;3
2009-08-30 11:00:00Z;-1,9286;2;3
2009-08-31 11:00:00Z;-1,9143;2;3
2009-09-01 11:00:00Z;-1,9;0;3
2009-09-02 11:00:00Z;-1,8486;2;3
2009-09-03 11:00:00Z;-1,7971;2;3
2009-09-04 11:00:00Z;-1,7457;2;3
2009-09-05 11:00:00Z;-1,6943;2;3
2009-09-06 11:00:00Z;-1,6429;2;3
2009-09-07 11:00:00Z;-1,5914;2;3
2009-09-08 11:00:00Z;-1,54;0;3
2009-09-09 11:00:00Z;-1,4357;2;3
2009-09-10 11:00:00Z;-1,3314;2;3
2009-09-11 11:00:00Z;-1,2271;2;3
2009-09-12 11:00:00Z;-1,1229;2;3
2009-09-13 11:00:00Z;-1,0186;2;3
2009-09-14 11:00:00Z;-0,9143;2;3
2009-09-15 11:00:00Z;-0,81;0;3
2009-09-16 11:00:00Z;-0,7657;2;3
2009-09-17 11:00:00Z;-0,7214;2;3
2009-09-18 11:00:00Z;-0,6771;2;3
2009-09-19 11:00:00Z;-0,6329;2;3
2009-09-20 11:00:00Z;-0,5886;2;3
2009-09-21 11:00:00Z;-0,5443;2;3
2009-09-22 11:00:00Z;-0,5;0;3
2009-09-23 11:00:00Z;-0,4143;2;3
2009-09-24 11:00:00Z;-0,3286;2;3
2009-09-25 11:00:00Z;-0,2429;2;3
2009-09-26 11:00:00Z;-0,1571;2;3
2009-09-27 11:00:00Z;-0,0714;2;3
2009-09-28 11:00:00Z;0,0143;2;3
2009-09-29 11:00:00Z;0,1;0;3
2009-09-30 11:00:00Z;0,0757;2;3
2009-10-01 11:00:00Z;0,0514;2;3
2009-10-02 11:00:00Z;0,0271;2;3
2009-10-03 11:00:00Z;0,0029;2;3
2009-10-04 11:00:00Z;-0,0214;2;3
2009-10-05 11:00:00Z;-0,0457;2;3
2009-10-06 11:00:00Z;-0,07;0;3
2009-10-07 11:00:00Z;-0,0957;2;3
2009-10-08 11:00:00Z;-0,1214;2;3
2009-10-09 11:00:00Z;-0,1471;2;3
2009-10-10 11:00:00Z;-0,1729;2;3
2009-10-11 11:00:00Z;-0,1986;2;3
2009-10-12 11:00:00Z;-0,2243;2;3
2009-10-13 11:00:00Z;-0,25;0;3
2009-10-14 11:00:00Z;-0,2686;2;3
2009-10-15 11:00:00Z;-0,2871;2;3
2009-10-16 11:00:00Z;-0,3057;2;3
2009-10-17 11:00:00Z;-0,3243;2;3
2009-10-18 11:00:00Z;-0,3429;2;3
2009-10-19 11:00:00Z;-0,3614;2;3
2009-10-20 11:00:00Z;-0,38;0;3
2009-10-21 11:00:00Z;-0,4043;2;3
2009-10-22 11:00:00Z;-0,4286;2;3
2009-10-23 11:00:00Z;-0,4529;2;3
2009-10-24 11:00:00Z;-0,4771;2;3
2009-10-25 11:00:00Z;-0,5014;2;3
2009-10-26 11:00:00Z;-0,5257;2;3
2009-10-27 11:00:00Z;-0,55;0;3
2009-10-28 11:00:00Z;-0,5857;2;3
2009-10-29 11:00:00Z;-0,6214;2;3
2009-10-30 11:00:00Z;-0,6571;2;3
2009-10-31 11:00:00Z;-0,6929;2;3
2009-11-01 11:00:00Z;-0,7286;2;3
2009-11-02 11:00:00Z;-0,7643;2;3
2009-11-03 11:00:00Z;-0,8;0;3
2009-11-04 11:00:00Z;-0,8257;2;3
2009-11-05 11:00:00Z;-0,8514;2;3
2009-11-06 11:00:00Z;-0,8771;2;3
2009-11-07 11:00:00Z;-0,9029;2;3
2009-11-08 11:00:00Z;-0,9286;2;3
2009-11-09 11:00:00Z;-0,9543;2;3
2009-11-10 11:00:00Z;-0,98;0;3
2009-11-11 11:00:00Z;-1,0257;2;3
2009-11-12 11:00:00Z;-1,0714;2;3
2009-11-13 11:00:00Z;-1,1171;2;3
2009-11-14 11:00:00Z;-1,1629;2;3
2009-11-15 11:00:00Z;-1,2086;2;3
2009-11-16 11:00:00Z;-1,2543;2;3
2009-11-17 11:00:00Z;-1,3;0;3
2009-11-18 11:00:00Z;-1,3814;2;3
2009-11-19 11:00:00Z;-1,4629;2;3
2009-11-20 11:00:00Z;-1,5443;2;3
2009-11-21 11:00:00Z;-1,6257;2;3
2009-11-22 11:00:00Z;-1,7071;2;3
2009-11-23 11:00:00Z;-1,7886;2;3
2009-11-24 11:00:00Z;-1,87;0;3
2009-11-25 11:00:00Z;-1,9671;2;3
2009-11-26 11:00:00Z;-2,0643;2;3
2009-11-27 11:00:00Z;-2,1614;2;3
2009-11-28 11:00:00Z;-2,2586;2;3
2009-11-29 11:00:00Z;-2,3557;2;3
2009-11-30 11:00:00Z;-2,4529;2;3
2009-12-01 11:00:00Z;-2,55;0;3
2009-12-02 11:00:00Z;-2,7143;2;3
2009-12-03 11:00:00Z;-2,8786;2;3
2009-12-04 11:00:00Z;-3,0429;2;3
2009-12-05 11:00:00Z;-3,2071;2;3
2009-12-06 11:00:00Z;-3,3714;2;3
2009-12-07 11:00:00Z;-3,5357;2;3
2009-12-08 11:00:00Z;-3,7;0;3
2009-12-09 11:00:00Z;-3,5571;2;3
2009-12-10 11:00:00Z;-3,4143;2;3
2009-12-11 11:00:00Z;-3,2714;2;3
2009-12-12 11:00:00Z;-3,1286;2;3
2009-12-13 11:00:00Z;-2,9857;2;3
2009-12-14 11:00:00Z;-2,8429;2;3
2009-12-15 11:00:00Z;-2,7;0;3
2009-12-16 11:00:00Z;-2,6786;2;3
2009-12-17 11:00:00Z;-2,6571;2;3
2009-12-18 11:00:00Z;-2,6357;2;3
2009-12-19 11:00:00Z;-2,6143;2;3
2009-12-20 11:00:00Z;-2,5929;2;3
2009-12-21 11:00:00Z;-2,5714;2;3
2009-12-22 11:00:00Z;-2,55;0;3
2009-12-23 11:00:00Z;-2,5571;2;3
2009-12-24 11:00:00Z;-2,5643;2;3
2009-12-25 11:00:00Z;-2,5714;2;3
2009-12-26 11:00:00Z;-2,5786;2;3
2009-12-27 11:00:00Z;-2,5857;2;3
2009-12-28 11:00:00Z;-2,5929;2;3
2009-12-29 11:00:00Z;-2,6;0;3
2009-12-30 11:00:00Z;;0;3
2009-12-31 11:00:00Z;;0;3
2010-01-01 11:00:00Z;;0;3
2010-01-02 11:00:00Z;;0;3
2010-01-03 11:00:00Z;;0;3
2010-01-04 11:00:00Z;;0;3
2010-01-05 11:00:00Z;;0;3
2010-01-06 11:00:00Z;;0;3
2010-01-07 11:00:00Z;;0;3
2010-01-08 11:00:00Z;;0;3
2010-01-09 11:00:00Z;;0;3
2010-01-10 11:00:00Z;;0;3
2010-01-11 11:00:00Z;;0;3
2010-01-12 11:00:00Z;-2,7;0;3
2010-01-13 11:00:00Z;;0;3
2010-01-14 11:00:00Z;;0;3
2010-01-15 11:00:00Z;;0;3
2010-01-16 11:00:00Z;;0;3
2010-01-17 11:00:00Z;;0;3
2010-01-18 11:00:00Z;;0;3
2010-01-19 11:00:00Z;;0;3
2010-01-20 11:00:00Z;;0;3
2010-01-21 11:00:00Z;;0;3
2010-01-22 11:00:00Z;;0;3
2010-01-23 11:00:00Z;;0;3
2010-01-24 11:00:00Z;;0;3
2010-01-25 11:00:00Z;;0;3
2010-01-26 11:00:00Z;;0;3
2010-01-27 11:00:00Z;;0;3
2010-01-28 11:00:00Z;;0;3
2010-01-29 11:00:00Z;;0;3
2010-01-30 11:00:00Z;;0;3
2010-01-31 11:00:00Z;;0;3
2010-02-01 11:00:00Z;;0;3
2010-02-02 11:00:00Z;;0;3
2010-02-03 11:00:00Z;;0;3
2010-02-04 11:00:00Z;;0;3
2010-02-05 11:00:00Z;;0;3
2010-02-06 11:00:00Z;;0;3
2010-02-07 11:00:00Z;;0;3
2010-02-08 11:00:00Z;;0;3
2010-02-09 11:00:00Z;;0;3
2010-02-10 11:00:00Z;;0;3
2010-02-11 11:00:00Z;;0;3
2010-02-12 11:00:00Z;;0;3
2010-02-13 11:00:00Z;;0;3
2010-02-14 11:00:00Z;;0;3
2010-02-15 11:00:00Z;;0;3
2010-02-16 11:00:00Z;;0;3
2010-02-17 11:00:00Z;;0;3
2010-02-18 11:00:00Z;;0;3
2010-02-19 11:00:00Z;;0;3
2010-02-20 11:00:00Z;;0;3
2010-02-21 11:00:00Z;;0;3
2010-02-22 11:00:00Z;;0;3
2010-02-23 11:00:00Z;;0;3
2010-02-24 11:00:00Z;;0;3
2010-02-25 11:00:00Z;;0;3
2010-02-26 11:00:00Z;;0;3
2010-02-27 11:00:00Z;;0;3
2010-02-28 11:00:00Z;;0;3
2010-03-01 11:00:00Z;;0;3
2010-03-02 11:00:00Z;;0;3
2010-03-03 11:00:00Z;;0;3
2010-03-04 11:00:00Z;;0;3
2010-03-05 11:00:00Z;;0;3
2010-03-06 11:00:00Z;;0;3
2010-03-07 11:00:00Z;;0;3
2010-03-08 11:00:00Z;;0;3
2010-03-09 11:00:00Z;;0;3
2010-03-10 11:00:00Z;;0;3
2010-03-11 11:00:00Z;;0;3
2010-03-12 11:00:00Z;;0;3
2010-03-13 11:00:00Z;;0;3
2010-03-14 11:00:00Z;;0;3
2010-03-15 11:00:00Z;;0;3
2010-03-16 11:00:00Z;;0;3
2010-03-17 11:00:00Z;;0;3
2010-03-18 11:00:00Z;;0;3
2010-03-19 11:00:00Z;;0;3
2010-03-20 11:00:00Z;;0;3
2010-03-21 11:00:00Z;;0;3
2010-03-22 11:00:00Z;;0;3
2010-03-23 11:00:00Z;;0;3
2010-03-24 11:00:00Z;;0;3
2010-03-25 11:00:00Z;;0;3
2010-03-26 11:00:00Z;;0;3
2010-03-27 11:00:00Z;;0;3
2010-03-28 11:00:00Z;;0;3
2010-03-29 11:00:00Z;;0;3
2010-03-30 11:00:00Z;;0;3
2010-03-31 11:00:00Z;;0;3
2010-04-01 11:00:00Z;;0;3
2010-04-02 11:00:00Z;;0;3
2010-04-03 11:00:00Z;;0;3
2010-04-04 11:00:00Z;;0;3
2010-04-05 11:00:00Z;;0;3
2010-04-06 11:00:00Z;;0;3
2010-04-07 11:00:00Z;;0;3
2010-04-08 11:00:00Z;;0;3
2010-04-09 11:00:00Z;;0;3
2010-04-10 11:00:00Z;;0;3
2010-04-11 11:00:00Z;;0;3
2010-04-12 11:00:00Z;;0;3
2010-04-13 11:00:00Z;-1,28;0;3
2010-04-14 11:00:00Z;;0;3
2010-04-15 11:00:00Z;;0;3
2010-04-16 11:00:00Z;;0;3
2010-04-17 11:00:00Z;;0;3
2010-04-18 11:00:00Z;;0;3
2010-04-19 11:00:00Z;;0;3
2010-04-20 11:00:00Z;;0;3
2010-04-21 11:00:00Z;;0;3
2010-04-22 11:00:00Z;;0;3
2010-04-23 11:00:00Z;;0;3
2010-04-24 11:00:00Z;;0;3
2010-04-25 11:00:00Z;;0;3
2010-04-26 11:00:00Z;;0;3
2010-04-27 11:00:00Z;;0;3
2010-04-28 11:00:00Z;;0;3
2010-04-29 11:00:00Z;;0;3
2010-04-30 11:00:00Z;;0;3
2010-05-01 11:00:00Z;;0;3
2010-05-02 11:00:00Z;;0;3
2010-05-03 11:00:00Z;;0;3
2010-05-04 11:00:00Z;;0;3
2010-05-05 11:00:00Z;;0;3
2010-05-06 11:00:00Z;;0;3
2010-05-07 11:00:00Z;;0;3
2010-05-08 11:00:00Z;;0;3
2010-05-09 11:00:00Z;;0;3
2010-05-10 11:00:00Z;;0;3
2010-05-11 11:00:00Z;;0;3
2010-05-12 11:00:00Z;;0;3
2010-05-13 11:00:00Z;;0;3
2010-05-14 11:00:00Z;;0;3
2010-05-15 11:00:00Z;;0;3
2010-05-16 11:00:00Z;;0;3
2010-05-17 11:00:00Z;;0;3
2010-05-18 11:00:00Z;;0;3
2010-05-19 11:00:00Z;;0;3
2010-05-20 11:00:00Z;;0;3
2010-05-21 11:00:00Z;;0;3
2010-05-22 11:00:00Z;;0;3
2010-05-23 11:00:00Z;;0;3
2010-05-24 11:00:00Z;;0;3
2010-05-25 11:00:00Z;-2,15;0;3
2010-05-26 11:00:00Z;;0;3
2010-05-27 11:00:00Z;;0;3
2010-05-28 11:00:00Z;;0;3
2010-05-29 11:00:00Z;;0;3
2010-05-30 11:00:00Z;;0;3
2010-05-31 11:00:00Z;;0;3
2010-06-01 11:00:00Z;;0;3
2010-06-02 11:00:00Z;;0;3
2010-06-03 11:00:00Z;;0;3
2010-06-04 11:00:00Z;;0;3
2010-06-05 11:00:00Z;;0;3
2010-06-06 11:00:00Z;;0;3
2010-06-07 11:00:00Z;;0;3
2010-06-08 11:00:00Z;;0;3
2010-06-09 11:00:00Z;;0;3
2010-06-10 11:00:00Z;;0;3
2010-06-11 11:00:00Z;;0;3
2010-06-12 11:00:00Z;;0;3
2010-06-13 11:00:00Z;;0;3
2010-06-14 11:00:00Z;;0;3
2010-06-15 11:00:00Z;;0;3
2010-06-16 11:00:00Z;;0;3
2010-06-17 11:00:00Z;;0;3
2010-06-18 11:00:00Z;;0;3
2010-06-19 11:00:00Z;;0;3
2010-06-20 11:00:00Z;;0;3
2010-06-21 11:00:00Z;;0;3
2010-06-22 11:00:00Z;;0;3
2010-06-23 11:00:00Z;;0;3
2010-06-24 11:00:00Z;;0;3
2010-06-25 11:00:00Z;;0;3
2010-06-26 11:00:00Z;;0;3
2010-06-27 11:00:00Z;;0;3
2010-06-28 11:00:00Z;;0;3
2010-06-29 11:00:00Z;;0;3
2010-06-30 11:00:00Z;;0;3
2010-07-01 11:00:00Z;;0;3
2010-07-02 11:00:00Z;;0;3
2010-07-03 11:00:00Z;;0;3
2010-07-04 11:00:00Z;;0;3
2010-07-05 11:00:00Z;;0;3
2010-07-06 11:00:00Z;-2,35;0;3
2010-07-07 11:00:00Z;;0;3
2010-07-08 11:00:00Z;;0;3
2010-07-09 11:00:00Z;;0;3
2010-07-10 11:00:00Z;;0;3
2010-07-11 11:00:00Z;;0;3
2010-07-12 11:00:00Z;;0;3
2010-07-13 11:00:00Z;-2,35;0;3
2010-07-14 11:00:00Z;;0;3
2010-07-15 11:00:00Z;;0;3
2010-07-16 11:00:00Z;;0;3
2010-07-17 11:00:00Z;;0;3
2010-07-18 11:00:00Z;;0;3
2010-07-19 11:00:00Z;;0;3
2010-07-20 11:00:00Z;;0;3
2010-07-21 11:00:00Z;;0;3
2010-07-22 11:00:00Z;;0;3
2010-07-23 11:00:00Z;;0;3
2010-07-24 11:00:00Z;;0;3
2010-07-25 11:00:00Z;;0;3
2010-07-26 11:00:00Z;;0;3
2010-07-27 11:00:00Z;;0;3
2010-07-28 11:00:00Z;;0;3
2010-07-29 11:00:00Z;;0;3
2010-07-30 11:00:00Z;;0;3
2010-07-31 11:00:00Z;;0;3
2010-08-01 11:00:00Z;;0;3
2010-08-02 11:00:00Z;;0;3
2010-08-03 11:00:00Z;-2,43;0;3
2010-08-04 11:00:00Z;;0;3
2010-08-05 11:00:00Z;;0;3
2010-08-06 11:00:00Z;;0;3
2010-08-07 11:00:00Z;;0;3
2010-08-08 11:00:00Z;;0;3
2010-08-09 11:00:00Z;;0;3
2010-08-10 11:00:00Z;-2,61;0;3
2010-08-11 11:00:00Z;;0;3
2010-08-12 11:00:00Z;;0;3
2010-08-13 11:00:00Z;;0;3
2010-08-14 11:00:00Z;;0;3
2010-08-15 11:00:00Z;;0;3
2010-08-16 11:00:00Z;;0;3
2010-08-17 11:00:00Z;-2,74;0;3
2010-08-18 11:00:00Z;;0;3
2010-08-19 11:00:00Z;;0;3
2010-08-20 11:00:00Z;;0;3
2010-08-21 11:00:00Z;;0;3
2010-08-22 11:00:00Z;;0;3
2010-08-23 11:00:00Z;;0;3
2010-08-24 11:00:00Z;-2,78;0;3
2010-08-25 11:00:00Z;;0;3
2010-08-26 11:00:00Z;;0;3
2010-08-27 11:00:00Z;;0;3
2010-08-28 11:00:00Z;;0;3
2010-08-29 11:00:00Z;;0;3
2010-08-30 11:00:00Z;;0;3
2010-08-31 11:00:00Z;-3;0;3
2010-09-01 11:00:00Z;;0;3
2010-09-02 11:00:00Z;;0;3
2010-09-03 11:00:00Z;;0;3
2010-09-04 11:00:00Z;;0;3
2010-09-05 11:00:00Z;;0;3
2010-09-06 11:00:00Z;;0;3
2010-09-07 11:00:00Z;-2,91;1;3
2010-09-08 11:00:00Z;;0;3
2010-09-09 11:00:00Z;;0;3
2010-09-10 11:00:00Z;;0;3
2010-09-11 11:00:00Z;;0;3
2010-09-12 11:00:00Z;;0;3
2010-09-13 11:00:00Z;;0;3
2010-09-14 11:00:00Z;-3,1;0;3
2010-09-15 11:00:00Z;;0;3
2010-09-16 11:00:00Z;;0;3
2010-09-17 11:00:00Z;;0;3
2010-09-18 11:00:00Z;;0;3
2010-09-19 11:00:00Z;;0;3
2010-09-20 11:00:00Z;;0;3
2010-09-21 11:00:00Z;-2,21;0;3
2010-09-22 11:00:00Z;;0;3
2010-09-23 11:00:00Z;;0;3
2010-09-24 11:00:00Z;;0;3
2010-09-25 11:00:00Z;;0;3
2010-09-26 11:00:00Z;;0;3
2010-09-27 11:00:00Z;;0;3
2010-09-28 11:00:00Z;-2,1;0;3
2010-09-29 11:00:00Z;;0;3
2010-09-30 11:00:00Z;;0;3
2010-10-01 11:00:00Z;;0;3
2010-10-02 11:00:00Z;;0;3
2010-10-03 11:00:00Z;;0;3
2010-10-04 11:00:00Z;;0;3
2010-10-05 11:00:00Z;-2,53;0;3
2010-10-06 11:00:00Z;;0;3
2010-10-07 11:00:00Z;;0;3
2010-10-08 11:00:00Z;;0;3
2010-10-09 11:00:00Z;;0;3
2010-10-10 11:00:00Z;;0;3
2010-10-11 11:00:00Z;;0;3
2010-10-12 11:00:00Z;-2,81;0;3
2010-10-13 11:00:00Z;;0;3
2010-10-14 11:00:00Z;;0;3
2010-10-15 11:00:00Z;;0;3
2010-10-16 11:00:00Z;;0;3
2010-10-17 11:00:00Z;;0;3
2010-10-18 11:00:00Z;;0;3
2010-10-19 11:00:00Z;-2,25;0;3
2010-10-20 11:00:00Z;;0;3
2010-10-21 11:00:00Z;;0;3
2010-10-22 11:00:00Z;;0;3
2010-10-23 11:00:00Z;;0;3
2010-10-24 11:00:00Z;;0;3
2010-10-25 11:00:00Z;;0;3
2010-10-26 11:00:00Z;-1,01;0;3
2010-10-27 11:00:00Z;;0;3
2010-10-28 11:00:00Z;;0;3
2010-10-29 11:00:00Z;;0;3
2010-10-30 11:00:00Z;;0;3
2010-10-31 11:00:00Z;;0;3
2010-11-01 11:00:00Z;;0;3
2010-11-02 11:00:00Z;-1;0;3
2010-11-03 11:00:00Z;;0;3
2010-11-04 11:00:00Z;;0;3
2010-11-05 11:00:00Z;;0;3
2010-11-06 11:00:00Z;;0;3
2010-11-07 11:00:00Z;;0;3
2010-11-08 11:00:00Z;;0;3
2010-11-09 11:00:00Z;-1,11;0;3
2010-11-10 11:00:00Z;;0;3
2010-11-11 11:00:00Z;;0;3
2010-11-12 11:00:00Z;;0;3
2010-11-13 11:00:00Z;;0;3
2010-11-14 11:00:00Z;;0;3
2010-11-15 11:00:00Z;;0;3
2010-11-16 11:00:00Z;-1,71;0;3
2010-11-17 11:00:00Z;;0;3
2010-11-18 11:00:00Z;;0;3
2010-11-19 11:00:00Z;;0;3
2010-11-20 11:00:00Z;;0;3
2010-11-21 11:00:00Z;;0;3
2010-11-22 11:00:00Z;;0;3
2010-11-23 11:00:00Z;-2,06;0;3
2010-11-24 11:00:00Z;;0;3
2010-11-25 11:00:00Z;;0;3
2010-11-26 11:00:00Z;;0;3
2010-11-27 11:00:00Z;;0;3
2010-11-28 11:00:00Z;;0;3
2010-11-29 11:00:00Z;;0;3
2010-11-30 11:00:00Z;-2,23;0;3
2010-12-01 11:00:00Z;;0;3
2010-12-02 11:00:00Z;;0;3
2010-12-03 11:00:00Z;;0;3
2010-12-04 11:00:00Z;;0;3
2010-12-05 11:00:00Z;;0;3
2010-12-06 11:00:00Z;;0;3
2010-12-07 11:00:00Z;-2,39;0;3
2010-12-08 11:00:00Z;;0;3
2010-12-09 11:00:00Z;;0;3
2010-12-10 11:00:00Z;;0;3
2010-12-11 11:00:00Z;;0;3
2010-12-12 11:00:00Z;;0;3
2010-12-13 11:00:00Z;;0;3
2010-12-14 11:00:00Z;-2,45;0;3
2010-12-15 11:00:00Z;;0;3
2010-12-16 11:00:00Z;;0;3
2010-12-17 11:00:00Z;;0;3
2010-12-18 11:00:00Z;;0;3
2010-12-19 11:00:00Z;;0;3
2010-12-20 11:00:00Z;;0;3
2010-12-21 11:00:00Z;-2,38;0;3
2010-12-22 11:00:00Z;;0;3
2010-12-23 11:00:00Z;;0;3
2010-12-24 11:00:00Z;;0;3
2010-12-25 11:00:00Z;;0;3
2010-12-26 11:00:00Z;;0;3
2010-12-27 11:00:00Z;;0;3
2010-12-28 11:00:00Z;-2,49;0;3
2010-12-29 11:00:00Z;;0;3
2010-12-30 11:00:00Z;;0;3
2010-12-31 11:00:00Z;;0;3
2011-01-01 11:00:00Z;;0;3
2011-01-02 11:00:00Z;;0;3
2011-01-03 11:00:00Z;;0;3
2011-01-04 11:00:00Z;;0;3
2011-01-05 11:00:00Z;;0;3
2011-01-06 11:00:00Z;;0;3
2011-01-07 11:00:00Z;;0;3
2011-01-08 11:00:00Z;;0;3
2011-01-09 11:00:00Z;;0;3
2011-01-10 11:00:00Z;;0;3
2011-01-11 11:00:00Z;;0;3
2011-01-12 11:00:00Z;;0;3
2011-01-13 11:00:00Z;;0;3
2011-01-14 11:00:00Z;;0;3
2011-01-15 11:00:00Z;;0;3
2011-01-16 11:00:00Z;;0;3
2011-01-17 11:00:00Z;;0;3
2011-01-18 11:00:00Z;;0;3
2011-01-19 11:00:00Z;;0;3
2011-01-20 11:00:00Z;;0;3
2011-01-21 11:00:00Z;;0;3
2011-01-22 11:00:00Z;;0;3
2011-01-23 11:00:00Z;;0;3
2011-01-24 11:00:00Z;;0;3
2011-01-25 11:00:00Z;;0;3
2011-01-26 11:00:00Z;;0;3
2011-01-27 11:00:00Z;;0;3
2011-01-28 11:00:00Z;;0;3
2011-01-29 11:00:00Z;;0;3
2011-01-30 11:00:00Z;;0;3
2011-01-31 11:00:00Z;;0;3
2011-02-01 11:00:00Z;;0;3
2011-02-02 11:00:00Z;;0;3
2011-02-03 11:00:00Z;;0;3
2011-02-04 11:00:00Z;;0;3
2011-02-05 11:00:00Z;;0;3
2011-02-06 11:00:00Z;;0;3
2011-02-07 11:00:00Z;;0;3
2011-02-08 11:00:00Z;;0;3
2011-02-09 11:00:00Z;;0;3
2011-02-10 11:00:00Z;;0;3
2011-02-11 11:00:00Z;;0;3
2011-02-12 11:00:00Z;;0;3
2011-02-13 11:00:00Z;;0;3
2011-02-14 11:00:00Z;;0;3
2011-02-15 11:00:00Z;;0;3
2011-02-16 11:00:00Z;;0;3
2011-02-17 11:00:00Z;;0;3
2011-02-18 11:00:00Z;;0;3
2011-02-19 11:00:00Z;;0;3
2011-02-20 11:00:00Z;;0;3
2011-02-21 11:00:00Z;;0;3
2011-02-22 11:00:00Z;;0;3
2011-02-23 11:00:00Z;;0;3
2011-02-24 11:00:00Z;;0;3
2011-02-25 11:00:00Z;;0;3
2011-02-26 11:00:00Z;;0;3
2011-02-27 11:00:00Z;;0;3
2011-02-28 11:00:00Z;;0;3
2011-03-01 11:00:00Z;;0;3
2011-03-02 11:00:00Z;;0;3
2011-03-03 11:00:00Z;;0;3
2011-03-04 11:00:00Z;;0;3
2011-03-05 11:00:00Z;;0;3
2011-03-06 11:00:00Z;;0;3
2011-03-07 11:00:00Z;;0;3
2011-03-08 11:00:00Z;;0;3
2011-03-09 11:00:00Z;;0;3
2011-03-10 11:00:00Z;;0;3
2011-03-11 11:00:00Z;;0;3
2011-03-12 11:00:00Z;;0;3
2011-03-13 11:00:00Z;;0;3
2011-03-14 11:00:00Z;;0;3
2011-03-15 11:00:00Z;;0;3
2011-03-16 11:00:00Z;;0;3
2011-03-17 11:00:00Z;;0;3
2011-03-18 11:00:00Z;;0;3
2011-03-19 11:00:00Z;;0;3
2011-03-20 11:00:00Z;;0;3
2011-03-21 11:00:00Z;;0;3
2011-03-22 11:00:00Z;;0;3
2011-03-23 11:00:00Z;;0;3
2011-03-24 11:00:00Z;;0;3
2011-03-25 11:00:00Z;;0;3
2011-03-26 11:00:00Z;;0;3
2011-03-27 11:00:00Z;;0;3
2011-03-28 11:00:00Z;;0;3
2011-03-29 11:00:00Z;;0;3
2011-03-30 11:00:00Z;;0;3
2011-03-31 11:00:00Z;;0;3
2011-04-01 11:00:00Z;;0;3
2011-04-02 11:00:00Z;;0;3
2011-04-03 11:00:00Z;;0;3
2011-04-04 11:00:00Z;;0;3
2011-04-05 11:00:00Z;;0;3
2011-04-06 11:00:00Z;;0;3
2011-04-07 11:00:00Z;;0;3
2011-04-08 11:00:00Z;;0;3
2011-04-09 11:00:00Z;;0;3
2011-04-10 11:00:00Z;;0;3
2011-04-11 11:00:00Z;;0;3
2011-04-12 11:00:00Z;;0;3
2011-04-13 11:00:00Z;;0;3
2011-04-14 11:00:00Z;;0;3
2011-04-15 11:00:00Z;;0;3
2011-04-16 11:00:00Z;;0;3
2011-04-17 11:00:00Z;;0;3
2011-04-18 11:00:00Z;;0;3
2011-04-19 11:00:00Z;;0;3
2011-04-20 11:00:00Z;;0;3
2011-04-21 11:00:00Z;;0;3
2011-04-22 11:00:00Z;;0;3
2011-04-23 11:00:00Z;;0;3
2011-04-24 11:00:00Z;;0;3
2011-04-25 11:00:00Z;;0;3
2011-04-26 11:00:00Z;;0;3
2011-04-27 11:00:00Z;;0;3
2011-04-28 11:00:00Z;;0;3
2011-04-29 11:00:00Z;;0;3
2011-04-30 11:00:00Z;;0;3
2011-05-01 11:00:00Z;;0;3
2011-05-02 11:00:00Z;;0;3
2011-05-03 11:00:00Z;;0;3
2011-05-04 11:00:00Z;;0;3
2011-05-05 11:00:00Z;;0;3
2011-05-06 11:00:00Z;;0;3
2011-05-07 11:00:00Z;;0;3
2011-05-08 11:00:00Z;;0;3
2011-05-09 11:00:00Z;;0;3
2011-05-10 11:00:00Z;;0;3
2011-05-11 11:00:00Z;;0;3
2011-05-12 11:00:00Z;;0;3
2011-05-13 11:00:00Z;;0;3
2011-05-14 11:00:00Z;;0;3
2011-05-15 11:00:00Z;;0;3
2011-05-16 11:00:00Z;;0;3
2011-05-17 11:00:00Z;;0;3
2011-05-18 11:00:00Z;;0;3
2011-05-19 11:00:00Z;;0;3
2011-05-20 11:00:00Z;;0;3
2011-05-21 11:00:00Z;;0;3
2011-05-22 11:00:00Z;;0;3
2011-05-23 11:00:00Z;;0;3
2011-05-24 11:00:00Z;;0;3
2011-05-25 11:00:00Z;;0;3
2011-05-26 11:00:00Z;;0;3
2011-05-27 11:00:00Z;;0;3
2011-05-28 11:00:00Z;;0;3
2011-05-29 11:00:00Z;;0;3
2011-05-30 11:00:00Z;;0;3
2011-05-31 11:00:00Z;;0;3
2011-06-01 11:00:00Z;;0;3
2011-06-02 11:00:00Z;;0;3
2011-06-03 11:00:00Z;;0;3
2011-06-04 11:00:00Z;;0;3
2011-06-05 11:00:00Z;;0;3
2011-06-06 11:00:00Z;;0;3
2011-06-07 11:00:00Z;;0;3
2011-06-08 11:00:00Z;;0;3
2011-06-09 11:00:00Z;;0;3
2011-06-10 11:00:00Z;;0;3
2011-06-11 11:00:00Z;;0;3
2011-06-12 11:00:00Z;;0;3
2011-06-13 11:00:00Z;;0;3
2011-06-14 11:00:00Z;;0;3
2011-06-15 11:00:00Z;;0;3
2011-06-16 11:00:00Z;;0;3
2011-06-17 11:00:00Z;;0;3
2011-06-18 11:00:00Z;;0;3
2011-06-19 11:00:00Z;;0;3
2011-06-20 11:00:00Z;;0;3
2011-06-21 11:00:00Z;;0;3
2011-06-22 11:00:00Z;;0;3
2011-06-23 11:00:00Z;;0;3
2011-06-24 11:00:00Z;;0;3
2011-06-25 11:00:00Z;;0;3
2011-06-26 11:00:00Z;;0;3
2011-06-27 11:00:00Z;;0;3
2011-06-28 11:00:00Z;;0;3
2011-06-29 11:00:00Z;;0;3
2011-06-30 11:00:00Z;;0;3
2011-07-01 11:00:00Z;;0;3
2011-07-02 11:00:00Z;;0;3
2011-07-03 11:00:00Z;;0;3
2011-07-04 11:00:00Z;;0;3
2011-07-05 11:00:00Z;;0;3
2011-07-06 11:00:00Z;;0;3
2011-07-07 11:00:00Z;;0;3
2011-07-08 11:00:00Z;;0;3
2011-07-09 11:00:00Z;;0;3
2011-07-10 11:00:00Z;;0;3
2011-07-11 11:00:00Z;;0;3
2011-07-12 11:00:00Z;;0;3
2011-07-13 11:00:00Z;;0;3
2011-07-14 11:00:00Z;;0;3
2011-07-15 11:00:00Z;;0;3
2011-07-16 11:00:00Z;;0;3
2011-07-17 11:00:00Z;;0;3
2011-07-18 11:00:00Z;;0;3
2011-07-19 11:00:00Z;;0;3
2011-07-20 11:00:00Z;;0;3
2011-07-21 11:00:00Z;;0;3
2011-07-22 11:00:00Z;;0;3
2011-07-23 11:00:00Z;;0;3
2011-07-24 11:00:00Z;;0;3
2011-07-25 11:00:00Z;;0;3
2011-07-26 11:00:00Z;;0;3
2011-07-27 11:00:00Z;;0;3
2011-07-28 11:00:00Z;;0;3
2011-07-29 11:00:00Z;;0;3
2011-07-30 11:00:00Z;;0;3
2011-07-31 11:00:00Z;;0;3
2011-08-01 11:00:00Z;;0;3
2011-08-02 11:00:00Z;;0;3
2011-08-03 11:00:00Z;;0;3
2011-08-04 11:00:00Z;;0;3
2011-08-05 11:00:00Z;;0;3
2011-08-06 11:00:00Z;;0;3
2011-08-07 11:00:00Z;;0;3
2011-08-08 11:00:00Z;;0;3
2011-08-09 11:00:00Z;;0;3
2011-08-10 11:00:00Z;;0;3
2011-08-11 11:00:00Z;;0;3
2011-08-12 11:00:00Z;;0;3
2011-08-13 11:00:00Z;;0;3
2011-08-14 11:00:00Z;;0;3
2011-08-15 11:00:00Z;;0;3
2011-08-16 11:00:00Z;;0;3
2011-08-17 11:00:00Z;;0;3
2011-08-18 11:00:00Z;;0;3
2011-08-19 11:00:00Z;;0;3
2011-08-20 11:00:00Z;;0;3
2011-08-21 11:00:00Z;;0;3
2011-08-22 11:00:00Z;;0;3
2011-08-23 11:00:00Z;;0;3
2011-08-24 11:00:00Z;;0;3
2011-08-25 11:00:00Z;;0;3
2011-08-26 11:00:00Z;;0;3
2011-08-27 11:00:00Z;;0;3
2011-08-28 11:00:00Z;;0;3
2011-08-29 11:00:00Z;;0;3
2011-08-30 11:00:00Z;;0;3
2011-08-31 11:00:00Z;;0;3
2011-09-01 11:00:00Z;;0;3
2011-09-02 11:00:00Z;;0;3
2011-09-03 11:00:00Z;;0;3
2011-09-04 11:00:00Z;;0;3
2011-09-05 11:00:00Z;;0;3
2011-09-06 11:00:00Z;;0;3
2011-09-07 11:00:00Z;;0;3
2011-09-08 11:00:00Z;;0;3
2011-09-09 11:00:00Z;;0;3
2011-09-10 11:00:00Z;;0;3
2011-09-11 11:00:00Z;;0;3
2011-09-12 11:00:00Z;;0;3
2011-09-13 11:00:00Z;;0;3
2011-09-14 11:00:00Z;;0;3
2011-09-15 11:00:00Z;;0;3
2011-09-16 11:00:00Z;;0;3
2011-09-17 11:00:00Z;;0;3
2011-09-18 11:00:00Z;;0;3
2011-09-19 11:00:00Z;;0;3
2011-09-20 11:00:00Z;;0;3
2011-09-21 11:00:00Z;;0;3
2011-09-22 11:00:00Z;;0;3
2011-09-23 11:00:00Z;;0;3
2011-09-24 11:00:00Z;;0;3
2011-09-25 11:00:00Z;;0;3
2011-09-26 11:00:00Z;;0;3
2011-09-27 11:00:00Z;;0;3
2011-09-28 11:00:00Z;;0;3
2011-09-29 11:00:00Z;;0;3
2011-09-30 11:00:00Z;;0;3
2011-10-01 11:00:00Z;;0;3
2011-10-02 11:00:00Z;;0;3
2011-10-03 11:00:00Z;;0;3
2011-10-04 11:00:00Z;;0;3
2011-10-05 11:00:00Z;;0;3
2011-10-06 11:00:00Z;;0;3
2011-10-07 11:00:00Z;;0;3
2011-10-08 11:00:00Z;;0;3
2011-10-09 11:00:00Z;;0;3
2011-10-10 11:00:00Z;;0;3
2011-10-11 11:00:00Z;;0;3
2011-10-12 11:00:00Z;;0;3
2011-10-13 11:00:00Z;;0;3
2011-10-14 11:00:00Z;;0;3
2011-10-15 11:00:00Z;;0;3
2011-10-16 11:00:00Z;;0;3
2011-10-17 11:00:00Z;;0;3
2011-10-18 11:00:00Z;;0;3
2011-10-19 11:00:00Z;;0;3
2011-10-20 11:00:00Z;;0;3
2011-10-21 11:00:00Z;;0;3
2011-10-22 11:00:00Z;;0;3
2011-10-23 11:00:00Z;;0;3
2011-10-24 11:00:00Z;;0;3
2011-10-25 11:00:00Z;;0;3
2011-10-26 11:00:00Z;;0;3
2011-10-27 11:00:00Z;;0;3
2011-10-28 11:00:00Z;;0;3
2011-10-29 11:00:00Z;;0;3
2011-10-30 11:00:00Z;;0;3
2011-10-31 11:00:00Z;;0;3
2011-11-01 11:00:00Z;;0;3
2011-11-02 11:00:00Z;;0;3
2011-11-03 11:00:00Z;;0;3
2011-11-04 11:00:00Z;;0;3
2011-11-05 11:00:00Z;;0;3
2011-11-06 11:00:00Z;;0;3
2011-11-07 11:00:00Z;;0;3
2011-11-08 11:00:00Z;;0;3
2011-11-09 11:00:00Z;;0;3
2011-11-10 11:00:00Z;;0;3
2011-11-11 11:00:00Z;;0;3
2011-11-12 11:00:00Z;;0;3
2011-11-13 11:00:00Z;;0;3
2011-11-14 11:00:00Z;;0;3
2011-11-15 11:00:00Z;;0;3
2011-11-16 11:00:00Z;;0;3
2011-11-17 11:00:00Z;;0;3
2011-11-18 11:00:00Z;;0;3
2011-11-19 11:00:00Z;;0;3
2011-11-20 11:00:00Z;;0;3
2011-11-21 11:00:00Z;;0;3
2011-11-22 11:00:00Z;;0;3
2011-11-23 11:00:00Z;;0;3
2011-11-24 11:00:00Z;;0;3
2011-11-25 11:00:00Z;;0;3
2011-11-26 11:00:00Z;;0;3
2011-11-27 11:00:00Z;;0;3
2011-11-28 11:00:00Z;;0;3
2011-11-29 11:00:00Z;;0;3
2011-11-30 11:00:00Z;;0;3
2011-12-01 11:00:00Z;;0;3
2011-12-02 11:00:00Z;;0;3
2011-12-03 11:00:00Z;;0;3
2011-12-04 11:00:00Z;;0;3
2011-12-05 11:00:00Z;;0;3
2011-12-06 11:00:00Z;;0;3
2011-12-07 11:00:00Z;;0;3
2011-12-08 11:00:00Z;;0;3
2011-12-09 11:00:00Z;;0;3
2011-12-10 11:00:00Z;;0;3
2011-12-11 11:00:00Z;;0;3
2011-12-12 11:00:00Z;;0;3
2011-12-13 11:00:00Z;;0;3
2011-12-14 11:00:00Z;;0;3
2011-12-15 11:00:00Z;;0;3
2011-12-16 11:00:00Z;;0;3
2011-12-17 11:00:00Z;;0;3
2011-12-18 11:00:00Z;;0;3
2011-12-19 11:00:00Z;;0;3
2011-12-20 11:00:00Z;;0;3
2011-12-21 11:00:00Z;;0;3
2011-12-22 11:00:00Z;;0;3
2011-12-23 11:00:00Z;;0;3
2011-12-24 11:00:00Z;;0;3
2011-12-25 11:00:00Z;;0;3
2011-12-26 11:00:00Z;;0;3
2011-12-27 11:00:00Z;;0;3
2011-12-28 11:00:00Z;;0;3
2011-12-29 11:00:00Z;;0;3
2011-12-30 11:00:00Z;;0;3
2011-12-31 11:00:00Z;;0;3
2012-01-01 11:00:00Z;-0,6899303;0;3
2012-01-02 11:00:00Z;-0,6938394;0;3
2012-01-03 11:00:00Z;-0,7599824;0;3
2012-01-04 11:00:00Z;-0,8362688;0;3
2012-01-05 11:00:00Z;-0,913419;0;3
2012-01-06 11:00:00Z;-0,9851821;0;3
2012-01-07 11:00:00Z;-1,061846;0;3
2012-01-08 11:00:00Z;-1,141293;0;3
2012-01-09 11:00:00Z;-1,211841;0;3
2012-01-10 11:00:00Z;-1,278704;0;3
2012-01-11 11:00:00Z;-1,338098;0;3
2012-01-12 11:00:00Z;-1,372801;0;3
2012-01-13 11:00:00Z;-1,420739;0;3
2012-01-14 11:00:00Z;-1,471813;0;3
2012-01-15 11:00:00Z;-1,436067;0;3
2012-01-16 11:00:00Z;-1,223187;0;3
2012-01-17 11:00:00Z;-1,078399;0;3
2012-01-18 11:00:00Z;-1,076096;0;3
2012-01-19 11:00:00Z;-1,103932;0;3
2012-01-20 11:00:00Z;-1,14286;0;3
2012-01-21 11:00:00Z;-1,150477;0;3
2012-01-22 11:00:00Z;-1,164364;0;3
2012-01-23 11:00:00Z;-1,180573;0;3
2012-01-24 11:00:00Z;-1,198659;0;3
2012-01-25 11:00:00Z;-1,22127;0;3
2012-01-26 11:00:00Z;-1,242464;0;3
2012-01-27 11:00:00Z;-1,25;0;3
2012-01-28 11:00:00Z;-1,252917;0;3
2012-01-29 11:00:00Z;-1,25;0;3
2012-01-30 11:00:00Z;-1,253392;0;3
2012-01-31 11:00:00Z;-1,25841;0;3
2012-02-01 11:00:00Z;-1,264903;0;3
2012-02-02 11:00:00Z;-1,271041;0;3
2012-02-03 11:00:00Z;-1,283708;0;3
2012-02-04 11:00:00Z;-1,285559;0;3
2012-02-05 11:00:00Z;-1,286302;0;3
2012-02-06 11:00:00Z;-1,283602;0;3
2012-02-07 11:00:00Z;-1,262982;0;3
2012-02-08 11:00:00Z;-1,23059;0;3
2012-02-09 11:00:00Z;-1,217692;0;3
2012-02-10 11:00:00Z;-1,209821;0;3
2012-02-11 11:00:00Z;-1,205236;0;3
2012-02-12 11:00:00Z;-1,191525;0;3
2012-02-13 11:00:00Z;-1,166194;0;3
2012-02-14 11:00:00Z;-1,075909;0;3
2012-02-15 11:00:00Z;-0,9888412;0;3
2012-02-16 11:00:00Z;-0,997526;0;3
2012-02-17 11:00:00Z;-0,9954079;0;3
2012-02-18 11:00:00Z;-1,01842;0;3
2012-02-19 11:00:00Z;-1,053254;0;3
2012-02-20 11:00:00Z;-1,093544;0;3
2012-02-21 11:00:00Z;-1,148521;0;3
2012-02-22 11:00:00Z;-1,198753;0;3
2012-02-23 11:00:00Z;-1,11284;0;3
2012-02-24 11:00:00Z;-0,931131;0;3
2012-02-25 11:00:00Z;-0,7915459;0;3
2012-02-26 11:00:00Z;-0,7983209;0;3
2012-02-27 11:00:00Z;-0,8706644;0;3
2012-02-28 11:00:00Z;-0,8082389;0;3
2012-02-29 11:00:00Z;-0,5225844;0;3
2012-03-01 11:00:00Z;-0,002667127;0;3
2012-03-02 11:00:00Z;0,1752222;0;3
2012-03-03 11:00:00Z;0,04859461;0;3
2012-03-04 11:00:00Z;-0,05026914;0;3
2012-03-05 11:00:00Z;-0,1435373;0;3
2012-03-06 11:00:00Z;-0,2535959;0;3
2012-03-07 11:00:00Z;-0,3589805;0;3
2012-03-08 11:00:00Z;-0,4612326;0;3
2012-03-09 11:00:00Z;-0,5061701;0;3
2012-03-10 11:00:00Z;-0,3254097;0;3
2012-03-11 11:00:00Z;-0,1842219;0;3
2012-03-12 11:00:00Z;0,09725111;0;3
2012-03-13 11:00:00Z;0,3138631;0;3
2012-03-14 11:00:00Z;0,2222465;0;3
2012-03-15 11:00:00Z;0,2419878;0;3
2012-03-16 11:00:00Z;0,1975908;0;3
2012-03-17 11:00:00Z;0,1522252;0;3
2012-03-18 11:00:00Z;0,1068595;0;3
2012-03-19 11:00:00Z;0,06217339;0;3
2012-03-20 11:00:00Z;0,05534473;0;3
2012-03-21 11:00:00Z;0,2395119;0;3
2012-03-22 11:00:00Z;0,4322473;0;3
2012-03-23 11:00:00Z;0,5477028;0;3
2012-03-24 11:00:00Z;0,3889451;0;3
2012-03-25 11:00:00Z;0,3033902;0;3
2012-03-26 11:00:00Z;0,1876685;0;3
2012-03-27 11:00:00Z;0,1592627;0;3
2012-03-28 11:00:00Z;0,2914322;0;3
2012-03-29 11:00:00Z;0,2722859;0;3
2012-03-30 11:00:00Z;0,2144198;0;3
2012-03-31 11:00:00Z;0,1199719;0;3
2012-04-01 11:00:00Z;0,05184812;0;3
2012-04-02 11:00:00Z;-0,002725694;0;3
2012-04-03 11:00:00Z;-0,05148808;0;3
2012-04-04 11:00:00Z;-0,102761;0;3
2012-04-05 11:00:00Z;-0,1493724;0;3
2012-04-06 11:00:00Z;-0,1990958;0;3
2012-04-07 11:00:00Z;-0,2544411;0;3
2012-04-08 11:00:00Z;-0,3090915;0;3
2012-04-09 11:00:00Z;-0,3749838;0;3
2012-04-10 11:00:00Z;-0,4179419;0;3
2012-04-11 11:00:00Z;-0,437175;0;3
2012-04-12 11:00:00Z;-0,4135209;0;3
2012-04-13 11:00:00Z;-0,383243;0;3
2012-04-14 11:00:00Z;-0,3917853;0;3
2012-04-15 11:00:00Z;-0,4129436;0;3
2012-04-16 11:00:00Z;-0,4051765;0;3
2012-04-17 11:00:00Z;-0,3961484;0;3
2012-04-18 11:00:00Z;-0,391538;0;3
2012-04-19 11:00:00Z;-0,3819699;0;3
2012-04-20 11:00:00Z;-0,3546026;0;3
2012-04-21 11:00:00Z;-0,2961691;0;3
2012-04-22 11:00:00Z;-0,2519999;0;3
2012-04-23 11:00:00Z;-0,205192;0;3
2012-04-24 11:00:00Z;-0,1575201;0;3
2012-04-25 11:00:00Z;-0,1076144;0;3
2012-04-26 11:00:00Z;-0,03385828;0;3
2012-04-27 11:00:00Z;0,03834439;0;3
2012-04-28 11:00:00Z;0,05571527;0;3
2012-04-29 11:00:00Z;0,06760459;0;3
2012-04-30 11:00:00Z;0,05354125;0;3
2012-05-01 11:00:00Z;0,03199305;0;3
2012-05-02 11:00:00Z;0,01667223;0;3
2012-05-03 11:00:00Z;0,008289578;0;3
2012-05-04 11:00:00Z;-0,007064684;0;3
2012-05-05 11:00:00Z;-0,0205379;0;3
2012-05-06 11:00:00Z;-0,03855713;0;3
2012-05-07 11:00:00Z;-0,05390973;0;3
2012-05-08 11:00:00Z;-0,06905708;0;3
2012-05-09 11:00:00Z;-0,08768232;0;3
2012-05-10 11:00:00Z;-0,1143259;0;3
2012-05-11 11:00:00Z;-0,157538;0;3
2012-05-12 11:00:00Z;-0,1950642;0;3
2012-05-13 11:00:00Z;-0,2316318;0;3
2012-05-14 11:00:00Z;-0,2689669;0;3
2012-05-15 11:00:00Z;-0,3114922;0;3
2012-05-16 11:00:00Z;-0,3504652;0;3
2012-05-17 11:00:00Z;-0,3873111;0;3
2012-05-18 11:00:00Z;-0,3487666;0;3
2012-05-19 11:00:00Z;-0,267058;0;3
2012-05-20 11:00:00Z;-0,2682967;0;3
2012-05-21 11:00:00Z;-0,2873338;0;3
2012-05-22 11:00:00Z;-0,3107464;0;3
2012-05-23 11:00:00Z;-0,3382882;0;3
2012-05-24 11:00:00Z;-0,3554573;0;3
2012-05-25 11:00:00Z;-0,3739246;0;3
2012-05-26 11:00:00Z;-0,3851676;0;3
2012-05-27 11:00:00Z;-0,4043936;0;3
2012-05-28 11:00:00Z;-0,4202728;0;3
2012-05-29 11:00:00Z;-0,4374264;0;3
2012-05-30 11:00:00Z;-0,4456666;0;3
2012-05-31 11:00:00Z;-0,4655417;0;3
2012-06-01 11:00:00Z;-0,4978889;0;3
2012-06-02 11:00:00Z;-0,5418715;0;3
2012-06-03 11:00:00Z;-0,5869294;0;3
2012-06-04 11:00:00Z;-0,6234732;0;3
2012-06-05 11:00:00Z;-0,6433593;0;3
2012-06-06 11:00:00Z;-0,6507245;0;3
2012-06-07 11:00:00Z;-0,6899754;0;3
2012-06-08 11:00:00Z;-0,7412326;0;3
2012-06-09 11:00:00Z;-0,7970287;0;3
2012-06-10 11:00:00Z;-0,8574498;0;3
2012-06-11 11:00:00Z;-0,9163803;0;3
2012-06-12 11:00:00Z;-0,9733648;0;3
2012-06-13 11:00:00Z;-1,026082;0;3
2012-06-14 11:00:00Z;-1,060248;0;3
2012-06-15 11:00:00Z;-1,091481;0;3
2012-06-16 11:00:00Z;-1,124398;0;3
2012-06-17 11:00:00Z;-1,164091;0;3
2012-06-18 11:00:00Z;-1,198822;0;3
2012-06-19 11:00:00Z;-1,213066;0;3
2012-06-20 11:00:00Z;-1,212378;0;3
2012-06-21 11:00:00Z;-1,234398;0;3
2012-06-22 11:00:00Z;-1,262112;0;3
2012-06-23 11:00:00Z;-1,295444;0;3
2012-06-24 11:00:00Z;-1,33515;0;3
2012-06-25 11:00:00Z;-1,372137;0;3
2012-06-26 11:00:00Z;-1,406384;0;3
2012-06-27 11:00:00Z;-1,427704;0;3
2012-06-28 11:00:00Z;-1,44576;0;3
2012-06-29 11:00:00Z;-1,463354;0;3
2012-06-30 11:00:00Z;-1,482278;0;3
2012-07-01 11:00:00Z;-1,496771;0;3
2012-07-02 11:00:00Z;-1,510524;0;3
2012-07-03 11:00:00Z;-1,540618;0;3
2012-07-04 11:00:00Z;-1,576743;0;3
2012-07-05 11:00:00Z;-1,612201;0;3
2012-07-06 11:00:00Z;-1,647201;0;3
2012-07-07 11:00:00Z;-1,68712;0;3
2012-07-08 11:00:00Z;-1,727146;0;3
2012-07-09 11:00:00Z;-1,765426;0;3
2012-07-10 11:00:00Z;-1,790708;0;3
2012-07-11 11:00:00Z;-1,815462;0;3
2012-07-12 11:00:00Z;-1,845999;0;3
2012-07-13 11:00:00Z;-1,881901;0;3
2012-07-14 11:00:00Z;-1,915835;0;3
2012-07-15 11:00:00Z;-1,951761;0;3
2012-07-16 11:00:00Z;-1,984083;0;3
2012-07-17 11:00:00Z;-2,018983;0;3
2012-07-18 11:00:00Z;-2,048646;0;3
2012-07-19 11:00:00Z;-2,076664;0;3
2012-07-20 11:00:00Z;-2,112283;0;3
2012-07-21 11:00:00Z;-2,132502;0;3
2012-07-22 11:00:00Z;-2,083347;0;3
2012-07-23 11:00:00Z;-1,960324;0;3
2012-07-24 11:00:00Z;-1,854004;0;3
2012-07-25 11:00:00Z;-1,787382;0;3
2012-07-26 11:00:00Z;-1,783083;0;3
2012-07-27 11:00:00Z;-1,793899;0;3
2012-07-28 11:00:00Z;-1,810487;0;3
2012-07-29 11:00:00Z;-1,832875;0;3
2012-07-30 11:00:00Z;-1,856347;0;3
2012-07-31 11:00:00Z;-1,875713;0;3
2012-08-01 11:00:00Z;-1,890318;0;3
2012-08-02 11:00:00Z;-1,882854;0;3
2012-08-03 11:00:00Z;-1,885045;0;3
2012-08-04 11:00:00Z;-1,895864;0;3
2012-08-05 11:00:00Z;-1,903651;0;3
2012-08-06 11:00:00Z;-1,917617;0;3
2012-08-07 11:00:00Z;-1,929965;0;3
2012-08-08 11:00:00Z;-1,942049;0;3
2012-08-09 11:00:00Z;-1,95;0;3
2012-08-10 11:00:00Z;-1,918796;0;3
2012-08-11 11:00:00Z;-1,831227;0;3
2012-08-12 11:00:00Z;-1,757946;0;3
2012-08-13 11:00:00Z;-1,731222;0;3
2012-08-14 11:00:00Z;-1,73;0;3
2012-08-15 11:00:00Z;-1,730688;0;3
2012-08-16 11:00:00Z;-1,741311;0;3
2012-08-17 11:00:00Z;-1,75713;0;3
2012-08-18 11:00:00Z;-1,766076;0;3
2012-08-19 11:00:00Z;-1,777465;0;3
2012-08-20 11:00:00Z;-1,783177;0;3
2012-08-21 11:00:00Z;-1,79231;0;3
2012-08-22 11:00:00Z;-1,801596;0;3
2012-08-23 11:00:00Z;-1,81558;0;3
2012-08-24 11:00:00Z;-1,829412;0;3
2012-08-25 11:00:00Z;-1,842902;0;3
2012-08-26 11:00:00Z;-1,859384;0;3
2012-08-27 11:00:00Z;-1,872731;0;3
2012-08-28 11:00:00Z;-1,886408;0;3
2012-08-29 11:00:00Z;-1,90549;0;3
2012-08-30 11:00:00Z;-1,922246;0;3
2012-08-31 11:00:00Z;-1,972115;0;3
2012-09-01 11:00:00Z;-2,020483;0;3
2012-09-02 11:00:00Z;-2,063913;0;3
2012-09-03 11:00:00Z;-2,056455;0;3
2012-09-04 11:00:00Z;-1,998901;0;3
2012-09-05 11:00:00Z;-1,915359;0;3
2012-09-06 11:00:00Z;-1,620399;0;3
2012-09-07 11:00:00Z;-1,430263;0;3
2012-09-08 11:00:00Z;-1,13995;0;3
2012-09-09 11:00:00Z;-0,9676344;0;3
2012-09-10 11:00:00Z;-0,8810303;0;3
2012-09-11 11:00:00Z;-0,8388618;0;3
2012-09-12 11:00:00Z;-0,7842393;0;3
2012-09-13 11:00:00Z;-0,7415878;0;3
2012-09-14 11:00:00Z;-0,6690814;0;3
2012-09-15 11:00:00Z;-0,4693921;0;3
2012-09-16 11:00:00Z;-0,2820755;0;3
2012-09-17 11:00:00Z;-0,1453993;0;3
2012-09-18 11:00:00Z;-0,04640856;0;3
2012-09-19 11:00:00Z;-0,008382078;0;3
2012-09-20 11:00:00Z;0,01138031;0;3
2012-09-21 11:00:00Z;0,04382501;0;3
2012-09-22 11:00:00Z;0,08715837;0;3
2012-09-23 11:00:00Z;0,07016252;0;3
2012-09-24 11:00:00Z;0,04365103;0;3
2012-09-25 11:00:00Z;0,02182416;0;3
2012-09-26 11:00:00Z;0,002902988;0;3
2012-09-27 11:00:00Z;-0,008766631;0;3
2012-09-28 11:00:00Z;-0,01948482;0;3
2012-09-29 11:00:00Z;-0,03038865;0;3
2012-09-30 11:00:00Z;-0,02915996;0;3
2012-10-01 11:00:00Z;-0,01668455;0;3
2012-10-02 11:00:00Z;-0,0140897;0;3
2012-10-03 11:00:00Z;-0,02034487;0;3
2012-10-04 11:00:00Z;-0,02365171;0;3
2012-10-05 11:00:00Z;-0,03142361;0;3
2012-10-06 11:00:00Z;-0,04;0;3
2012-10-07 11:00:00Z;0,09814584;0;3
2012-10-08 11:00:00Z;0,2072028;0;3
2012-10-09 11:00:00Z;0,159931;0;3
2012-10-10 11:00:00Z;0,1159842;0;3
2012-10-11 11:00:00Z;0,1107148;0;3
2012-10-12 11:00:00Z;0,08711221;0;3
2012-10-13 11:00:00Z;0,06334984;0;3
2012-10-14 11:00:00Z;0,03958746;0;3
2012-10-15 11:00:00Z;0,01440932;0;3
2012-10-16 11:00:00Z;-0,00590625;0;3
2012-10-17 11:00:00Z;-0,01130208;0;3
2012-10-18 11:00:00Z;-0,02041667;0;3
2012-10-19 11:00:00Z;-0,02815625;0;3
2012-10-20 11:00:00Z;-0,03355208;0;3
2012-10-21 11:00:00Z;-0,04241223;0;3
2012-10-22 11:00:00Z;-0,04987249;0;3
2012-10-23 11:00:00Z;-0,04478611;0;3
2012-10-24 11:00:00Z;0,07862985;0;3
2012-10-25 11:00:00Z;0,1050493;0;3
2012-10-26 11:00:00Z;0,08169931;0;3
2012-10-27 11:00:00Z;0,0732282;0;3
2012-10-28 11:00:00Z;0,06236163;0;3
2012-10-29 11:00:00Z;0,04356087;0;3
2012-10-30 11:00:00Z;0,03;0;3
2012-10-31 11:00:00Z;0,02127431;0;3
2012-11-01 11:00:00Z;0,0158507;0;3
2012-11-02 11:00:00Z;0,03901019;0;3
2012-11-03 11:00:00Z;0,08611135;0;3
2012-11-04 11:00:00Z;0,07124332;0;3
2012-11-05 11:00:00Z;0,04778099;0;3
2012-11-06 11:00:00Z;0,04020834;0;3
2012-11-07 11:00:00Z;0,04369444;0;3
2012-11-08 11:00:00Z;0,04370492;0;3
2012-11-09 11:00:00Z;0,03014471;0;3
2012-11-10 11:00:00Z;0,02045245;0;3
2012-11-11 11:00:00Z;0,010425;0;3
2012-11-12 11:00:00Z;0,06581917;0;3
2012-11-13 11:00:00Z;0,1096968;0;3
2012-11-14 11:00:00Z;0,106;0;3
2012-11-15 11:00:00Z;0,1429873;0;3
2012-11-16 11:00:00Z;0,1270556;0;3
2012-11-17 11:00:00Z;0,1104192;0;3
2012-11-18 11:00:00Z;0,0937828;0;3
2012-11-19 11:00:00Z;0,08062214;0;3
2012-11-20 11:00:00Z;0,08886909;0;3
2012-11-21 11:00:00Z;0,09373266;0;3
2012-11-22 11:00:00Z;0,09000002;0;3
2012-11-23 11:00:00Z;0,08543751;0;3
2012-11-24 11:00:00Z;0,0690243;0;3
2012-11-25 11:00:00Z;0,05484375;0;3
2012-11-26 11:00:00Z;0,03534656;0;3
2012-11-27 11:00:00Z;-0,0004541986;0;3
2012-11-28 11:00:00Z;-0,033375;0;3
2012-11-29 11:00:00Z;-0,06699453;0;3
2012-11-30 11:00:00Z;-0,1227403;0;3
2012-12-01 11:00:00Z;-0,2179146;0;3
2012-12-02 11:00:00Z;-0,3186844;0;3
2012-12-03 11:00:00Z;-0,4182104;0;3
2012-12-04 11:00:00Z;-0,5107371;0;3
2012-12-05 11:00:00Z;-0,5972639;0;3
2012-12-06 11:00:00Z;-0,6885;0;3
2012-12-07 11:00:00Z;-0,7786707;0;3
2012-12-08 11:00:00Z;-0,868056;0;3
2012-12-09 11:00:00Z;-0,9529019;0;3
2012-12-10 11:00:00Z;-1,033898;0;3
2012-12-11 11:00:00Z;-1,084525;0;3
2012-12-12 11:00:00Z;-1,130634;0;3
2012-12-13 11:00:00Z;-1,178679;0;3
2012-12-14 11:00:00Z;-1,226316;0;3
2012-12-15 11:00:00Z;-1,280991;0;3
2012-12-16 11:00:00Z;-1,334831;0;3
2012-12-17 11:00:00Z;-1,386887;0;3
2012-12-18 11:00:00Z;-1,442769;0;3
2012-12-19 11:00:00Z;-1,490656;0;3
2012-12-20 11:00:00Z;-1,53513;0;3
2012-12-21 11:00:00Z;-1,586776;0;3
2012-12-22 11:00:00Z;-1,638749;0;3
2012-12-23 11:00:00Z;-1,691137;0;3
2012-12-24 11:00:00Z;-1,745611;0;3
2012-12-25 11:00:00Z;-1,79124;0;3
2012-12-26 11:00:00Z;-1,811407;0;3
2012-12-27 11:00:00Z;-1,809238;0;3
2012-12-28 11:00:00Z;-1,814017;0;3
2012-12-29 11:00:00Z;-1,824004;0;3
2012-12-30 11:00:00Z;-1,837347;0;3
2012-12-31 11:00:00Z;-1,855014;0;3
2013-01-01 11:00:00Z;-1,866878;0;2
2013-01-02 11:00:00Z;-1,876236;0;2
2013-01-03 11:00:00Z;-1,893373;0;2
2013-01-04 11:00:00Z;-1,76803;0;2
2013-01-05 11:00:00Z;-1,642959;0;2
2013-01-06 11:00:00Z;-1,403391;0;2
2013-01-07 11:00:00Z;-1,246277;0;2
2013-01-08 11:00:00Z;-1,177548;0;2
2013-01-09 11:00:00Z;-1,115225;0;2
2013-01-10 11:00:00Z;-1,154264;0;2
2013-01-11 11:00:00Z;-1,230656;0;2
2013-01-12 11:00:00Z;-1,323021;0;2
2013-01-13 11:00:00Z;-1,418891;0;2
2013-01-14 11:00:00Z;-1,515252;0;2
2013-01-15 11:00:00Z;-1,61068;0;2
2013-01-16 11:00:00Z;-1,700394;0;2
2013-01-17 11:00:00Z;-1,751665;0;2
2013-01-18 11:00:00Z;-1,7952;0;2
2013-01-19 11:00:00Z;-1,824115;0;2
2013-01-20 11:00:00Z;-1,847658;0;2
2013-01-21 11:00:00Z;-1,876427;0;2
2013-01-22 11:00:00Z;-1,906587;0;2
2013-01-23 11:00:00Z;-1,932146;0;2
2013-01-24 11:00:00Z;-1,957333;0;2
2013-01-25 11:00:00Z;-1,984576;0;2
2013-01-26 11:00:00Z;-2,005177;0;2
2013-01-27 11:00:00Z;-2,019259;0;2
2013-01-28 11:00:00Z;-2,033496;0;2
2013-01-29 11:00:00Z;-2,047732;0;2
2013-01-30 11:00:00Z;-2,061969;0;2
2013-01-31 11:00:00Z;-2,076206;0;2
2013-02-01 11:00:00Z;-2,090442;0;2
2013-02-02 11:00:00Z;-2,104679;0;2
2013-02-03 11:00:00Z;-2,118916;0;2
2013-02-04 11:00:00Z;-2,133152;0;2
2013-02-05 11:00:00Z;-2,147389;0;2
2013-02-06 11:00:00Z;-2,161625;0;2
2013-02-07 11:00:00Z;-2,175862;0;2
2013-02-08 11:00:00Z;-2,188957;0;2
2013-02-09 11:00:00Z;-2,20151;0;2
2013-02-10 11:00:00Z;-2,214506;0;2
2013-02-11 11:00:00Z;-2,228417;0;2
2013-02-12 11:00:00Z;-2,244243;0;2
2013-02-13 11:00:00Z;-2,257842;0;2
2013-02-14 11:00:00Z;-2,272039;0;2
2013-02-15 11:00:00Z;-2,287865;0;2
2013-02-16 11:00:00Z;-2,293726;0;2
2013-02-17 11:00:00Z;-2,294126;0;2
2013-02-18 11:00:00Z;-2,290075;0;2
2013-02-19 11:00:00Z;-2,291782;0;2
2013-02-20 11:00:00Z;-2,299812;0;2
2013-02-21 11:00:00Z;-2,305352;0;2
2013-02-22 11:00:00Z;-2,301322;0;2
2013-02-23 11:00:00Z;-2,3;0;2
2013-02-24 11:00:00Z;-2,3;0;2
2013-02-25 11:00:00Z;-2,295152;0;2
2013-02-26 11:00:00Z;-2,279638;0;2
2013-02-27 11:00:00Z;-2,145751;0;2
2013-02-28 11:00:00Z;-1,832148;0;2
2013-03-01 11:00:00Z;-1,554365;0;2
2013-03-02 11:00:00Z;-1,366985;0;2
2013-03-03 11:00:00Z;-1,133651;0;2
2013-03-04 11:00:00Z;-0,9246525;0;2
2013-03-05 11:00:00Z;-0,5388392;0;2
2013-03-06 11:00:00Z;-0,3325543;0;2
2013-03-07 11:00:00Z;-0,2904326;0;2
2013-03-08 11:00:00Z;-0,3155144;0;2
2013-03-09 11:00:00Z;-0,361223;0;2
2013-03-10 11:00:00Z;-0,4133394;0;2
2013-03-11 11:00:00Z;-0,456549;0;2
2013-03-12 11:00:00Z;-0,5050275;0;2
2013-03-13 11:00:00Z;-0,5613748;0;2
2013-03-14 11:00:00Z;-0,6152177;0;2
2013-03-15 11:00:00Z;-0,6749892;0;2
2013-03-16 11:00:00Z;-0,7419283;0;2
2013-03-17 11:00:00Z;-0,801295;0;2
2013-03-18 11:00:00Z;-0,8657001;0;2
2013-03-19 11:00:00Z;-0,9408802;0;2
2013-03-20 11:00:00Z;-1,025125;0;2
2013-03-21 11:00:00Z;-1,107623;0;2
2013-03-22 11:00:00Z;-1,180097;0;2
2013-03-23 11:00:00Z;-1,203434;0;2
2013-03-24 11:00:00Z;-1,219945;0;2
2013-03-25 11:00:00Z;-1,234081;0;2
2013-03-26 11:00:00Z;-1,237817;0;2
2013-03-27 11:00:00Z;-1,241613;0;2
2013-03-28 11:00:00Z;-1,253374;0;2
2013-03-29 11:00:00Z;-1,268903;0;2
2013-03-30 11:00:00Z;-1,280771;0;2
2013-03-31 11:00:00Z;-1,29934;0;2
2013-04-01 11:00:00Z;-1,300417;0;2
2013-04-02 11:00:00Z;-1,316772;0;2
2013-04-03 11:00:00Z;-1,35437;0;2
2013-04-04 11:00:00Z;-1,371354;0;2
2013-04-05 11:00:00Z;-1,403196;0;2
2013-04-06 11:00:00Z;-1,438151;0;2
2013-04-07 11:00:00Z;-1,48225;0;2
2013-04-08 11:00:00Z;-1,528139;0;2
2013-04-09 11:00:00Z;-1,584087;0;2
2013-04-10 11:00:00Z;-1,642277;0;2
2013-04-11 11:00:00Z;-1,694976;0;2
2013-04-12 11:00:00Z;-1,721303;0;2
2013-04-13 11:00:00Z;-1,741187;0;2
2013-04-14 11:00:00Z;-1,758601;0;2
2013-04-15 11:00:00Z;-1,753307;0;2
2013-04-16 11:00:00Z;-1,667528;0;2
2013-04-17 11:00:00Z;-1,516057;0;2
2013-04-18 11:00:00Z;-1,279799;0;2
2013-04-19 11:00:00Z;-1,039771;0;2
2013-04-20 11:00:00Z;-0,8824838;0;2
2013-04-21 11:00:00Z;-0,8318194;0;2
2013-04-22 11:00:00Z;-0,7914952;0;2
2013-04-23 11:00:00Z;-0,7585348;0;2
2013-04-24 11:00:00Z;-0,5713637;0;2
2013-04-25 11:00:00Z;-0,2700902;0;2
2013-04-26 11:00:00Z;-0,1307021;0;2
2013-04-27 11:00:00Z;-0,04653046;0;2
2013-04-28 11:00:00Z;-0,01236215;0;2
2013-04-29 11:00:00Z;-0,01658333;0;2
2013-04-30 11:00:00Z;-0,0494537;0;2
2013-05-01 11:00:00Z;;0;1
2013-05-02 11:00:00Z;-0,1275972;0;1
2013-05-03 11:00:00Z;-0,1726091;0;1
2013-05-04 11:00:00Z;-0,2286667;0;1
2013-05-05 11:00:00Z;-0,2747792;0;1
2013-05-06 11:00:00Z;-0,2998111;0;1
2013-05-07 11:00:00Z;-0,3071899;0;1
2013-05-08 11:00:00Z;-0,3000011;0;1
2013-05-09 11:00:00Z;-0,2999299;0;1
2013-05-10 11:00:00Z;-0,2917471;0;1
2013-05-11 11:00:00Z;-0,3092431;0;1
2013-05-12 11:00:00Z;-0,3411283;0;1
2013-05-13 11:00:00Z;-0,3765175;0;1
2013-05-14 11:00:00Z;-0,4112537;0;1
2013-05-15 11:00:00Z;-0,4362962;0;1
2013-05-16 11:00:00Z;-0,4691536;0;1
2013-05-17 11:00:00Z;-0,5039389;0;1
2013-05-18 11:00:00Z;-0,5411341;0;1
2013-05-19 11:00:00Z;-0,5853346;0;1
2013-05-20 11:00:00Z;-0,6277184;0;1
2013-05-21 11:00:00Z;-0,678293;0;1
2013-05-22 11:00:00Z;-0,707374;0;1
2013-05-23 11:00:00Z;-0,7068714;0;1
2013-05-24 11:00:00Z;-0,7266523;0;1
2013-05-25 11:00:00Z;-0,7589922;0;1
2013-05-26 11:00:00Z;-0,7965116;0;1
2013-05-27 11:00:00Z;-0,8448055;0;1
2013-05-28 11:00:00Z;-0,9003471;0;1
2013-05-29 11:00:00Z;-0,9535779;0;1
2013-05-30 11:00:00Z;-1,015969;0;1
2013-05-31 11:00:00Z;-1,073828;0;1
2013-06-01 11:00:00Z;-1,143654;0;1
2013-06-02 11:00:00Z;-1,205596;0;1
2013-06-03 11:00:00Z;-1,228236;0;1
2013-06-04 11:00:00Z;-1,214781;0;1
2013-06-05 11:00:00Z;-1,228896;0;1
2013-06-06 11:00:00Z;-1,261705;0;1
2013-06-07 11:00:00Z;-1,290497;0;1
2013-06-08 11:00:00Z;-1,3;0;1
2013-06-09 11:00:00Z;-1,24884;0;1
2013-06-10 11:00:00Z;-1,180007;0;1
2013-06-11 11:00:00Z;-1,167917;0;1
2013-06-12 11:00:00Z;-1,17045;0;1
2013-06-13 11:00:00Z;-1,188154;0;1
2013-06-14 11:00:00Z;-1,211062;0;1
2013-06-15 11:00:00Z;-1,196421;0;1
2013-06-16 11:00:00Z;-1,171105;0;1
2013-06-17 11:00:00Z;-1,182253;0;1
2013-06-18 11:00:00Z;-1,204267;0;1
2013-06-19 11:00:00Z;-1,242896;0;1
2013-06-20 11:00:00Z;-1,298757;0;1
2013-06-21 11:00:00Z;-1,360597;0;1
2013-06-22 11:00:00Z;-1,38927;0;1
2013-06-23 11:00:00Z;-1,394428;0;1
2013-06-24 11:00:00Z;-1,382281;0;1
2013-06-25 11:00:00Z;-1,39701;0;1
2013-06-26 11:00:00Z;-1,411299;0;1
2013-06-27 11:00:00Z;-1,44068;0;1
2013-06-28 11:00:00Z;-1,474705;0;1
2013-06-29 11:00:00Z;-1,50912;0;1
2013-06-30 11:00:00Z;-1,54904;0;1
2013-07-01 11:00:00Z;-1,591105;0;1
2013-07-02 11:00:00Z;-1,626997;0;1
2013-07-03 11:00:00Z;-1,637833;0;1
2013-07-04 11:00:00Z;-1,653271;0;1
2013-07-05 11:00:00Z;-1,666882;0;1
2013-07-06 11:00:00Z;-1,671989;0;1
2013-07-07 11:00:00Z;-1,690205;0;1
2013-07-08 11:00:00Z;-1,704469;0;1
2013-07-09 11:00:00Z;-1,713487;0;1
2013-07-10 11:00:00Z;-1,687533;0;1
2013-07-11 11:00:00Z;-1,661413;0;1
2013-07-12 11:00:00Z;-1,653302;0;1
2013-07-13 11:00:00Z;-1,640601;0;1
2013-07-14 11:00:00Z;-1,582562;0;1
2013-07-15 11:00:00Z;-1,280775;0;1
2013-07-16 11:00:00Z;-0,9821215;0;1
2013-07-17 11:00:00Z;-0,8357637;0;1
2013-07-18 11:00:00Z;-0,5933822;0;1
2013-07-19 11:00:00Z;-0,4308651;0;1
2013-07-20 11:00:00Z;-0,2591244;0;1
2013-07-21 11:00:00Z;-0,04779167;0;1
2013-07-22 11:00:00Z;0,02641666;0;1
2013-07-23 11:00:00Z;0,03153472;0;1
2013-07-24 11:00:00Z;0,008070834;0;1
2013-07-25 11:00:00Z;-0,06060179;0;1
2013-07-26 11:00:00Z;-0,1377201;0;1
2013-07-27 11:00:00Z;-0,2165788;0;1
2013-07-28 11:00:00Z;-0,2954374;0;1
2013-07-29 11:00:00Z;-0,374296;0;1
2013-07-30 11:00:00Z;-0,4545722;0;1
2013-07-31 11:00:00Z;-0,5127009;0;1
2013-08-01 11:00:00Z;-0,3947608;0;1
2013-08-02 11:00:00Z;-0,3524944;0;1
2013-08-03 11:00:00Z;-0,3643806;0;1
2013-08-04 11:00:00Z;-0,3898785;0;1
2013-08-05 11:00:00Z;-0,421507;0;1
2013-08-06 11:00:00Z;-0,4677292;0;1
2013-08-07 11:00:00Z;-0,5554896;0;1
2013-08-08 11:00:00Z;-0,6294147;0;1
2013-08-09 11:00:00Z;-0,6613218;0;1
2013-08-10 11:00:00Z;-0,6922741;0;1
2013-08-11 11:00:00Z;-0,7243264;0;1
2013-08-12 11:00:00Z;-0,740243;0;1
2013-08-13 11:00:00Z;-0,7233375;0;1
2013-08-14 11:00:00Z;-0,7142495;0;1
2013-08-15 11:00:00Z;-0,7272917;0;1
2013-08-16 11:00:00Z;-0,7485932;0;1
2013-08-17 11:00:00Z;-0,7751083;0;1
2013-08-18 11:00:00Z;-0,801441;0;1
2013-08-19 11:00:00Z;-0,8140405;0;1
2013-08-20 11:00:00Z;-0,838522;0;1
2013-08-21 11:00:00Z;-0,7374687;0;1
2013-08-22 11:00:00Z;-0,5643916;0;1
2013-08-23 11:00:00Z;-0,525376;0;1
2013-08-24 11:00:00Z;-0,5243785;0;1
2013-08-25 11:00:00Z;-0,5412222;0;1
2013-08-26 11:00:00Z;-0,5623369;0;1
2013-08-27 11:00:00Z;-0,5895938;0;1
2013-08-28 11:00:00Z;-0,610507;0;1
2013-08-29 11:00:00Z;-0,6345569;0;1
2013-08-30 11:00:00Z;-0,6760855;0;1
2013-08-31 11:00:00Z;-0,721488;0;1
2013-09-01 11:00:00Z;-0,7620932;0;1
2013-09-02 11:00:00Z;-0,8079743;0;1
2013-09-03 11:00:00Z;-0,8518956;0;1
2013-09-04 11:00:00Z;-0,8997984;0;1
2013-09-05 11:00:00Z;-0,9461736;0;1
2013-09-06 11:00:00Z;-0,9929652;0;1
2013-09-07 11:00:00Z;-1,041698;0;1
2013-09-08 11:00:00Z;-1,087851;0;1
2013-09-09 11:00:00Z;-1,135608;0;1
2013-09-10 11:00:00Z;-1,18558;0;1
2013-09-11 11:00:00Z;-1,23467;0;1
2013-09-12 11:00:00Z;-1,281132;0;1
2013-09-13 11:00:00Z;-1,32684;0;1
2013-09-14 11:00:00Z;-1,374341;0;1
2013-09-15 11:00:00Z;-1,407545;0;1
2013-09-16 11:00:00Z;-1,455393;0;1
2013-09-17 11:00:00Z;-1,506076;0;1
2013-09-18 11:00:00Z;-1,556216;0;1
2013-09-19 11:00:00Z;-1,606555;0;1
2013-09-20 11:00:00Z;-1,653552;0;1
2013-09-21 11:00:00Z;-1,69726;0;1
2013-09-22 11:00:00Z;-1,710969;0;1
2013-09-23 11:00:00Z;-1,68125;0;1
2013-09-24 11:00:00Z;-1,591919;0;1
2013-09-25 11:00:00Z;-1,541799;0;1
2013-09-26 11:00:00Z;-1,548021;0;1
2013-09-27 11:00:00Z;-1,56735;0;1
2013-09-28 11:00:00Z;-1,592768;0;1
2013-09-29 11:00:00Z;-1,623139;0;1
2013-09-30 11:00:00Z;-1,656055;0;1
2013-10-01 11:00:00Z;-1,691384;0;1
2013-10-02 11:00:00Z;-1,726332;0;1
2013-10-03 11:00:00Z;-1,764163;0;1
2013-10-04 11:00:00Z;-1,802493;0;1
2013-10-05 11:00:00Z;-1,832882;0;1
2013-10-06 11:00:00Z;-1,828889;0;1
2013-10-07 11:00:00Z;-1,718278;0;1
2013-10-08 11:00:00Z;-1,554616;0;1
2013-10-09 11:00:00Z;-1,413509;0;1
2013-10-10 11:00:00Z;-1,330032;0;1
2013-10-11 11:00:00Z;-1,294024;0;1
2013-10-12 11:00:00Z;-1,291538;0;1
2013-10-13 11:00:00Z;-1,303611;0;1
2013-10-14 11:00:00Z;-1,326209;0;1
2013-10-15 11:00:00Z;-1,356993;0;1
2013-10-16 11:00:00Z;-1,384076;0;1
2013-10-17 11:00:00Z;-1,369542;0;1
2013-10-18 11:00:00Z;-1,322118;0;1
2013-10-19 11:00:00Z;-1,284476;0;1
2013-10-20 11:00:00Z;-1,281177;0;1
2013-10-21 11:00:00Z;-1,306444;0;1
2013-10-22 11:00:00Z;-1,343965;0;1
2013-10-23 11:00:00Z;-1,352004;0;1
2013-10-24 11:00:00Z;-1,291433;0;1
2013-10-25 11:00:00Z;-1,22596;0;1
2013-10-26 11:00:00Z;-1,160488;0;1
2013-10-27 11:00:00Z;-1,095015;0;1
2013-10-28 11:00:00Z;-1,05069;0;1
2013-10-29 11:00:00Z;-1,103747;0;1
2013-10-30 11:00:00Z;-1,163434;0;1
2013-10-31 11:00:00Z;-1,225618;0;1
2013-11-01 11:00:00Z;-1,301142;0;1
2013-11-02 11:00:00Z;-1,377692;0;1
2013-11-03 11:00:00Z;-1,452673;0;1
2013-11-04 11:00:00Z;-1,528932;0;1
2013-11-05 11:00:00Z;-1,606423;0;1
2013-11-06 11:00:00Z;-1,680365;0;1
2013-11-07 11:00:00Z;-1,754944;0;1
2013-11-08 11:00:00Z;-1,825004;0;1
2013-11-09 11:00:00Z;-1,896382;0;1
2013-11-10 11:00:00Z;-1,958029;0;1
2013-11-11 11:00:00Z;-1,978616;0;1
2013-11-12 11:00:00Z;-1,988758;0;1
2013-11-13 11:00:00Z;-1,95599;0;1
2013-11-14 11:00:00Z;-1,903683;0;1
2013-11-15 11:00:00Z;-1,844097;0;1
2013-11-16 11:00:00Z;-1,086768;0;1
2013-11-17 11:00:00Z;-0,7447674;0;1
2013-11-18 11:00:00Z;-0,6529389;0;1
2013-11-19 11:00:00Z;-0,6100958;0;1
2013-11-20 11:00:00Z;-0,6038958;0;1
2013-11-21 11:00:00Z;-0,6333299;0;1
2013-11-22 11:00:00Z;-0,6662084;0;1
2013-11-23 11:00:00Z;-0,6599926;0;1
2013-11-24 11:00:00Z;-0,6413493;0;1
2013-11-25 11:00:00Z;-0,6573318;0;1
2013-11-26 11:00:00Z;-0,6426204;0;1
2013-11-27 11:00:00Z;-0,2383088;0;1
2013-11-28 11:00:00Z;0,03987361;0;1
2013-11-29 11:00:00Z;0,1047917;0;1
2013-11-30 11:00:00Z;0,1200487;0;1
2013-12-01 11:00:00Z;0,1921675;0;1
2013-12-02 11:00:00Z;0,165291;0;1
2013-12-03 11:00:00Z;0,2192472;0;1
2013-12-04 11:00:00Z;0,1999027;0;1
2013-12-05 11:00:00Z;0,1493264;0;1
2013-12-06 11:00:00Z;0,09856597;0;1
2013-12-07 11:00:00Z;0,0710581;0;1
2013-12-08 11:00:00Z;0,05887552;0;1
2013-12-09 11:00:00Z;0,03520995;0;1
2013-12-10 11:00:00Z;0,09541892;0;1
2013-12-11 11:00:00Z;0,2271515;0;1
2013-12-12 11:00:00Z;0,4896728;0;1
2013-12-13 11:00:00Z;0,3634112;0;1
2013-12-14 11:00:00Z;0,2067456;0;1
2013-12-15 11:00:00Z;0,1584263;0;1
2013-12-16 11:00:00Z;0,1195773;0;1
2013-12-17 11:00:00Z;0,09419936;0;1
2013-12-18 11:00:00Z;0,1290359;0;1
2013-12-19 11:00:00Z;0,1019676;0;1
2013-12-20 11:00:00Z;0,07688888;0;1
2013-12-21 11:00:00Z;0,05517708;0;1
2013-12-22 11:00:00Z;0,04352432;0;1
2013-12-23 11:00:00Z;0,03375688;0;1
2013-12-24 11:00:00Z;0,01398964;0;1
2013-12-25 11:00:00Z;0,004597223;0;1
2013-12-26 11:00:00Z;-0,006413193;0;1
2013-12-27 11:00:00Z;-0,01305903;0;1
2013-12-28 11:00:00Z;-0,02708819;0;1
2013-12-29 11:00:00Z;-0,0245125;0;1
2013-12-30 11:00:00Z;0,07514931;0;1
2013-12-31 11:00:00Z;0,05648958;0;1
2014-01-01 11:00:00Z;0,04101614;0;1
2014-01-02 11:00:00Z;0,004577605;0;1
2014-01-03 11:00:00Z;-0,05198756;0;1
2014-01-04 11:00:00Z;-0,117443;0;1
2014-01-05 11:00:00Z;-0,1881181;0;1
2014-01-06 11:00:00Z;-0,2562604;0;1
2014-01-07 11:00:00Z;-0,331934;0;1
2014-01-08 11:00:00Z;-0,4088715;0;1
2014-01-09 11:00:00Z;-0,4813021;0;1
2014-01-10 11:00:00Z;-0,5560973;0;1
2014-01-11 11:00:00Z;-0,6395873;0;1
2014-01-12 11:00:00Z;-0,7199265;0;1
2014-01-13 11:00:00Z;-0,8006423;0;1
2014-01-14 11:00:00Z;-0,8797049;0;1
2014-01-15 11:00:00Z;-0,9588635;0;1
2014-01-16 11:00:00Z;-1,038375;0;1
2014-01-17 11:00:00Z;-1,126706;0;1
2014-01-18 11:00:00Z;-1,199003;0;1
2014-01-19 11:00:00Z;-1,279794;0;1
2014-01-20 11:00:00Z;-1,354584;0;1
2014-01-21 11:00:00Z;-1,434042;0;1
2014-01-22 11:00:00Z;-1,513926;0;1
2014-01-23 11:00:00Z;-1,589518;0;1
2014-01-24 11:00:00Z;-1,664531;0;1
2014-01-25 11:00:00Z;-1,740126;0;1
2014-01-26 11:00:00Z;-1,810613;0;1
2014-01-27 11:00:00Z;-1,839024;0;1
2014-01-28 11:00:00Z;-1,857698;0;1
2014-01-29 11:00:00Z;-1,881357;0;1
2014-01-30 11:00:00Z;-1,904129;0;1
2014-01-31 11:00:00Z;-1,926434;0;1
2014-02-01 11:00:00Z;-1,949511;0;1
2014-02-02 11:00:00Z;-1,970556;0;1
2014-02-03 11:00:00Z;-1,994024;0;1
2014-02-04 11:00:00Z;-2,015789;0;1
2014-02-05 11:00:00Z;-2,03644;0;1
2014-02-06 11:00:00Z;-2,057276;0;1
2014-02-07 11:00:00Z;-2,078464;0;1
2014-02-08 11:00:00Z;-2,099285;0;1
2014-02-09 11:00:00Z;-2,11884;0;1
2014-02-10 11:00:00Z;-2,138805;0;1
2014-02-11 11:00:00Z;-2,160444;0;1
2014-02-12 11:00:00Z;-2,18334;0;1
2014-02-13 11:00:00Z;-2,201223;0;1
2014-02-14 11:00:00Z;-2,222854;0;1
2014-02-15 11:00:00Z;-2,241156;0;1
2014-02-16 11:00:00Z;-2,262798;0;1
2014-02-17 11:00:00Z;-2,270416;0;1
2014-02-18 11:00:00Z;-2,279917;0;1
2014-02-19 11:00:00Z;-2,291451;0;1
2014-02-20 11:00:00Z;-2,307861;0;1
2014-02-21 11:00:00Z;-2,325973;0;1
2014-02-22 11:00:00Z;-2,344013;0;1
2014-02-23 11:00:00Z;-2,361747;0;1
2014-02-24 11:00:00Z;-2,380049;0;1
2014-02-25 11:00:00Z;-2,391878;0;1
2014-02-26 11:00:00Z;-2,409983;0;1
2014-02-27 11:00:00Z;-2,425188;0;1
2014-02-28 11:00:00Z;-2,44034;0;1
2014-03-01 11:00:00Z;-2,455994;0;1
2014-03-02 11:00:00Z;-2,472479;0;1
2014-03-03 11:00:00Z;-2,490666;0;1
2014-03-04 11:00:00Z;-2,507813;0;1
2014-03-05 11:00:00Z;-2,525097;0;1
2014-03-06 11:00:00Z;-2,54183;0;1
2014-03-07 11:00:00Z;-2,55167;0;1
2014-03-08 11:00:00Z;-2,54958;0;1
2014-03-09 11:00:00Z;-2,533893;0;1
2014-03-10 11:00:00Z;-2,486902;0;1
2014-03-11 11:00:00Z;-2,391609;0;1
2014-03-12 11:00:00Z;-2,269941;0;1
2014-03-13 11:00:00Z;-2,209649;0;1
2014-03-14 11:00:00Z;-2,190506;0;1
2014-03-15 11:00:00Z;-2,158622;0;1
2014-03-16 11:00:00Z;-2,15633;0;1
2014-03-17 11:00:00Z;-2,158271;0;1
2014-03-18 11:00:00Z;-2,170268;0;1
2014-03-19 11:00:00Z;-2,201674;0;1
2014-03-20 11:00:00Z;-2,228535;0;1
2014-03-21 11:00:00Z;-2,219667;0;1
2014-03-22 11:00:00Z;-2,167072;0;1
2014-03-23 11:00:00Z;-2,114484;0;1
2014-03-24 11:00:00Z;-2,071252;0;1
2014-03-25 11:00:00Z;-2,05958;0;1
2014-03-26 11:00:00Z;-2,065628;0;1
2014-03-27 11:00:00Z;-2,089163;0;1
2014-03-28 11:00:00Z;-2,11108;0;1
2014-03-29 11:00:00Z;-2,128903;0;1
2014-03-30 11:00:00Z;-2,140451;0;1
2014-03-31 11:00:00Z;-2,15;0;1
2014-04-01 11:00:00Z;-2,147559;0;1
2014-04-02 11:00:00Z;-2,15641;0;1
2014-04-03 11:00:00Z;-2,170695;0;1
2014-04-04 11:00:00Z;-2,192629;0;1
2014-04-05 11:00:00Z;-2,2116;0;1
2014-04-06 11:00:00Z;-2,228014;0;1
2014-04-07 11:00:00Z;-2,211455;0;1
2014-04-08 11:00:00Z;-2,136226;0;1
2014-04-09 11:00:00Z;-2,073864;0;1
2014-04-10 11:00:00Z;-2,030729;0;1
2014-04-11 11:00:00Z;-1,989673;0;1
2014-04-12 11:00:00Z;-1,910941;0;1
2014-04-13 11:00:00Z;-1,810139;0;1
2014-04-14 11:00:00Z;-1,489848;0;1
2014-04-15 11:00:00Z;-1,199336;0;1
2014-04-16 11:00:00Z;-1,046641;0;1
2014-04-17 11:00:00Z;-0,909227;0;1
2014-04-18 11:00:00Z;-0,7848229;0;1
2014-04-19 11:00:00Z;-0,7211319;0;1
2014-04-20 11:00:00Z;-0,6799272;0;1
2014-04-21 11:00:00Z;-0,6535325;0;1
2014-04-22 11:00:00Z;-0,6404559;0;1
2014-04-23 11:00:00Z;-0,6407967;0;1
2014-04-24 11:00:00Z;-0,6417969;0;1
2014-04-25 11:00:00Z;-0,6427971;0;1
2014-04-26 11:00:00Z;-0,6437973;0;1
2014-04-27 11:00:00Z;-0,6447975;0;1
2014-04-28 11:00:00Z;-0,6457977;0;1
2014-04-29 11:00:00Z;-0,6467979;0;1
2014-04-30 11:00:00Z;-0,6477982;0;1
2014-05-01 11:00:00Z;-0,6487983;0;1
2014-05-02 11:00:00Z;-0,6473026;0;1
2014-05-03 11:00:00Z;-0,6011812;0;1
2014-05-04 11:00:00Z;-0,5320723;0;1
2014-05-05 11:00:00Z;-0,4995244;0;1
2014-05-06 11:00:00Z;-0,4801874;0;1
2014-05-07 11:00:00Z;-0,4749932;0;1
2014-05-08 11:00:00Z;-0,4730938;0;1
2014-05-09 11:00:00Z;-0,5083874;0;1
2014-05-10 11:00:00Z;-0,5599565;0;1
2014-05-11 11:00:00Z;-0,6123748;0;1
2014-05-12 11:00:00Z;-0,6649681;0;1
2014-05-13 11:00:00Z;-0,7193062;0;1
2014-05-14 11:00:00Z;-0,7730904;0;1
2014-05-15 11:00:00Z;-0,8244027;0;1
2014-05-16 11:00:00Z;-0,8130313;0;1
2014-05-17 11:00:00Z;-0,7946597;0;1
2014-05-18 11:00:00Z;-0,8198856;0;1
2014-05-19 11:00:00Z;-0,8559549;0;1
2014-05-20 11:00:00Z;-0,9019477;0;1
2014-05-21 11:00:00Z;-0,9528961;0;1
2014-05-22 11:00:00Z;-1,002534;0;1
2014-05-23 11:00:00Z;-1,055632;0;1
2014-05-24 11:00:00Z;-1,100611;0;1
2014-05-25 11:00:00Z;-1,141795;0;1
2014-05-26 11:00:00Z;-1,185819;0;1
2014-05-27 11:00:00Z;-1,232823;0;1
2014-05-28 11:00:00Z;-1,285556;0;1
2014-05-29 11:00:00Z;-1,343295;0;1
2014-05-30 11:00:00Z;-1,40141;0;1
2014-05-31 11:00:00Z;-1,45919;0;1
2014-06-01 11:00:00Z;-1,512265;0;1
2014-06-02 11:00:00Z;-1,568673;0;1
2014-06-03 11:00:00Z;-1,612518;0;1
2014-06-04 11:00:00Z;-1,631572;0;1
2014-06-05 11:00:00Z;-1,647017;0;1
2014-06-06 11:00:00Z;-1,666146;0;1
2014-06-07 11:00:00Z;-1,686538;0;1
2014-06-08 11:00:00Z;-1,704299;0;1
2014-06-09 11:00:00Z;-1,715326;0;1
2014-06-10 11:00:00Z;-1,726354;0;1
2014-06-11 11:00:00Z;-1,742802;0;1
2014-06-12 11:00:00Z;-1,747785;0;1
2014-06-13 11:00:00Z;-1,753594;0;1
2014-06-14 11:00:00Z;-1,765041;0;1
2014-06-15 11:00:00Z;-1,777112;0;1
2014-06-16 11:00:00Z;-1,7846;0;1
2014-06-17 11:00:00Z;-1,796243;0;1
2014-06-18 11:00:00Z;-1,786939;0;1
2014-06-19 11:00:00Z;-1,687537;0;1
2014-06-20 11:00:00Z;-1,582604;0;1
2014-06-21 11:00:00Z;-1,409435;0;1
2014-06-22 11:00:00Z;-1,217672;0;1
2014-06-23 11:00:00Z;-1,063805;0;1
2014-06-24 11:00:00Z;-1,028466;0;1
2014-06-25 11:00:00Z;-1,004246;0;1
2014-06-26 11:00:00Z;-1,002816;0;1
2014-06-27 11:00:00Z;-1,050983;0;1
2014-06-28 11:00:00Z;-1,120583;0;1
2014-06-29 11:00:00Z;-1,19709;0;1
2014-06-30 11:00:00Z;-1,273375;0;1
2014-07-01 11:00:00Z;-1,348052;0;1
2014-07-02 11:00:00Z;-1,415875;0;1
2014-07-03 11:00:00Z;-1,45384;0;1
2014-07-04 11:00:00Z;-1,484972;0;1
2014-07-05 11:00:00Z;-1,520131;0;1
2014-07-06 11:00:00Z;-1,558841;0;1
2014-07-07 11:00:00Z;-1,592962;0;1
2014-07-08 11:00:00Z;-1,62917;0;1
2014-07-09 11:00:00Z;-1,662444;0;1
2014-07-10 11:00:00Z;-1,698622;0;1
2014-07-11 11:00:00Z;-1,735069;0;1
2014-07-12 11:00:00Z;-1,773299;0;1
2014-07-13 11:00:00Z;-1,809899;0;1
2014-07-14 11:00:00Z;-1,852343;0;1
2014-07-15 11:00:00Z;-1,895003;0;1
2014-07-16 11:00:00Z;-1,934296;0;1
2014-07-17 11:00:00Z;-1,970903;0;1
2014-07-18 11:00:00Z;-2,003705;0;1
2014-07-19 11:00:00Z;-2,036823;0;1
2014-07-20 11:00:00Z;-2,071945;0;1
2014-07-21 11:00:00Z;-2,108298;0;1
2014-07-22 11:00:00Z;-2,133326;0;1
2014-07-23 11:00:00Z;-2,155418;0;1
2014-07-24 11:00:00Z;-2,177169;0;1
2014-07-25 11:00:00Z;-2,200518;0;1
2014-07-26 11:00:00Z;-2,219677;0;1
2014-07-27 11:00:00Z;-2,239417;0;1
2014-07-28 11:00:00Z;-2,262312;0;1
2014-07-29 11:00:00Z;-2,283114;0;1
2014-07-30 11:00:00Z;-2,297421;0;1
2014-07-31 11:00:00Z;-2,30353;0;1
2014-08-01 11:00:00Z;-2,324511;0;1
2014-08-02 11:00:00Z;-2,341316;0;1
2014-08-03 11:00:00Z;-2,361083;0;1
2014-08-04 11:00:00Z;-2,383343;0;1
2014-08-05 11:00:00Z;-2,386659;0;1
2014-08-06 11:00:00Z;-2,390453;0;1
2014-08-07 11:00:00Z;-2,40113;0;1
2014-08-08 11:00:00Z;-2,416131;0;1
2014-08-09 11:00:00Z;-2,43;0;1
2014-08-10 11:00:00Z;-2,44891;0;1
2014-08-11 11:00:00Z;-2,461143;0;1
2014-08-12 11:00:00Z;-2,47;0;1
2014-08-13 11:00:00Z;-2,727499;0;1
2014-08-14 11:00:00Z;-2,47;0;1
2014-08-15 11:00:00Z;-2,469583;0;1
2014-08-16 11:00:00Z;-2,470295;0;1
2014-08-17 11:00:00Z;-2,47;0;1
2014-08-18 11:00:00Z;-2,465632;0;1
2014-08-19 11:00:00Z;-2,459167;0;1
2014-08-20 11:00:00Z;-2,458834;0;1
2014-08-21 11:00:00Z;-2,2131;0;1
2014-08-22 11:00:00Z;-1,984934;0;1
2014-08-23 11:00:00Z;-1,932237;0;1
2014-08-24 11:00:00Z;-1,928045;0;1
2014-08-25 11:00:00Z;-1,930215;0;1
2014-08-26 11:00:00Z;-1,930625;0;1
2014-08-27 11:00:00Z;-1,942434;0;1
2014-08-28 11:00:00Z;-1,953684;0;1
2014-08-29 11:00:00Z;-1,965813;0;1
2014-08-30 11:00:00Z;-1,988795;0;1
2014-08-31 11:00:00Z;-2,013354;0;1
2014-09-01 11:00:00Z;-2,036854;0;1
2014-09-02 11:00:00Z;-2,056269;0;1
2014-09-03 11:00:00Z;-2,077558;0;1
2014-09-04 11:00:00Z;-2,096012;0;1
2014-09-05 11:00:00Z;-2,117683;0;1
2014-09-06 11:00:00Z;-2,137951;0;1
2014-09-07 11:00:00Z;-2,159378;0;1
2014-09-08 11:00:00Z;-2,182566;0;1
2014-09-09 11:00:00Z;-2,204458;0;1
2014-09-10 11:00:00Z;-2,223546;0;1
2014-09-11 11:00:00Z;-2,243438;0;1
2014-09-12 11:00:00Z;-2,25691;0;1
2014-09-13 11:00:00Z;-2,268785;0;1
2014-09-14 11:00:00Z;-2,285208;0;1
2014-09-15 11:00:00Z;-2,302059;0;1
2014-09-16 11:00:00Z;-2,322031;0;1
2014-09-17 11:00:00Z;-2,343833;0;1
2014-09-18 11:00:00Z;-2,364874;0;1
2014-09-19 11:00:00Z;-2,385676;0;1
2014-09-20 11:00:00Z;-2,407721;0;1
2014-09-21 11:00:00Z;-2,423109;0;1
2014-09-22 11:00:00Z;-2,420929;0;1
2014-09-23 11:00:00Z;-2,425907;0;1
2014-09-24 11:00:00Z;-2,425605;0;1
2014-09-25 11:00:00Z;-2,328308;0;1
2014-09-26 11:00:00Z;-2,225989;0;1
2014-09-27 11:00:00Z;-2,039004;0;1
2014-09-28 11:00:00Z;-1,649524;0;1
2014-09-29 11:00:00Z;-1,378595;0;1
2014-09-30 11:00:00Z;-1,307738;0;1
2014-10-01 11:00:00Z;-1,317013;0;1
2014-10-02 11:00:00Z;-1,3405;0;1
2014-10-03 11:00:00Z;-1,373722;0;1
2014-10-04 11:00:00Z;-1,421181;0;1
2014-10-05 11:00:00Z;-1,470384;0;1
2014-10-06 11:00:00Z;-1,529716;0;1
2014-10-07 11:00:00Z;-1,599563;0;1
2014-10-08 11:00:00Z;-1,66808;0;1
2014-10-09 11:00:00Z;-1,734536;0;1
2014-10-10 11:00:00Z;-1,798658;0;1
2014-10-11 11:00:00Z;-1,862408;0;1
2014-10-12 11:00:00Z;-1,926157;0;1
2014-10-13 11:00:00Z;-1,987616;0;1
2014-10-14 11:00:00Z;-2,027014;0;1
2014-10-15 11:00:00Z;-2,033562;0;1
2014-10-16 11:00:00Z;-2,04341;0;1
2014-10-17 11:00:00Z;-2,053739;0;1
2014-10-18 11:00:00Z;-2,063218;0;1
2014-10-19 11:00:00Z;-2,060063;0;1
2014-10-20 11:00:00Z;-2,042063;0;1
2014-10-21 11:00:00Z;-2,030167;0;1
2014-10-22 11:00:00Z;-2,025194;0;1
2014-10-23 11:00:00Z;-2,004156;0;1
2014-10-24 11:00:00Z;-1,971722;0;1
2014-10-25 11:00:00Z;-1,932228;0;1
2014-10-26 11:00:00Z;-1,903086;0;1
2014-10-27 11:00:00Z;-1,766204;0;1
2014-10-28 11:00:00Z;-1,597515;0;1
2014-10-29 11:00:00Z;-1,39514;0;1
2014-10-30 11:00:00Z;-1,127804;0;1
2014-10-31 11:00:00Z;-0,9669963;0;1
2014-11-01 11:00:00Z;-0,9438125;0;1
2014-11-02 11:00:00Z;-0,9538023;0;1
2014-11-03 11:00:00Z;-0,9683505;0;1
2014-11-04 11:00:00Z;-0,9623126;0;1
2014-11-05 11:00:00Z;-0,9873264;0;1
2014-11-06 11:00:00Z;-1,034351;0;1
2014-11-07 11:00:00Z;-1,093639;0;1
2014-11-08 11:00:00Z;-1,158511;0;1
2014-11-09 11:00:00Z;-1,221576;0;1
2014-11-10 11:00:00Z;-1,285444;0;1
2014-11-11 11:00:00Z;-1,348597;0;1
2014-11-12 11:00:00Z;-1,406713;0;1
2014-11-13 11:00:00Z;-1,468276;0;1
2014-11-14 11:00:00Z;-1,533892;0;1
2014-11-15 11:00:00Z;-1,597987;0;1
2014-11-16 11:00:00Z;-1,66337;0;1
2014-11-17 11:00:00Z;-1,716771;0;1
2014-11-18 11:00:00Z;-1,733139;0;1
2014-11-19 11:00:00Z;-1,889583;0;1
2014-11-20 11:00:00Z;-1,762274;0;1
2014-11-21 11:00:00Z;-1,773931;0;1
2014-11-22 11:00:00Z;-1,787622;0;1
2014-11-23 11:00:00Z;-1,802441;0;1
2014-11-24 11:00:00Z;-1,812007;0;1
2014-11-25 11:00:00Z;-1,807076;0;1
2014-11-26 11:00:00Z;-1,78666;0;1
2014-11-27 11:00:00Z;-1,779796;0;1
2014-11-28 11:00:00Z;-1,785278;0;1
2014-11-29 11:00:00Z;-1,794642;0;1
2014-11-30 11:00:00Z;-1,804838;0;1
2014-12-01 11:00:00Z;-1,817742;0;1
2014-12-02 11:00:00Z;-1,828767;0;1
2014-12-03 11:00:00Z;-1,758028;0;1
2014-12-04 11:00:00Z;-1,285698;0;1
2014-12-05 11:00:00Z;-1,127545;0;1
2014-12-06 11:00:00Z;-1,046239;0;1
2014-12-07 11:00:00Z;-0,97357;0;1
2014-12-08 11:00:00Z;-0,9116459;0;1
2014-12-09 11:00:00Z;-0,85692;0;1
2014-12-10 11:00:00Z;-0,8341418;0;1
2014-12-11 11:00:00Z;-0,8497694;0;1
2014-12-12 11:00:00Z;-0,8675619;0;1
2014-12-13 11:00:00Z;-0,8853542;0;1
2014-12-14 11:00:00Z;-0,9031466;0;1
2014-12-15 11:00:00Z;-0,9200022;0;1
2014-12-16 11:00:00Z;-0,9446909;0;1
2014-12-17 11:00:00Z;-0,9763186;0;1
2014-12-18 11:00:00Z;-1,010497;0;1
2014-12-19 11:00:00Z;-1,040749;0;1
2014-12-20 11:00:00Z;-1,061754;0;1
2014-12-21 11:00:00Z;-1,080368;0;1
2014-12-22 11:00:00Z;-1,099364;0;1
2014-12-23 11:00:00Z;-1,093772;0;1
2014-12-24 11:00:00Z;-1,097278;0;1
2014-12-25 11:00:00Z;-1,101462;0;1
2014-12-26 11:00:00Z;-1,104951;0;1
2014-12-27 11:00:00Z;-1,112434;0;1
2014-12-28 11:00:00Z;-1,119454;0;1
2014-12-29 11:00:00Z;-1,099542;0;1
2014-12-30 11:00:00Z;-0,8606222;0;1
2014-12-31 11:00:00Z;-0,1505094;0;1
2015-01-01 11:00:00Z;0,2070802;0;1
2015-01-02 11:00:00Z;0,04278306;0;1
2015-01-03 11:00:00Z;0,1835503;0;1
2015-01-04 11:00:00Z;0,1259067;0;1
2015-01-05 11:00:00Z;0,08335713;0;1
2015-01-06 11:00:00Z;0,05317708;0;1
2015-01-07 11:00:00Z;0,04104513;0;1
2015-01-08 11:00:00Z;0,04927431;0;1
2015-01-09 11:00:00Z;0,06733073;0;1
2015-01-10 11:00:00Z;0,05537411;0;1
2015-01-11 11:00:00Z;0,02790277;0;1
2015-01-12 11:00:00Z;0,0101632;0;1
2015-01-13 11:00:00Z;-0,004107639;0;1
2015-01-14 11:00:00Z;-0,01412153;0;1
2015-01-15 11:00:00Z;-0,02540972;0;1
2015-01-16 11:00:00Z;-0,04336458;0;1
2015-01-17 11:00:00Z;-0,05314237;0;1
2015-01-18 11:00:00Z;-0,05958335;0;1
2015-01-19 11:00:00Z;-0,06681597;0;1
2015-01-20 11:00:00Z;-0,09699307;0;1
2015-01-21 11:00:00Z;-0,1412371;0;1
2015-01-22 11:00:00Z;-0,1878878;0;1
2015-01-23 11:00:00Z;-0,2342865;0;1
2015-01-24 11:00:00Z;-0,2806232;0;1
2015-01-25 11:00:00Z;-0,3257293;0;1
2015-01-26 11:00:00Z;-0,3679757;0;1
2015-01-27 11:00:00Z;-0,3961145;0;1
2015-01-28 11:00:00Z;-0,3039896;0;1
2015-01-29 11:00:00Z;-0,1835695;0;1
2015-01-30 11:00:00Z;-0,1752361;0;1
2015-01-31 11:00:00Z;-0,1952465;0;1
2015-02-01 11:00:00Z;-0,2283229;0;1
2015-02-02 11:00:00Z;-0,264736;0;1
2015-02-03 11:00:00Z;-0,2994444;0;1
2015-02-04 11:00:00Z;-0,3406389;0;1
2015-02-05 11:00:00Z;-0,4974275;0;1
2015-02-06 11:00:00Z;-0,3395284;0;1
2015-02-07 11:00:00Z;-0,08606955;0;1
2015-02-08 11:00:00Z;0,05549164;0;1
2015-02-09 11:00:00Z;0,5133601;0;1
2015-02-10 11:00:00Z;0,4812778;0;1
2015-02-11 11:00:00Z;0,3236625;0;1
2015-02-12 11:00:00Z;0,2136256;0;1
2015-02-13 11:00:00Z;0,1329687;0;1
2015-02-14 11:00:00Z;0,08414237;0;1
2015-02-15 11:00:00Z;0,04788195;0;1
2015-02-16 11:00:00Z;0,02406257;0;1
2015-02-17 11:00:00Z;0,01022216;0;1
2015-02-18 11:00:00Z;0,008019676;0;1
2015-02-19 11:00:00Z;0,1343241;0;1
2015-02-20 11:00:00Z;0,1664722;0;1
2015-02-21 11:00:00Z;0,1115417;0;1
2015-02-22 11:00:00Z;0,07660416;0;1
2015-02-23 11:00:00Z;0,04818402;0;1
2015-02-24 11:00:00Z;-0,03070834;0;1
2015-02-25 11:00:00Z;0,006739582;0;1
2015-02-26 11:00:00Z;-0,03179166;0;1
2015-02-27 11:00:00Z;-0,06968582;0;1
2015-02-28 11:00:00Z;-0,1133003;0;1
2015-03-01 11:00:00Z;-0,1570649;0;1
2015-03-02 11:00:00Z;-0,2022685;0;1
2015-03-03 11:00:00Z;-0,2765822;0;1
2015-03-04 11:00:00Z;-0,3554581;0;1
2015-03-05 11:00:00Z;-0,4256819;0;1
2015-03-06 11:00:00Z;-0,4525143;0;1
2015-03-07 11:00:00Z;-0,4555275;0;1
2015-03-08 11:00:00Z;-0,3953528;0;1
2015-03-09 11:00:00Z;-0,3261089;0;1
2015-03-10 11:00:00Z;-0,302435;0;1
2015-03-11 11:00:00Z;-0,2901656;0;1
2015-03-12 11:00:00Z;-0,2987916;0;1
2015-03-13 11:00:00Z;-0,3375417;0;1
2015-03-14 11:00:00Z;-0,3922257;0;1
2015-03-15 11:00:00Z;-0,4517258;0;1
2015-03-16 11:00:00Z;-0,5145104;0;1
2015-03-17 11:00:00Z;-0,5802917;0;1
2015-03-18 11:00:00Z;-0,6467848;0;1
2015-03-19 11:00:00Z;-0,7072888;0;1
2015-03-20 11:00:00Z;-0,7466659;0;1
2015-03-21 11:00:00Z;-0,7988819;0;1
2015-03-22 11:00:00Z;-0,8517741;0;1
2015-03-23 11:00:00Z;-0,7457129;0;1
2015-03-24 11:00:00Z;-0,4781943;0;1
2015-03-25 11:00:00Z;-0,4137769;0;1
2015-03-26 11:00:00Z;-0,4089791;0;1
2015-03-27 11:00:00Z;-0,4302518;0;1
2015-03-28 11:00:00Z;-0,457872;0;1
2015-03-29 11:00:00Z;-0,493567;0;1
2015-03-30 11:00:00Z;-0,5290765;0;1
2015-03-31 11:00:00Z;-0,5698542;0;1
2015-04-01 11:00:00Z;-0,6133368;0;1
2015-04-02 11:00:00Z;-0,6441736;0;1
2015-04-03 11:00:00Z;-0,666923;0;1
2015-04-04 11:00:00Z;-0,6898931;0;1
2015-04-05 11:00:00Z;-0,7207094;0;1
2015-04-06 11:00:00Z;-0,7300764;0;1
2015-04-07 11:00:00Z;-0,6539117;0;1
2015-04-08 11:00:00Z;-0,576313;0;1
2015-04-09 11:00:00Z;-0,5583689;0;1
2015-04-10 11:00:00Z;-0,5264433;0;1
2015-04-11 11:00:00Z;-0,4462711;0;1
2015-04-12 11:00:00Z;-0,4025556;0;1
2015-04-13 11:00:00Z;-0,3644167;0;1
2015-04-14 11:00:00Z;-0,3721875;0;1
2015-04-15 11:00:00Z;-0,3180194;0;1
2015-04-16 11:00:00Z;-0,1438185;0;1
2015-04-17 11:00:00Z;0,04096296;0;1
2015-04-18 11:00:00Z;0,03297222;0;1
2015-04-19 11:00:00Z;0,00403912;0;1
2015-04-20 11:00:00Z;-0,04302176;0;1
2015-04-21 11:00:00Z;-0,1083403;0;1
2015-04-22 11:00:00Z;-0,1757951;0;1
2015-04-23 11:00:00Z;-0,1726131;0;1
2015-04-24 11:00:00Z;-0,1456716;0;1
2015-04-25 11:00:00Z;-0,1448832;0;1
2015-04-26 11:00:00Z;-0,1072279;0;1
2015-04-27 11:00:00Z;-0,0874419;0;1
2015-04-28 11:00:00Z;-0,1321796;0;1
2015-04-29 11:00:00Z;-0,1954201;0;1
2015-04-30 11:00:00Z;-0,2555347;0;1
2015-05-01 11:00:00Z;-0,2719965;0;1
2015-05-02 11:00:00Z;-0,2913368;0;1
2015-05-03 11:00:00Z;-0,3058612;0;1
2015-05-04 11:00:00Z;-0,3146008;0;1
2015-05-05 11:00:00Z;-0,3430521;0;1
2015-05-06 11:00:00Z;-0,3820556;0;1
2015-05-07 11:00:00Z;-0,3914931;0;1
2015-05-08 11:00:00Z;-0,4112992;0;1
2015-05-09 11:00:00Z;-0,4396245;0;1
2015-05-10 11:00:00Z;-0,474566;0;1
2015-05-11 11:00:00Z;-0,512;0;1
2015-05-12 11:00:00Z;-0,542434;0;1
2015-05-13 11:00:00Z;-0,5675603;0;1
2015-05-14 11:00:00Z;-0,5790197;0;1
2015-05-15 11:00:00Z;-0,5776283;0;1
2015-05-16 11:00:00Z;-0,5940832;0;1
2015-05-17 11:00:00Z;-0,6244444;0;1
2015-05-18 11:00:00Z;-0,6501562;0;1
2015-05-19 11:00:00Z;-0,6600835;0;1
2015-05-20 11:00:00Z;-0,6699721;0;1
2015-05-21 11:00:00Z;-0,6711074;0;1
2015-05-22 11:00:00Z;-0,6713997;0;1
2015-05-23 11:00:00Z;-0,6495799;0;1
2015-05-24 11:00:00Z;-0,5937459;0;1
2015-05-25 11:00:00Z;-0,5642575;0;1
2015-05-26 11:00:00Z;-0,5525417;0;1
2015-05-27 11:00:00Z;-0,55;0;1
2015-05-28 11:00:00Z;-0,5495834;0;1
2015-05-29 11:00:00Z;-0,5540581;0;1
2015-05-30 11:00:00Z;-0,5587761;0;1
2015-05-31 11:00:00Z;-0,5722526;0;1
2015-06-01 11:00:00Z;-0,5770972;0;1
2015-06-02 11:00:00Z;-0,5027083;0;1
2015-06-03 11:00:00Z;-0,4736722;0;1
2015-06-04 11:00:00Z;-0,3278516;0;1
2015-06-05 11:00:00Z;-0,0952227;0;1
2015-06-06 11:00:00Z;0,006229109;0;1
2015-06-07 11:00:00Z;0,03497917;0;1
2015-06-08 11:00:00Z;0,03774652;0;1
2015-06-09 11:00:00Z;0,02609028;0;1
2015-06-10 11:00:00Z;0,06976736;0;1
2015-06-11 11:00:00Z;0,1255376;0;1
2015-06-12 11:00:00Z;0,2362263;0;1
2015-06-13 11:00:00Z;0,2201563;0;1
2015-06-14 11:00:00Z;0,1410868;0;1
2015-06-15 11:00:00Z;0,1144618;0;1
2015-06-16 11:00:00Z;0,1609028;0;1
2015-06-17 11:00:00Z;0,1258056;0;1
2015-06-18 11:00:00Z;0,09169099;0;1
2015-06-19 11:00:00Z;0,06674653;0;1
2015-06-20 11:00:00Z;0,04795833;0;1
2015-06-21 11:00:00Z;0,03422222;0;1
2015-06-22 11:00:00Z;0,01681945;0;1
2015-06-23 11:00:00Z;-0,02048264;0;1
2015-06-24 11:00:00Z;-0,05445486;0;1
2015-06-25 11:00:00Z;-0,1035764;0;1
2015-06-26 11:00:00Z;-0,1581898;0;1
2015-06-27 11:00:00Z;-0,2485081;0;1
2015-06-28 11:00:00Z;-0,3439424;0;1
2015-06-29 11:00:00Z;-0,4383874;0;1
2015-06-30 11:00:00Z;-0,5221944;0;1
2015-07-01 11:00:00Z;-0,5831355;0;1
2015-07-02 11:00:00Z;-0,6051597;0;1
2015-07-03 11:00:00Z;-0,6382036;0;1
2015-07-04 11:00:00Z;-0,6690744;0;1
2015-07-05 11:00:00Z;-0,6954374;0;1
2015-07-06 11:00:00Z;-0,7338578;0;1
2015-07-07 11:00:00Z;-0,742382;0;1
2015-07-08 11:00:00Z;-0,7451875;0;1
2015-07-09 11:00:00Z;-0,7769201;0;1
2015-07-10 11:00:00Z;-0,8047289;0;1
2015-07-11 11:00:00Z;-0,823698;0;1
2015-07-12 11:00:00Z;-0,8547648;0;1
2015-07-13 11:00:00Z;-0,8967108;0;1
2015-07-14 11:00:00Z;-0,94133;0;1
2015-07-15 11:00:00Z;-0,9874063;0;1
2015-07-16 11:00:00Z;-1,019952;0;1
2015-07-17 11:00:00Z;-1,042795;0;1
2015-07-18 11:00:00Z;-1,07609;0;1
2015-07-19 11:00:00Z;-1,110555;0;1
2015-07-20 11:00:00Z;-1,14799;0;1
2015-07-21 11:00:00Z;-1,185003;0;1
2015-07-22 11:00:00Z;-1,226745;0;1
2015-07-23 11:00:00Z;-1,265726;0;1
2015-07-24 11:00:00Z;-1,301911;0;1
2015-07-25 11:00:00Z;-1,339354;0;1
2015-07-26 11:00:00Z;-1,376552;0;1
2015-07-27 11:00:00Z;-1,392705;0;1
2015-07-28 11:00:00Z;-1,387135;0;1
2015-07-29 11:00:00Z;-1,390004;0;1
2015-07-30 11:00:00Z;-1,400187;0;1
2015-07-31 11:00:00Z;-1,400417;0;1
2015-08-01 11:00:00Z;-1,400289;0;1
2015-08-02 11:00:00Z;-1,403176;0;1
2015-08-03 11:00:00Z;-1,411361;0;1
2015-08-04 11:00:00Z;-1,420927;0;1
2015-08-05 11:00:00Z;-1,43;0;1
2015-08-06 11:00:00Z;-1,425347;0;1
2015-08-07 11:00:00Z;-1,420416;0;1
2015-08-08 11:00:00Z;-1,420416;0;1
2015-08-09 11:00:00Z;-1,426271;0;1
2015-08-10 11:00:00Z;-1,433757;0;1
2015-08-11 11:00:00Z;-1,438736;0;1
2015-08-12 11:00:00Z;-1,39182;0;1
2015-08-13 11:00:00Z;-1,343056;0;1
2015-08-14 11:00:00Z;-1,324153;0;1
2015-08-15 11:00:00Z;-1,340601;0;1
2015-08-16 11:00:00Z;-1,373494;0;1
2015-08-17 11:00:00Z;-1,4076;0;1
2015-08-18 11:00:00Z;-1,438676;0;1
2015-08-19 11:00:00Z;-1,475428;0;1
2015-08-20 11:00:00Z;-1,510217;0;1
2015-08-21 11:00:00Z;-1,543667;0;1
2015-08-22 11:00:00Z;-1,579271;0;1
2015-08-23 11:00:00Z;-1,614403;0;1
2015-08-24 11:00:00Z;-1,642688;0;1
2015-08-25 11:00:00Z;-1,664349;0;1
2015-08-26 11:00:00Z;-1,682435;0;1
2015-08-27 11:00:00Z;-1,698489;0;1
2015-08-28 11:00:00Z;-1,62566;0;1
2015-08-29 11:00:00Z;-1,439035;0;1
2015-08-30 11:00:00Z;-1,288899;0;1
2015-08-31 11:00:00Z;-1,263055;0;1
2015-09-01 11:00:00Z;-1,281899;0;1
2015-09-02 11:00:00Z;-1,315246;0;1
2015-09-03 11:00:00Z;-1,356858;0;1
2015-09-04 11:00:00Z;-1,403122;0;1
2015-09-05 11:00:00Z;-1,445027;0;1
2015-09-06 11:00:00Z;-1,487924;0;1
2015-09-07 11:00:00Z;-1,52498;0;1
2015-09-08 11:00:00Z;-1,521309;0;1
2015-09-09 11:00:00Z;-1,514903;0;1
2015-09-10 11:00:00Z;-1,541903;0;1
2015-09-11 11:00:00Z;-1,579285;0;1
2015-09-12 11:00:00Z;-1,619237;0;1
2015-09-13 11:00:00Z;-1,67072;0;1
2015-09-14 11:00:00Z;-1,714743;0;1
2015-09-15 11:00:00Z;-1,747628;0;1
2015-09-16 11:00:00Z;-1,795372;0;1
2015-09-17 11:00:00Z;-1,83016;0;1
2015-09-18 11:00:00Z;-1,857962;0;1
2015-09-19 11:00:00Z;-1,794878;0;1
2015-09-20 11:00:00Z;-1,557434;0;1
2015-09-21 11:00:00Z;-1,43598;0;1
2015-09-22 11:00:00Z;-1,43225;0;1
2015-09-23 11:00:00Z;-1,440979;0;1
2015-09-24 11:00:00Z;-1,455687;0;1
2015-09-25 11:00:00Z;-1,420674;0;1
2015-09-26 11:00:00Z;-1,268564;0;1
2015-09-27 11:00:00Z;-0,9740121;0;1
2015-09-28 11:00:00Z;-0,8479978;0;1
2015-09-29 11:00:00Z;-0,8392593;0;1
2015-09-30 11:00:00Z;-0,8264528;0;1
2015-10-01 11:00:00Z;-0,5938525;0;1
2015-10-02 11:00:00Z;0,2266595;0;1
2015-10-03 11:00:00Z;0,3262813;0;1
2015-10-04 11:00:00Z;0,2437703;0;1
2015-10-05 11:00:00Z;0,1893894;0;1
2015-10-06 11:00:00Z;0,1405938;0;1
2015-10-07 11:00:00Z;0,1060174;0;1
2015-10-08 11:00:00Z;0,08674307;0;1
2015-10-09 11:00:00Z;0,07550693;0;1
2015-10-10 11:00:00Z;0,06510416;0;1
2015-10-11 11:00:00Z;0,05999999;0;1
2015-10-12 11:00:00Z;0,05284253;0;1
2015-10-13 11:00:00Z;0,02394566;0;1
2015-10-14 11:00:00Z;-0,004069444;0;1
2015-10-15 11:00:00Z;-0,03653125;0;1
2015-10-16 11:00:00Z;-0,06445486;0;1
2015-10-17 11:00:00Z;-0,1130799;0;1
2015-10-18 11:00:00Z;-0,167362;0;1
2015-10-19 11:00:00Z;-0,2268456;0;1
2015-10-20 11:00:00Z;-0,2875817;0;1
2015-10-21 11:00:00Z;-0,3438806;0;1
2015-10-22 11:00:00Z;-0,3598861;0;1
2015-10-23 11:00:00Z;-0,3283406;0;1
2015-10-24 11:00:00Z;-0,3079818;0;1
2015-10-25 11:00:00Z;-0,326581;0;1
2015-10-26 11:00:00Z;-0,2870127;0;1
2015-10-27 11:00:00Z;-0,2200998;0;1
2015-10-28 11:00:00Z;-0,2151258;0;1
2015-10-29 11:00:00Z;-0,2546563;0;1
2015-10-30 11:00:00Z;-0,3137466;0;1
2015-10-31 11:00:00Z;-0,3898854;0;1
2015-11-01 11:00:00Z;-0,4231437;0;1
2015-11-02 11:00:00Z;-0,1464218;0;1
2015-11-03 11:00:00Z;0,2785481;0;1
2015-11-04 11:00:00Z;0,3055278;0;1
2015-11-05 11:00:00Z;0,2414681;0;1
2015-11-06 11:00:00Z;0,1748201;0;1
2015-11-07 11:00:00Z;0,1402395;0;1
2015-11-08 11:00:00Z;0,1260948;0;1
2015-11-09 11:00:00Z;0,114617;0;1
2015-11-10 11:00:00Z;0,1117326;0;1
2015-11-11 11:00:00Z;0,173785;0;1
2015-11-12 11:00:00Z;0,2646177;0;1
2015-11-13 11:00:00Z;0,2406804;0;1
2015-11-14 11:00:00Z;0,1774056;0;1
2015-11-15 11:00:00Z;0,1301537;0;1
2015-11-16 11:00:00Z;0,1013611;0;1
2015-11-17 11:00:00Z;0,0907014;0;1
2015-11-18 11:00:00Z;0,07487498;0;1
2015-11-19 11:00:00Z;0,0657717;0;1
2015-11-20 11:00:00Z;0,04399566;0;1
2015-11-21 11:00:00Z;0,02450695;0;1
2015-11-22 11:00:00Z;0,0023125;0;1
2015-11-23 11:00:00Z;-0,01287014;0;1
2015-11-24 11:00:00Z;-0,02704305;0;1
2015-11-25 11:00:00Z;-0,04413882;0;1
2015-11-26 11:00:00Z;0,01732992;0;1
2015-11-27 11:00:00Z;0,276795;0;1
2015-11-28 11:00:00Z;0,3582729;0;1
2015-11-29 11:00:00Z;0,2329771;0;1
2015-11-30 11:00:00Z;0,1640671;0;1
2015-12-01 11:00:00Z;0,134103;0;1
2015-12-02 11:00:00Z;0,1194896;0;1
2015-12-03 11:00:00Z;0,1473889;0;1
2015-12-04 11:00:00Z;0,1498229;0;1
2015-12-05 11:00:00Z;0,1337361;0;1
2015-12-06 11:00:00Z;0,1690827;0;1
2015-12-07 11:00:00Z;0,2726311;0;1
2015-12-08 11:00:00Z;0,2456334;0;1
2015-12-09 11:00:00Z;0,197066;0;1
2015-12-10 11:00:00Z;0,2052118;0;1
2015-12-11 11:00:00Z;0,1906414;0;1
2015-12-12 11:00:00Z;0,2166169;0;1
2015-12-13 11:00:00Z;0,1931306;0;1
2015-12-14 11:00:00Z;0,1580731;0;1
2015-12-15 11:00:00Z;0,1633085;0;1
2015-12-16 11:00:00Z;0,1794129;0;1
2015-12-17 11:00:00Z;0,1955172;0;1
2015-12-18 11:00:00Z;0,2126955;0;1
2015-12-19 11:00:00Z;0,2807116;0;1
2015-12-20 11:00:00Z;0,2556458;0;1
2015-12-21 11:00:00Z;0,2727326;0;1
2015-12-22 11:00:00Z;0,3181667;0;1
2015-12-23 11:00:00Z;0,2576071;0;1
2015-12-24 11:00:00Z;0,1992852;0;1
2015-12-25 11:00:00Z;0,166232;0;1
2015-12-26 11:00:00Z;0,1808294;0;1
2015-12-27 11:00:00Z;0,1518324;0;1
2015-12-28 11:00:00Z;0,1176766;0;1
2015-12-29 11:00:00Z;0,09905902;0;1
2015-12-30 11:00:00Z;0,08770075;0;1
2015-12-31 11:00:00Z;0,08377056;0;1
2016-01-01 11:00:00Z;0,08028758;0;1
2016-01-02 11:00:00Z;0,08141723;0;1
2016-01-03 11:00:00Z;0,03909729;0;1
2016-01-04 11:00:00Z;0,007885415;0;1
2016-01-05 11:00:00Z;-0,02803125;0;1
2016-01-06 11:00:00Z;-0,06619445;0;1
2016-01-07 11:00:00Z;-0,1027812;0;1
2016-01-08 11:00:00Z;-0,1410521;0;1
2016-01-09 11:00:00Z;-0,1780729;0;1
2016-01-10 11:00:00Z;-0,2126736;0;1
2016-01-11 11:00:00Z;-0,2525382;0;1
2016-01-12 11:00:00Z;-0,2857958;0;1
2016-01-13 11:00:00Z;-0,3217111;0;1
2016-01-14 11:00:00Z;-0,3606875;0;1
2016-01-15 11:00:00Z;-0,3961819;0;1
2016-01-16 11:00:00Z;-0,4273935;0;1
2016-01-17 11:00:00Z;-0,4523136;0;1
2016-01-18 11:00:00Z;-0,4773123;0;1
2016-01-19 11:00:00Z;-0,5012326;0;1
2016-01-20 11:00:00Z;-0,5136925;0;1
2016-01-21 11:00:00Z;-0,5395055;0;1
2016-01-22 11:00:00Z;-0,5735382;0;1
2016-01-23 11:00:00Z;-0,606389;0;1
2016-01-24 11:00:00Z;-0,6411874;0;1
2016-01-25 11:00:00Z;-0,6719862;0;1
2016-01-26 11:00:00Z;-0,6917536;0;1
2016-01-27 11:00:00Z;-0,692764;0;1
2016-01-28 11:00:00Z;-0,6665347;0;1
2016-01-29 11:00:00Z;-0,6511666;0;1
2016-01-30 11:00:00Z;-0,6399375;0;1
2016-01-31 11:00:00Z;-0,6261387;0;1
2016-02-01 11:00:00Z;-0,6557299;0;1
2016-02-02 11:00:00Z;-0,7049692;0;1
2016-02-03 11:00:00Z;-0,7561363;0;1
2016-02-04 11:00:00Z;-0,7968804;0;1
2016-02-05 11:00:00Z;-0,8311667;0;1
2016-02-06 11:00:00Z;-0,8433403;0;1
2016-02-07 11:00:00Z;-0,8508333;0;1
2016-02-08 11:00:00Z;-0,8305634;0;1
2016-02-09 11:00:00Z;-0,8074989;0;1
2016-02-10 11:00:00Z;-0,8028401;0;1
2016-02-11 11:00:00Z;-0,8077326;0;1
2016-02-12 11:00:00Z;-0,8169237;0;1
2016-02-13 11:00:00Z;-0,8352224;0;1
2016-02-14 11:00:00Z;-0,8536486;0;1
2016-02-15 11:00:00Z;-0,8686256;0;1
2016-02-16 11:00:00Z;-0,8851504;0;1
2016-02-17 11:00:00Z;-0,90745;0;1
2016-02-18 11:00:00Z;-0,9325774;0;1
2016-02-19 11:00:00Z;-0,9573565;0;1
2016-02-20 11:00:00Z;-0,9812674;0;1
2016-02-21 11:00:00Z;-1,003517;0;1
2016-02-22 11:00:00Z;-1,030966;0;1
2016-02-23 11:00:00Z;-1,052662;0;1
2016-02-24 11:00:00Z;-1,067243;0;1
2016-02-25 11:00:00Z;-1,069167;0;1
2016-02-26 11:00:00Z;-1,070951;0;1
2016-02-27 11:00:00Z;-1,081237;0;1
2016-02-28 11:00:00Z;-1,092072;0;1
2016-02-29 11:00:00Z;-1,103926;0;1
2016-03-01 11:00:00Z;-1,125508;0;1
2016-03-02 11:00:00Z;-1,151382;0;1
2016-03-03 11:00:00Z;-1,194729;0;1
2016-03-04 11:00:00Z;-1,239229;0;1
2016-03-05 11:00:00Z;-1,281173;0;1
2016-03-06 11:00:00Z;-1,323555;0;1
2016-03-07 11:00:00Z;-1,367126;0;1
2016-03-08 11:00:00Z;-1,413942;0;1
2016-03-09 11:00:00Z;-1,464666;0;1
2016-03-10 11:00:00Z;-1,512198;0;1
2016-03-11 11:00:00Z;-1,559548;0;1
2016-03-12 11:00:00Z;-1,606972;0;1
2016-03-13 11:00:00Z;-1,644677;0;1
2016-03-14 11:00:00Z;-1,454977;0;1
2016-03-15 11:00:00Z;-1,000964;0;1
2016-03-16 11:00:00Z;-0,8018566;0;1
2016-03-17 11:00:00Z;-0,6850892;0;1
2016-03-18 11:00:00Z;-0,4942868;0;1
2016-03-19 11:00:00Z;-0,3671215;0;1
2016-03-20 11:00:00Z;-0,1855012;0;1
2016-03-21 11:00:00Z;0,09571482;0;1
2016-03-22 11:00:00Z;0,1955642;0;1
2016-03-23 11:00:00Z;0,2160972;0;1
2016-03-24 11:00:00Z;0,1833401;0;1
2016-03-25 11:00:00Z;0,1523926;0;1
2016-03-26 11:00:00Z;0,1479122;0;1
2016-03-27 11:00:00Z;0,1576296;0;1
2016-03-28 11:00:00Z;0,211031;0;1
2016-03-29 11:00:00Z;0,2279306;0;1
2016-03-30 11:00:00Z;0,2613576;0;1
2016-03-31 11:00:00Z;0,2204028;0;1
2016-04-01 11:00:00Z;0,188643;0;1
2016-04-02 11:00:00Z;0,1737554;0;1
2016-04-03 11:00:00Z;0,2061051;0;1
2016-04-04 11:00:00Z;0,22;0;1
2016-04-05 11:00:00Z;0,2200835;0;1
2016-04-06 11:00:00Z;0,2207498;0;1
2016-04-07 11:00:00Z;0,2145695;0;1
2016-04-08 11:00:00Z;0,2175454;0;1
2016-04-09 11:00:00Z;0,2049442;0;1
2016-04-10 11:00:00Z;0,1870972;0;1
2016-04-11 11:00:00Z;0,1698507;0;1
2016-04-12 11:00:00Z;0,1560868;0;1
2016-04-13 11:00:00Z;0,1467291;0;1
2016-04-14 11:00:00Z;0,1319548;0;1
2016-04-15 11:00:00Z;0,104375;0;1
2016-04-16 11:00:00Z;0,0951111;0;1
2016-04-17 11:00:00Z;0,09063201;0;1
2016-04-18 11:00:00Z;0,09804855;0;1
2016-04-19 11:00:00Z;0,1192778;0;1
2016-04-20 11:00:00Z;0,1241166;0;1
2016-04-21 11:00:00Z;0,1501516;0;1
2016-04-22 11:00:00Z;0,183197;0;1
2016-04-23 11:00:00Z;0,1784167;0;1
2016-04-24 11:00:00Z;0,1429444;0;1
2016-04-25 11:00:00Z;0,1115347;0;1
2016-04-26 11:00:00Z;0,08758333;0;1
2016-04-27 11:00:00Z;0,07082759;0;1
2016-04-28 11:00:00Z;0,07623838;0;1
2016-04-29 11:00:00Z;0,102138;0;1
2016-04-30 11:00:00Z;0,1317743;0;1
2016-05-01 11:00:00Z;0,1333516;0;1
2016-05-02 11:00:00Z;0,1204097;0;1
2016-05-03 11:00:00Z;0,08524305;0;1
2016-05-04 11:00:00Z;0,054;0;1
2016-05-05 11:00:00Z;0,01072222;0;1
2016-05-06 11:00:00Z;-0,03924305;0;1
2016-05-07 11:00:00Z;-0,09206943;0;1
2016-05-08 11:00:00Z;-0,1473924;0;1
2016-05-09 11:00:00Z;-0,205707;0;1
2016-05-10 11:00:00Z;-0,257498;0;1
2016-05-11 11:00:00Z;-0,2802153;0;1
2016-05-12 11:00:00Z;-0,3080691;0;1
2016-05-13 11:00:00Z;-0,3264855;0;1
2016-05-14 11:00:00Z;-0,3337369;0;1
2016-05-15 11:00:00Z;-0,3226216;0;1
2016-05-16 11:00:00Z;-0,3236076;0;1
2016-05-17 11:00:00Z;-0,3323438;0;1
2016-05-18 11:00:00Z;-0,3507326;0;1
2016-05-19 11:00:00Z;-0,3892534;0;1
2016-05-20 11:00:00Z;-0,4300277;0;1
2016-05-21 11:00:00Z;-0,4739203;0;1
2016-05-22 11:00:00Z;-0,5182359;0;1
2016-05-23 11:00:00Z;-0,5671041;0;1
2016-05-24 11:00:00Z;-0,6127036;0;1
2016-05-25 11:00:00Z;-0,653338;0;1
2016-05-26 11:00:00Z;-0,6982743;0;1
2016-05-27 11:00:00Z;-0,7455486;0;1
2016-05-28 11:00:00Z;-0,7899897;0;1
2016-05-29 11:00:00Z;-0,8125729;0;1
2016-05-30 11:00:00Z;-0,8305451;0;1
2016-05-31 11:00:00Z;-0,8459569;0;1
2016-06-01 11:00:00Z;-0,861661;0;1
2016-06-02 11:00:00Z;-0,8733474;0;1
2016-06-03 11:00:00Z;-0,8916736;0;1
2016-06-04 11:00:00Z;-0,9091423;0;1
2016-06-05 11:00:00Z;-0,9261875;0;1
2016-06-06 11:00:00Z;-0,9437014;0;1
2016-06-07 11:00:00Z;-0,9615485;0;1
2016-06-08 11:00:00Z;-0,9773286;0;1
2016-06-09 11:00:00Z;-0,989617;0;1
2016-06-10 11:00:00Z;-1,000725;0;1
2016-06-11 11:00:00Z;-1,007038;0;1
2016-06-12 11:00:00Z;-1,023611;0;1
2016-06-13 11:00:00Z;-1,038441;0;1
2016-06-14 11:00:00Z;-1,054;0;1
2016-06-15 11:00:00Z;-1,071299;0;1
2016-06-16 11:00:00Z;-1,087934;0;1
2016-06-17 11:00:00Z;-1,108729;0;1
2016-06-18 11:00:00Z;-1,123522;0;1
2016-06-19 11:00:00Z;-1,117612;0;1
2016-06-20 11:00:00Z;-1,100141;0;1
2016-06-21 11:00:00Z;-1,119861;0;1
2016-06-22 11:00:00Z;-1,143292;0;1
2016-06-23 11:00:00Z;-1,171153;0;1
2016-06-24 11:00:00Z;-1,190424;0;1
2016-06-25 11:00:00Z;-1,205653;0;1
2016-06-26 11:00:00Z;-1,232632;0;1
2016-06-27 11:00:00Z;-1,268222;0;1
2016-06-28 11:00:00Z;-1,333135;0;1
2016-06-29 11:00:00Z;-1,399312;0;1
2016-06-30 11:00:00Z;-1,466614;0;1
2016-07-01 11:00:00Z;-1,528705;0;1
2016-07-02 11:00:00Z;-1,598503;0;1
2016-07-03 11:00:00Z;-1,653937;0;1
2016-07-04 11:00:00Z;-1,710052;0;1
2016-07-05 11:00:00Z;-1,772045;0;1
2016-07-06 11:00:00Z;-1,829448;0;1
2016-07-07 11:00:00Z;-1,885309;0;1
2016-07-08 11:00:00Z;-1,914865;0;1
2016-07-09 11:00:00Z;-1,923615;0;1
2016-07-10 11:00:00Z;-1,923479;0;1
2016-07-11 11:00:00Z;-1,9265;0;1
2016-07-12 11:00:00Z;-1,942135;0;1
2016-07-13 11:00:00Z;-1,951049;0;1
2016-07-14 11:00:00Z;-1,959584;0;1
2016-07-15 11:00:00Z;-1,969959;0;1
2016-07-16 11:00:00Z;-1,982081;0;1
2016-07-17 11:00:00Z;-1,986832;0;1
2016-07-18 11:00:00Z;-1,989583;0;1
2016-07-19 11:00:00Z;-1,984157;0;1
2016-07-20 11:00:00Z;-1,985413;0;1
2016-07-21 11:00:00Z;-1,987076;0;1
2016-07-22 11:00:00Z;-1,999254;0;1
2016-07-23 11:00:00Z;-2,007264;0;1
2016-07-24 11:00:00Z;-2,040979;0;1
2016-07-25 11:00:00Z;-2,068813;0;1
2016-07-26 11:00:00Z;-2,100847;0;1
2016-07-27 11:00:00Z;-2,116305;0;1
2016-07-28 11:00:00Z;-2,147466;0;1
2016-07-29 11:00:00Z;-2,166187;0;1
2016-07-30 11:00:00Z;-2,193254;0;1
2016-07-31 11:00:00Z;-2,210718;0;1
2016-08-01 11:00:00Z;-2,233528;0;1
2016-08-02 11:00:00Z;-2,228271;0;1
2016-08-03 11:00:00Z;-2,182188;0;1
2016-08-04 11:00:00Z;-2,157875;0;1
2016-08-05 11:00:00Z;-2,147511;0;1
2016-08-06 11:00:00Z;-2,169698;0;1
2016-08-07 11:00:00Z;-2,183687;0;1
2016-08-08 11:00:00Z;-2,131976;0;1
2016-08-09 11:00:00Z;-2,110399;0;1
2016-08-10 11:00:00Z;-2,079628;0;1
2016-08-11 11:00:00Z;-1,974732;0;1
2016-08-12 11:00:00Z;-1,79007;0;1
2016-08-13 11:00:00Z;-1,77;0;1
2016-08-14 11:00:00Z;-1,739431;0;1
2016-08-15 11:00:00Z;-1,748299;0;1
2016-08-16 11:00:00Z;-1,75332;0;1
2016-08-17 11:00:00Z;-1,773198;0;1
2016-08-18 11:00:00Z;-1,812291;0;1
2016-08-19 11:00:00Z;-1,878817;0;1
2016-08-20 11:00:00Z;-1,946083;0;1
2016-08-21 11:00:00Z;-1,998958;0;1
2016-08-22 11:00:00Z;-2,0405;0;1
2016-08-23 11:00:00Z;-2,052097;0;1
2016-08-24 11:00:00Z;-2,108695;0;1
2016-08-25 11:00:00Z;-2,14746;0;1
2016-08-26 11:00:00Z;-2,175304;0;1
2016-08-27 11:00:00Z;-2,111524;0;1
2016-08-28 11:00:00Z;-2,051801;0;1
2016-08-29 11:00:00Z;-2,035748;0;1
2016-08-30 11:00:00Z;-2,041562;0;1
2016-08-31 11:00:00Z;-1,918394;0;1
2016-09-01 11:00:00Z;-1,782863;0;1
2016-09-02 11:00:00Z;-1,607675;0;1
2016-09-03 11:00:00Z;-1,519658;0;1
2016-09-04 11:00:00Z;-1,484654;0;1
2016-09-05 11:00:00Z;-1,443295;0;1
2016-09-06 11:00:00Z;-1,442087;0;1
2016-09-07 11:00:00Z;-1,433976;0;1
2016-09-08 11:00:00Z;-1,43309;0;1
2016-09-09 11:00:00Z;-1,446673;0;1
2016-09-10 11:00:00Z;-1,450301;0;1
2016-09-11 11:00:00Z;-1,449196;0;1
2016-09-12 11:00:00Z;-1,421548;0;1
2016-09-13 11:00:00Z;-1,430615;0;1
2016-09-14 11:00:00Z;-1,453604;0;1
2016-09-15 11:00:00Z;-1,47305;0;1
2016-09-16 11:00:00Z;-1,498402;0;1
2016-09-17 11:00:00Z;-1,528854;0;1
2016-09-18 11:00:00Z;-1,561319;0;1
2016-09-19 11:00:00Z;-1,594587;0;1
2016-09-20 11:00:00Z;-1,627042;0;1
2016-09-21 11:00:00Z;-1,661139;0;1
2016-09-22 11:00:00Z;-1,696566;0;1
2016-09-23 11:00:00Z;-1,729737;0;1
2016-09-24 11:00:00Z;-1,763948;0;1
2016-09-25 11:00:00Z;-1,793591;0;1
2016-09-26 11:00:00Z;-1,827087;0;1
2016-09-27 11:00:00Z;-1,860896;0;1
2016-09-28 11:00:00Z;-1,892099;0;1
2016-09-29 11:00:00Z;-1,893479;0;1
2016-09-30 11:00:00Z;-1,847747;0;1
2016-10-01 11:00:00Z;-1,736104;0;1
2016-10-02 11:00:00Z;-1,619042;0;1
2016-10-03 11:00:00Z;-1,563958;0;1
2016-10-04 11:00:00Z;-1,567459;0;1
2016-10-05 11:00:00Z;-1,588676;0;1
2016-10-06 11:00:00Z;-1,612555;0;1
2016-10-07 11:00:00Z;-1,640427;0;1
2016-10-08 11:00:00Z;-1,671205;0;1
2016-10-09 11:00:00Z;-1,70326;0;1
2016-10-10 11:00:00Z;-1,740386;0;1
2016-10-11 11:00:00Z;-1,776076;0;1
2016-10-12 11:00:00Z;-1,80901;0;1
2016-10-13 11:00:00Z;-1,843899;0;1
2016-10-14 11:00:00Z;-1,878469;0;1
2016-10-15 11:00:00Z;-1,915521;0;1
2016-10-16 11:00:00Z;-1,954173;0;1
2016-10-17 11:00:00Z;-1,992977;0;1
2016-10-18 11:00:00Z;-2,030662;0;1
2016-10-19 11:00:00Z;-2,064886;0;1
2016-10-20 11:00:00Z;-2,096975;0;1
2016-10-21 11:00:00Z;-2,134309;0;1
2016-10-22 11:00:00Z;-2,168773;0;1
2016-10-23 11:00:00Z;-2,205454;0;1
2016-10-24 11:00:00Z;-2,241245;0;1
2016-10-25 11:00:00Z;-2,274958;0;1
2016-10-26 11:00:00Z;-2,30408;0;1
2016-10-27 11:00:00Z;-2,326348;0;1
2016-10-28 11:00:00Z;-2,317935;0;1
2016-10-29 11:00:00Z;-2,164492;0;1
2016-10-30 11:00:00Z;-1,868481;0;1
2016-10-31 11:00:00Z;-1,665918;0;1
2016-11-01 11:00:00Z;-1,509501;0;1
2016-11-02 11:00:00Z;-1,477448;0;1
2016-11-03 11:00:00Z;-1,480861;0;1
2016-11-04 11:00:00Z;-1,498267;0;1
2016-11-05 11:00:00Z;-1,528236;0;1
2016-11-06 11:00:00Z;-1,565921;0;1
2016-11-07 11:00:00Z;-1,604358;0;1
2016-11-08 11:00:00Z;-1,640889;0;1
2016-11-09 11:00:00Z;-1,682379;0;1
2016-11-10 11:00:00Z;-1,723698;0;1
2016-11-11 11:00:00Z;-1,762785;0;1
2016-11-12 11:00:00Z;-1,797306;0;1
2016-11-13 11:00:00Z;-1,834497;0;1
2016-11-14 11:00:00Z;-1,855618;0;1
2016-11-15 11:00:00Z;-1,800121;0;1
2016-11-16 11:00:00Z;-1,67566;0;1
2016-11-17 11:00:00Z;-1,626284;0;1
2016-11-18 11:00:00Z;-1,624092;0;1
2016-11-19 11:00:00Z;-1,643487;0;1
2016-11-20 11:00:00Z;-1,672229;0;1
2016-11-21 11:00:00Z;-1,702059;0;1
2016-11-22 11:00:00Z;-1,7324;0;1
2016-11-23 11:00:00Z;-1,763618;0;1
2016-11-24 11:00:00Z;-1,793917;0;1
2016-11-25 11:00:00Z;-1,595013;0;1
2016-11-26 11:00:00Z;-1,006893;0;1
2016-11-27 11:00:00Z;-0,7792569;0;1
2016-11-28 11:00:00Z;-0,7268852;0;1
2016-11-29 11:00:00Z;-0,549087;0;1
2016-11-30 11:00:00Z;-0,4195243;0;1
2016-12-01 11:00:00Z;-0,3704723;0;1
2016-12-02 11:00:00Z;-0,3517569;0;1
2016-12-03 11:00:00Z;-0,3322014;0;1
2016-12-04 11:00:00Z;-0,3155521;0;1
2016-12-05 11:00:00Z;-0,3021667;0;1
2016-12-06 11:00:00Z;-0,2874964;0;1
2016-12-07 11:00:00Z;-0,2727431;0;1
2016-12-08 11:00:00Z;-0,2563889;0;1
2016-12-09 11:00:00Z;-0,2415486;0;1
2016-12-10 11:00:00Z;-0,2247501;0;1
2016-12-11 11:00:00Z;-0,2066042;0;1
2016-12-12 11:00:00Z;-0,1931145;0;1
2016-12-13 11:00:00Z;-0,1783403;0;1
2016-12-14 11:00:00Z;-0,1625417;0;1
2016-12-15 11:00:00Z;-0,143993;0;1
2016-12-16 11:00:00Z;-0,1275972;0;1
2016-12-17 11:00:00Z;-0,1131875;0;1
2016-12-18 11:00:00Z;-0,1009931;0;1
2016-12-19 11:00:00Z;-0,08372658;0;1
2016-12-20 11:00:00Z;-0,06449912;0;1
2016-12-21 11:00:00Z;-0,04565973;0;1
2016-12-22 11:00:00Z;-0,02902777;0;1
2016-12-23 11:00:00Z;-0,01452778;0;1
2016-12-24 11:00:00Z;-0,00034375;0;1
2016-12-25 11:00:00Z;0,0141875;0;1
2016-12-26 11:00:00Z;0,03001042;0;1
2016-12-27 11:00:00Z;0,04415277;0;1
2016-12-28 11:00:00Z;0,05828124;0;1
2016-12-29 11:00:00Z;0,07454168;0;1
2016-12-30 11:00:00Z;0,09554862;0;1
2016-12-31 11:00:00Z;0,1132569;0;1
2017-01-01 11:00:00Z;0,1299991;0;1
2017-01-02 11:00:00Z;0,08117107;0;1
2017-01-03 11:00:00Z;0,04231111;0;1
2017-01-04 11:00:00Z;0,00151875;0;1
2017-01-05 11:00:00Z;-0,03095833;0;1
2017-01-06 11:00:00Z;-0,04817361;0;1
2017-01-07 11:00:00Z;-0,04392657;0;1
2017-01-08 11:00:00Z;-0,02370191;0;1
2017-01-09 11:00:00Z;0,02874311;0;1
2017-01-10 11:00:00Z;0,05833071;0;1
2017-01-11 11:00:00Z;0,04029908;0;1
2017-01-12 11:00:00Z;0,02385626;0;1
2017-01-13 11:00:00Z;0,002350694;0;1
2017-01-14 11:00:00Z;0,002086805;0;1
2017-01-15 11:00:00Z;-0,01356597;0;1
2017-01-16 11:00:00Z;-0,02969097;0;1
2017-01-17 11:00:00Z;-0,03417361;0;1
2017-01-18 11:00:00Z;0,03259844;0;1
2017-01-19 11:00:00Z;0,2299022;0;1
2017-01-20 11:00:00Z;0,2253927;0;1
2017-01-21 11:00:00Z;0,3172491;0;1
2017-01-22 11:00:00Z;0,2886667;0;1
2017-01-23 11:00:00Z;0,2258542;0;1
2017-01-24 11:00:00Z;0,1913359;0;1
2017-01-25 11:00:00Z;0,1219662;0;1
2017-01-26 11:00:00Z;0,08913768;0;1
2017-01-27 11:00:00Z;0,06696302;0;1
2017-01-28 11:00:00Z;0,04392361;0;1
2017-01-29 11:00:00Z;0,02343403;0;1
2017-01-30 11:00:00Z;0,0311493;0;1
2017-01-31 11:00:00Z;0,03444559;0;1
2017-02-01 11:00:00Z;0,01876273;0;1
2017-02-02 11:00:00Z;-0,001413194;0;1
2017-02-03 11:00:00Z;-0,0538418;0;1
2017-02-04 11:00:00Z;-0,1294812;0;1
2017-02-05 11:00:00Z;-0,2017739;0;1
2017-02-06 11:00:00Z;-0,2764286;0;1
2017-02-07 11:00:00Z;-0,3621933;0;1
2017-02-08 11:00:00Z;-0,4546494;0;1
2017-02-09 11:00:00Z;-0,5337778;0;1
2017-02-10 11:00:00Z;-0,5691459;0;1
2017-02-11 11:00:00Z;-0,595854;0;1
2017-02-12 11:00:00Z;-0,6217954;0;1
2017-02-13 11:00:00Z;-0,6505991;0;1
2017-02-14 11:00:00Z;-0,7037508;0;1
2017-02-15 11:00:00Z;-0,7615319;0;1
2017-02-16 11:00:00Z;-0,8135383;0;1
2017-02-17 11:00:00Z;-0,8433368;0;1
2017-02-18 11:00:00Z;-0,7678686;0;1
2017-02-19 11:00:00Z;-0,3044399;0;1
2017-02-20 11:00:00Z;0,05249607;0;1
2017-02-21 11:00:00Z;0,1161041;0;1
2017-02-22 11:00:00Z;0,1160278;0;1
2017-02-23 11:00:00Z;0,08511805;0;1
2017-02-24 11:00:00Z;0,05847564;0;1
2017-02-25 11:00:00Z;0,0319978;0;1
2017-02-26 11:00:00Z;-0,002747743;0;1
2017-02-27 11:00:00Z;-0,04561458;0;1
2017-02-28 11:00:00Z;-0,0883713;0;1
2017-03-01 11:00:00Z;-0,1298478;0;1
2017-03-02 11:00:00Z;-0,1812225;0;1
2017-03-03 11:00:00Z;-0,2335796;0;1
2017-03-04 11:00:00Z;-0,2843208;0;1
2017-03-05 11:00:00Z;-0,3379001;0;1
2017-03-06 11:00:00Z;-0,3937511;0;1
2017-03-07 11:00:00Z;-0,4495938;0;1
2017-03-08 11:00:00Z;-0,5049201;0;1
2017-03-09 11:00:00Z;-0,5576459;0;1
2017-03-10 11:00:00Z;-0,6167777;0;1
2017-03-11 11:00:00Z;-0,7028576;0;1
2017-03-12 11:00:00Z;-0,7916342;0;1
2017-03-13 11:00:00Z;-0,8725256;0;1
2017-03-14 11:00:00Z;-0,8817777;0;1
2017-03-15 11:00:00Z;-0,7309896;0;1
2017-03-16 11:00:00Z;-0,6416806;0;1
2017-03-17 11:00:00Z;-0,6352326;0;1
2017-03-18 11:00:00Z;-0,6365765;0;1
2017-03-19 11:00:00Z;-0,6779711;0;1
2017-03-20 11:00:00Z;-0,7387059;0;1
2017-03-21 11:00:00Z;-0,8058378;0;1
2017-03-22 11:00:00Z;-0,865079;0;1
2017-03-23 11:00:00Z;-0,9082361;0;1
2017-03-24 11:00:00Z;-0,946853;0;1
2017-03-25 11:00:00Z;-0,7247356;0;1
2017-03-26 11:00:00Z;-0,3643308;0;1
2017-03-27 11:00:00Z;-0,02878559;0;1
2017-03-28 11:00:00Z;0,1225729;0;1
2017-03-29 11:00:00Z;0,1022813;0;1
2017-03-30 11:00:00Z;0,05586111;0;1
2017-03-31 11:00:00Z;0,008003315;0;1
2017-04-01 11:00:00Z;-0,001697816;0;1
2017-04-02 11:00:00Z;-0,005028682;0;1
2017-04-03 11:00:00Z;-0,008359549;0;1
2017-04-04 11:00:00Z;-0,01169041;0;1
2017-04-05 11:00:00Z;-0,01502128;0;1
2017-04-06 11:00:00Z;-0,01835215;0;1
2017-04-07 11:00:00Z;-0,02168301;0;1
2017-04-08 11:00:00Z;-0,02501388;0;1
2017-04-09 11:00:00Z;-0,02834474;0;1
2017-04-10 11:00:00Z;-0,03167561;0;1
2017-04-11 11:00:00Z;-0,03500648;0;1
2017-04-12 11:00:00Z;-0,03833734;0;1
2017-04-13 11:00:00Z;-0,04166821;0;1
2017-04-14 11:00:00Z;-0,04499907;0;1
2017-04-15 11:00:00Z;-0,04832994;0;1
2017-04-16 11:00:00Z;-0,05166081;0;1
2017-04-17 11:00:00Z;-0,05499167;0;1
2017-04-18 11:00:00Z;-0,05832253;0;1
2017-04-19 11:00:00Z;-0,06165341;0;1
2017-04-20 11:00:00Z;-0,06498428;0;1
2017-04-21 11:00:00Z;-0,06831513;0;1
2017-04-22 11:00:00Z;-0,071646;0;1
2017-04-23 11:00:00Z;-0,07497687;0;1
2017-04-24 11:00:00Z;-0,07830773;0;1
2017-04-25 11:00:00Z;-0,0816386;0;1
2017-04-26 11:00:00Z;-0,08496946;0;1
2017-04-27 11:00:00Z;-0,08830033;0;1
2017-04-28 11:00:00Z;-0,0916312;0;1
2017-04-29 11:00:00Z;-0,09496205;0;1
2017-04-30 11:00:00Z;-0,09829293;0;1
2017-05-01 11:00:00Z;-0,112803;0;1
2017-05-02 11:00:00Z;-0,1551967;0;1
2017-05-03 11:00:00Z;-0,2090278;0;1
2017-05-04 11:00:00Z;-0,2960591;0;1
2017-05-05 11:00:00Z;-0,3709887;0;1
2017-05-06 11:00:00Z;-0,4611537;0;1
2017-05-07 11:00:00Z;-0,5569097;0;1
2017-05-08 11:00:00Z;-0,6426354;0;1
2017-05-09 11:00:00Z;-0,7254691;0;1
2017-05-10 11:00:00Z;-0,8063317;0;1
2017-05-11 11:00:00Z;-0,8934701;0;1
2017-05-12 11:00:00Z;-0,9795266;0;1
2017-05-13 11:00:00Z;-1,061461;0;1
2017-05-14 11:00:00Z;-1,139665;0;1
2017-05-15 11:00:00Z;-1,219574;0;1
2017-05-16 11:00:00Z;-1,297544;0;1
2017-05-17 11:00:00Z;-1,371955;0;1
2017-05-18 11:00:00Z;-1,42941;0;1
2017-05-19 11:00:00Z;-1,451751;0;1
2017-05-20 11:00:00Z;-1,471721;0;1
2017-05-21 11:00:00Z;-1,495024;0;1
2017-05-22 11:00:00Z;-1,492517;0;1
2017-05-23 11:00:00Z;-1,484143;0;1
2017-05-24 11:00:00Z;-1,4975;0;1
2017-05-25 11:00:00Z;-1,486278;0;1
2017-05-26 11:00:00Z;-1,438006;0;1
2017-05-27 11:00:00Z;-1,225024;0;1
2017-05-28 11:00:00Z;-1,115114;0;1
2017-05-29 11:00:00Z;-1,083365;0;1
2017-05-30 11:00:00Z;-1,08035;0;1
2017-05-31 11:00:00Z;-1,08876;0;1
2017-06-01 11:00:00Z;-1,085427;0;1
2017-06-02 11:00:00Z;-1,077083;0;1
2017-06-03 11:00:00Z;-1,084128;0;1
2017-06-04 11:00:00Z;-1,094941;0;1
2017-06-05 11:00:00Z;-1,111502;0;1
2017-06-06 11:00:00Z;-1,123675;0;1
2017-06-07 11:00:00Z;-1,140502;0;1
2017-06-08 11:00:00Z;-1,163931;0;1
2017-06-09 11:00:00Z;-1,192927;0;1
2017-06-10 11:00:00Z;-1,218868;0;1
2017-06-11 11:00:00Z;-1,23734;0;1
2017-06-12 11:00:00Z;-1,248576;0;1
2017-06-13 11:00:00Z;-1,25;0;1
2017-06-14 11:00:00Z;-1,240202;0;1
2017-06-15 11:00:00Z;-1,255149;0;1
2017-06-16 11:00:00Z;-1,294029;0;1
2017-06-17 11:00:00Z;-1,332568;0;1
2017-06-18 11:00:00Z;-1,291066;0;1
2017-06-19 11:00:00Z;-1,211924;0;1
2017-06-20 11:00:00Z;-1,093119;0;1
2017-06-21 11:00:00Z;-0,895947;0;1
2017-06-22 11:00:00Z;-0,8335383;0;1
2017-06-23 11:00:00Z;-0,9068604;0;1
2017-06-24 11:00:00Z;-1,0054;0;1
2017-06-25 11:00:00Z;-1,115726;0;1
2017-06-26 11:00:00Z;-1,161194;0;1
2017-06-27 11:00:00Z;-1,057569;0;1
2017-06-28 11:00:00Z;-1,016722;0;1
2017-06-29 11:00:00Z;-1,02659;0;1
2017-06-30 11:00:00Z;-1,052347;0;1
2017-07-01 11:00:00Z;-1,090997;0;1
2017-07-02 11:00:00Z;-1,12434;0;1
2017-07-03 11:00:00Z;-1,159194;0;1
2017-07-04 11:00:00Z;-1,198305;0;1
2017-07-05 11:00:00Z;-1,236292;0;1
2017-07-06 11:00:00Z;-1,275111;0;1
2017-07-07 11:00:00Z;-1,313528;0;1
2017-07-08 11:00:00Z;-1,357402;0;1
2017-07-09 11:00:00Z;-1,381934;0;1
2017-07-10 11:00:00Z;-1,401455;0;1
2017-07-11 11:00:00Z;-1,411444;0;1
2017-07-12 11:00:00Z;-1,419583;0;1
2017-07-13 11:00:00Z;-1,392083;0;1
2017-07-14 11:00:00Z;-1,348551;0;1
2017-07-15 11:00:00Z;-1,326664;0;1
2017-07-16 11:00:00Z;-1,323628;0;1
2017-07-17 11:00:00Z;-1,319359;0;1
2017-07-18 11:00:00Z;-1,304877;0;1
2017-07-19 11:00:00Z;-1,255528;0;1
2017-07-20 11:00:00Z;-1,239194;0;1
2017-07-21 11:00:00Z;-1,242928;0;1
2017-07-22 11:00:00Z;-1,263833;0;1
2017-07-23 11:00:00Z;-1,290024;0;1
2017-07-24 11:00:00Z;-1,313367;0;1
2017-07-25 11:00:00Z;-1,347863;0;1
2017-07-26 11:00:00Z;-1,378122;0;1
2017-07-27 11:00:00Z;-1,409044;0;1
2017-07-28 11:00:00Z;-1,443139;0;1
2017-07-29 11:00:00Z;-1,481354;0;1
2017-07-30 11:00:00Z;-1,513882;0;1
2017-07-31 11:00:00Z;-1,537028;0;1
2017-08-01 11:00:00Z;-1,499166;0;1
2017-08-02 11:00:00Z;-1,510132;0;1
2017-08-03 11:00:00Z;-1,533695;0;1
2017-08-04 11:00:00Z;-1,565736;0;1
2017-08-05 11:00:00Z;-1,596108;0;1
2017-08-06 11:00:00Z;-1,630021;0;1
2017-08-07 11:00:00Z;-1,661649;0;1
2017-08-08 11:00:00Z;-1,681201;0;1
2017-08-09 11:00:00Z;-1,703833;0;1
2017-08-10 11:00:00Z;-1,731979;0;1
2017-08-11 11:00:00Z;-1,73958;0;1
2017-08-12 11:00:00Z;-1,740952;0;1
2017-08-13 11:00:00Z;-1,75051;0;1
2017-08-14 11:00:00Z;-1,71631;0;1
2017-08-15 11:00:00Z;-1,69374;0;1
2017-08-16 11:00:00Z;-1,687319;0;1
2017-08-17 11:00:00Z;-1,653992;0;1
2017-08-18 11:00:00Z;-1,655959;0;1
2017-08-19 11:00:00Z;-1,666639;0;1
2017-08-20 11:00:00Z;-1,348757;0;1
2017-08-21 11:00:00Z;-0,9724889;0;1
2017-08-22 11:00:00Z;-0,921692;0;1
2017-08-23 11:00:00Z;-0,9424309;0;1
2017-08-24 11:00:00Z;-0,9800762;0;1
2017-08-25 11:00:00Z;-1,02376;0;1
2017-08-26 11:00:00Z;-1,073267;0;1
2017-08-27 11:00:00Z;-1,125281;0;1
2017-08-28 11:00:00Z;-1,184111;0;1
2017-08-29 11:00:00Z;-1,208472;0;1
2017-08-30 11:00:00Z;-1,231706;0;1
2017-08-31 11:00:00Z;-1,277491;0;1
2017-09-01 11:00:00Z;-1,317185;0;1
2017-09-02 11:00:00Z;-1,358743;0;1
2017-09-03 11:00:00Z;-1,417608;0;1
2017-09-04 11:00:00Z;-1,487698;0;1
2017-09-05 11:00:00Z;-1,567083;0;1
2017-09-06 11:00:00Z;-1,649137;0;1
2017-09-07 11:00:00Z;-1,722852;0;1
2017-09-08 11:00:00Z;-1,772479;0;1
2017-09-09 11:00:00Z;-1,820328;0;1
2017-09-10 11:00:00Z;-1,869272;0;1
2017-09-11 11:00:00Z;-1,913512;0;1
2017-09-12 11:00:00Z;-1,96218;0;1
2017-09-13 11:00:00Z;-1,998093;0;1
2017-09-14 11:00:00Z;-2,022271;0;1
2017-09-15 11:00:00Z;-2,042972;0;1
2017-09-16 11:00:00Z;-2,059243;0;1
2017-09-17 11:00:00Z;-2,079632;0;1
2017-09-18 11:00:00Z;-2,098347;0;1
2017-09-19 11:00:00Z;-2,114986;0;1
2017-09-20 11:00:00Z;-2,142851;0;1
2017-09-21 11:00:00Z;-2,16;0;1
2017-09-22 11:00:00Z;-2,165368;0;1
2017-09-23 11:00:00Z;-2,172451;0;1
2017-09-24 11:00:00Z;-2,179563;0;1
2017-09-25 11:00:00Z;-2,186993;0;1
2017-09-26 11:00:00Z;-2,196559;0;1
2017-09-27 11:00:00Z;-2,205709;0;1
2017-09-28 11:00:00Z;-2,214021;0;1
2017-09-29 11:00:00Z;-2,227343;0;1
2017-09-30 11:00:00Z;-2,240484;0;1
2017-10-01 11:00:00Z;-2,25648;0;1
2017-10-02 11:00:00Z;-2,260834;0;1
2017-10-03 11:00:00Z;-2,265427;0;1
2017-10-04 11:00:00Z;-2,227066;0;1
2017-10-05 11:00:00Z;-2,163872;0;1
2017-10-06 11:00:00Z;-2,103067;0;1
2017-10-07 11:00:00Z;-1,980739;0;1
2017-10-08 11:00:00Z;-1,901416;0;1
2017-10-09 11:00:00Z;-1,900931;0;1
2017-10-10 11:00:00Z;-1,92234;0;1
2017-10-11 11:00:00Z;-1,953132;0;1
2017-10-12 11:00:00Z;-1,986427;0;1
2017-10-13 11:00:00Z;-2,012177;0;1
2017-10-14 11:00:00Z;-2,028764;0;1
2017-10-15 11:00:00Z;-1,999111;0;1
2017-10-16 11:00:00Z;-1,941698;0;1
2017-10-17 11:00:00Z;-1,874614;0;1
2017-10-18 11:00:00Z;-1,831074;0;1
2017-10-19 11:00:00Z;-1,777632;0;1
2017-10-20 11:00:00Z;-1,770023;0;1
2017-10-21 11:00:00Z;-1,787661;0;1
2017-10-22 11:00:00Z;-1,818465;0;1
2017-10-23 11:00:00Z;-1,853312;0;1
2017-10-24 11:00:00Z;-1,891309;0;1
2017-10-25 11:00:00Z;-1,926941;0;1
2017-10-26 11:00:00Z;-1,954115;0;1
2017-10-27 11:00:00Z;-1,954748;0;1
2017-10-28 11:00:00Z;-1,650387;0;1
2017-10-29 11:00:00Z;-1,471604;0;1
2017-10-30 11:00:00Z;-1,399259;0;1
2017-10-31 11:00:00Z;-1,035872;0;1
2017-11-01 11:00:00Z;-0,4471098;0;1
2017-11-02 11:00:00Z;-0,1509536;0;1
2017-11-03 11:00:00Z;-0,0558993;0;1
2017-11-04 11:00:00Z;-0,06940279;0;1
2017-11-05 11:00:00Z;-0,09875;0;1
2017-11-06 11:00:00Z;-0,1336194;0;1
2017-11-07 11:00:00Z;-0,1622799;0;1
2017-11-08 11:00:00Z;-0,203025;0;1
2017-11-09 11:00:00Z;-0,2129667;0;1
2017-11-10 11:00:00Z;-0,1923655;0;1
2017-11-11 11:00:00Z;-0,1295526;0;1
2017-11-12 11:00:00Z;-0,01084352;0;1
2017-11-13 11:00:00Z;0,1037504;0;1
2017-11-14 11:00:00Z;0,1136383;0;1
2017-11-15 11:00:00Z;0,1170693;0;1
2017-11-16 11:00:00Z;0,1135591;0;1
2017-11-17 11:00:00Z;0,09993403;0;1
2017-11-18 11:00:00Z;0,1009722;0;1
2017-11-19 11:00:00Z;0,05358334;0;1
2017-11-20 11:00:00Z;0,002059027;0;1
2017-11-21 11:00:00Z;-0,05826041;0;1
2017-11-22 11:00:00Z;-0,1152404;0;1
2017-11-23 11:00:00Z;-0,1819777;0;1
2017-11-24 11:00:00Z;-0,2236569;0;1
2017-11-25 11:00:00Z;-0,2647155;0;1
2017-11-26 11:00:00Z;-0,3230123;0;1
2017-11-27 11:00:00Z;-0,3841333;0;1
2017-11-28 11:00:00Z;-0,4390935;0;1
2017-11-29 11:00:00Z;-0,4954273;0;1
2017-11-30 11:00:00Z;-0,5451567;0;1
2017-12-01 11:00:00Z;-0,5888883;0;1
2017-12-02 11:00:00Z;-0,5228825;0;1
2017-12-03 11:00:00Z;-0,2875398;0;1
2017-12-04 11:00:00Z;-0,1235914;0;1
2017-12-05 11:00:00Z;-0,03552783;0;1
2017-12-06 11:00:00Z;0,008444443;0;1
2017-12-07 11:00:00Z;0,026675;0;1
2017-12-08 11:00:00Z;0,04547431;0;1
2017-12-09 11:00:00Z;0,06773264;0;1
2017-12-10 11:00:00Z;0,08954515;0;1
2017-12-11 11:00:00Z;0,06324653;0;1
2017-12-12 11:00:00Z;0,03496527;0;1
2017-12-13 11:00:00Z;0,02245908;0;1
2017-12-14 11:00:00Z;-0,006573656;0;1
2017-12-15 11:00:00Z;-0,04154166;0;1
2017-12-16 11:00:00Z;-0,0728264;0;1
2017-12-17 11:00:00Z;-0,09355902;0;1
2017-12-18 11:00:00Z;-0,1132569;0;1
2017-12-19 11:00:00Z;-0,07908767;0;1
2017-12-20 11:00:00Z;0,1988203;0;1
2017-12-21 11:00:00Z;0,2539618;0;1
2017-12-22 11:00:00Z;0,2282083;0;1
2017-12-23 11:00:00Z;0,215323;0;1
2017-12-24 11:00:00Z;0,1935313;0;1
2017-12-25 11:00:00Z;0,1380379;0;1
2017-12-26 11:00:00Z;0,09830925;0;1
2017-12-27 11:00:00Z;0,07023934;0;1
2017-12-28 11:00:00Z;0,04731968;0;1
2017-12-29 11:00:00Z;0,03090972;0;1
2017-12-30 11:00:00Z;0,01052778;0;1
2017-12-31 11:00:00Z;-0,01291319;0;1
2018-01-01 11:00:00Z;-0,0420014;0;1
2018-01-02 11:00:00Z;-0,0700139;0;1
2018-01-03 11:00:00Z;-0,1108868;0;1
2018-01-04 11:00:00Z;-0,1616063;0;1
2018-01-05 11:00:00Z;-0,2148889;0;1
2018-01-06 11:00:00Z;-0,2659909;0;1
2018-01-07 11:00:00Z;-0,3023776;0;1
2018-01-08 11:00:00Z;-0,3466766;0;1
2018-01-09 11:00:00Z;-0,3988056;0;1
2018-01-10 11:00:00Z;-0,4499241;0;1
2018-01-11 11:00:00Z;-0,5083224;0;1
2018-01-12 11:00:00Z;-0,5755069;0;1
2018-01-13 11:00:00Z;-0,6454027;0;1
2018-01-14 11:00:00Z;-0,7129055;0;1
2018-01-15 11:00:00Z;-0,7796994;0;1
2018-01-16 11:00:00Z;-0,8274714;0;1
2018-01-17 11:00:00Z;-0,8864654;0;1
2018-01-18 11:00:00Z;-0,9427013;0;1
2018-01-19 11:00:00Z;-0,9999062;0;1
2018-01-20 11:00:00Z;-1,055877;0;1
2018-01-21 11:00:00Z;-1,112161;0;1
2018-01-22 11:00:00Z;-1,166285;0;1
2018-01-23 11:00:00Z;-1,218917;0;1
2018-01-24 11:00:00Z;-1,265931;0;1
2018-01-25 11:00:00Z;-1,308799;0;1
2018-01-26 11:00:00Z;-1,350615;0;1
2018-01-27 11:00:00Z;-1,385136;0;1
2018-01-28 11:00:00Z;-1,432284;0;1
2018-01-29 11:00:00Z;-1,470726;0;1
2018-01-30 11:00:00Z;-1,512246;0;1
2018-01-31 11:00:00Z;-1,557475;0;1
2018-02-01 11:00:00Z;-1,604892;0;1
2018-02-02 11:00:00Z;-1,653;0;1
2018-02-03 11:00:00Z;-1,685306;0;1
2018-02-04 11:00:00Z;-1,718806;0;1
2018-02-05 11:00:00Z;-1,746201;0;1
2018-02-06 11:00:00Z;-1,779427;0;1
2018-02-07 11:00:00Z;-1,807698;0;1
2018-02-08 11:00:00Z;-1,834004;0;1
2018-02-09 11:00:00Z;-1,864795;0;1
2018-02-10 11:00:00Z;-1,899416;0;1
2018-02-11 11:00:00Z;-1,932174;0;1
2018-02-12 11:00:00Z;-1,964656;0;1
2018-02-13 11:00:00Z;-1,995028;0;1
2018-02-14 11:00:00Z;-2,028785;0;1
2018-02-15 11:00:00Z;-2,060701;0;1
2018-02-16 11:00:00Z;-2,096771;0;1
2018-02-17 11:00:00Z;-2,123177;0;1
2018-02-18 11:00:00Z;-2,154382;0;1
2018-02-19 11:00:00Z;-2,188837;0;1
2018-02-20 11:00:00Z;-2,220655;0;1
2018-02-21 11:00:00Z;-2,242682;0;1
2018-02-22 11:00:00Z;-2,258913;0;1
2018-02-23 11:00:00Z;-2,282896;0;1
2018-02-24 11:00:00Z;-2,31177;0;1
2018-02-25 11:00:00Z;-2,326313;0;1
2018-02-26 11:00:00Z;-2,353382;0;1
2018-02-27 11:00:00Z;-2,375021;0;1
2018-02-28 11:00:00Z;-2,394153;0;1
2018-03-01 11:00:00Z;-2,417639;0;1
2018-03-02 11:00:00Z;-2,438246;0;1
2018-03-03 11:00:00Z;-2,461143;0;1
2018-03-04 11:00:00Z;-2,480271;0;1
2018-03-05 11:00:00Z;-2,50066;0;1
2018-03-06 11:00:00Z;-2,522715;0;1
2018-03-07 11:00:00Z;-2,544854;0;1
2018-03-08 11:00:00Z;-2,565562;0;1
2018-03-09 11:00:00Z;-2,588034;0;1
2018-03-10 11:00:00Z;-2,610507;0;1
2018-03-11 11:00:00Z;-2,632146;0;1
2018-03-12 11:00:00Z;-2,652535;0;1
2018-03-13 11:00:00Z;-2,673545;0;1
2018-03-14 11:00:00Z;-2,692507;0;1
2018-03-15 11:00:00Z;-2,714099;0;1
2018-03-16 11:00:00Z;-2,735314;0;1
2018-03-17 11:00:00Z;-2,759042;0;1
2018-03-18 11:00:00Z;-2,768072;0;1
2018-03-19 11:00:00Z;-2,719026;0;1
2018-03-20 11:00:00Z;-2,690622;0;1
2018-03-21 11:00:00Z;-2,657722;0;1
2018-03-22 11:00:00Z;-2,597915;0;1
2018-03-23 11:00:00Z;-2,548956;0;1
2018-03-24 11:00:00Z;-2,522608;0;1
2018-03-25 11:00:00Z;-2,474622;0;1
2018-03-26 11:00:00Z;-2,421931;0;1
2018-03-27 11:00:00Z;-2,398569;0;1
2018-03-28 11:00:00Z;-2,398948;0;1
2018-03-29 11:00:00Z;-2,403059;0;1
2018-03-30 11:00:00Z;-2,415218;0;1
2018-03-31 11:00:00Z;-2,430882;0;1
2018-04-01 11:00:00Z;-2,445157;0;1
2018-04-02 11:00:00Z;-2,473573;0;1
2018-04-03 11:00:00Z;-2,504778;0;1
2018-04-04 11:00:00Z;-2,540198;0;1
2018-04-05 11:00:00Z;-2,572153;0;1
2018-04-06 11:00:00Z;-2,594903;0;1
2018-04-07 11:00:00Z;-2,620889;0;1
2018-04-08 11:00:00Z;-2,649084;0;1
2018-04-09 11:00:00Z;-2,673214;0;1
2018-04-10 11:00:00Z;-2,693321;0;1
2018-04-11 11:00:00Z;-2,709859;0;1
2018-04-12 11:00:00Z;-2,718439;0;1
2018-04-13 11:00:00Z;-2,695256;0;1
2018-04-14 11:00:00Z;-2,651573;0;1
2018-04-15 11:00:00Z;-2,587352;0;1
2018-04-16 11:00:00Z;-2,484839;0;1
2018-04-17 11:00:00Z;-2,368072;0;1
2018-04-18 11:00:00Z;-2,217596;0;1
2018-04-19 11:00:00Z;-2,434031;0;1
2018-04-20 11:00:00Z;-1,790969;0;1
2018-04-21 11:00:00Z;-1,514302;0;1
2018-04-22 11:00:00Z;-1,076086;0;1
2018-04-23 11:00:00Z;-0,9030009;0;1
2018-04-24 11:00:00Z;-0,7212882;0;1
2018-04-25 11:00:00Z;-0,4268299;0;1
2018-04-26 11:00:00Z;-0,2781396;0;1
2018-04-27 11:00:00Z;-0,2144508;0;1
2018-04-28 11:00:00Z;-0,1742749;0;1
2018-04-29 11:00:00Z;-0,1590861;0;1
2018-04-30 11:00:00Z;-0,1542501;0;1
2018-05-01 11:00:00Z;-0,1715625;0;1
2018-05-02 11:00:00Z;-0,3256423;0;1
2018-05-03 11:00:00Z;-0,2275625;0;1
2018-05-04 11:00:00Z;-0,2587639;0;1
2018-05-05 11:00:00Z;-0,2991216;0;1
2018-05-06 11:00:00Z;-0,3214584;0;1
2018-05-07 11:00:00Z;-0,3320035;0;1
2018-05-08 11:00:00Z;-0,3549631;0;1
2018-05-09 11:00:00Z;-0,3921064;0;1
2018-05-10 11:00:00Z;-0,4366467;0;1
2018-05-11 11:00:00Z;-0,4782247;0;1
2018-05-12 11:00:00Z;-0,5076528;0;1
2018-05-13 11:00:00Z;-0,5585763;0;1
2018-05-14 11:00:00Z;-0,617448;0;1
2018-05-15 11:00:00Z;-0,6842813;0;1
2018-05-16 11:00:00Z;-0,7592952;0;1
2018-05-17 11:00:00Z;-0,8267778;0;1
2018-05-18 11:00:00Z;-0,9064583;0;1
2018-05-19 11:00:00Z;-0,9867435;0;1
2018-05-20 11:00:00Z;-1,068506;0;1
2018-05-21 11:00:00Z;-1,152121;0;1
2018-05-22 11:00:00Z;-1,235075;0;1
2018-05-23 11:00:00Z;-1,316456;0;1
2018-05-24 11:00:00Z;-1,398427;0;1
2018-05-25 11:00:00Z;-1,478699;0;1
2018-05-26 11:00:00Z;-1,557749;0;1
2018-05-27 11:00:00Z;-1,62926;0;1
2018-05-28 11:00:00Z;-1,699906;0;1
2018-05-29 11:00:00Z;-1,764479;0;1
2018-05-30 11:00:00Z;-1,823052;0;1
2018-05-31 11:00:00Z;-1,87957;0;1
2018-06-01 11:00:00Z;-1,90428;0;1
2018-06-02 11:00:00Z;-1,893296;0;1
2018-06-03 11:00:00Z;-1,882313;0;1
2018-06-04 11:00:00Z;-1,87133;0;1
2018-06-05 11:00:00Z;-1,860347;0;1
2018-06-06 11:00:00Z;-1,849363;0;1
2018-06-07 11:00:00Z;-1,83838;0;1
2018-06-08 11:00:00Z;-1,827397;0;1
2018-06-09 11:00:00Z;-1,816414;0;1
2018-06-10 11:00:00Z;-1,805431;0;1
2018-06-11 11:00:00Z;-1,794448;0;1
2018-06-12 11:00:00Z;-1,783464;0;1
2018-06-13 11:00:00Z;-1,772481;0;1
2018-06-14 11:00:00Z;-1,761498;0;1
2018-06-15 11:00:00Z;-1,750515;0;1
2018-06-16 11:00:00Z;-1,739531;0;1
2018-06-17 11:00:00Z;-1,728548;0;1
2018-06-18 11:00:00Z;-1,717565;0;1
2018-06-19 11:00:00Z;-1,706582;0;1
2018-06-20 11:00:00Z;-1,695598;0;1
2018-06-21 11:00:00Z;-1,684615;0;1
2018-06-22 11:00:00Z;-1,673632;0;1
2018-06-23 11:00:00Z;-1,662649;0;1
2018-06-24 11:00:00Z;-1,651666;0;1
2018-06-25 11:00:00Z;-1,640682;0;1
2018-06-26 11:00:00Z;-1,629699;0;1
2018-06-27 11:00:00Z;-1,618716;0;1
2018-06-28 11:00:00Z;-1,607733;0;1
2018-06-29 11:00:00Z;-1,596749;0;1
2018-06-30 11:00:00Z;-1,585766;0;1
2018-07-01 11:00:00Z;-1,600646;0;1
2018-07-02 11:00:00Z;-1,648219;0;1
2018-07-03 11:00:00Z;-1,704066;0;1
2018-07-04 11:00:00Z;-1,764732;0;1
2018-07-05 11:00:00Z;-1,833146;0;1
2018-07-06 11:00:00Z;-2,171733;0;1
2018-07-07 11:00:00Z;-1,959972;0;1
2018-07-08 11:00:00Z;-2,01838;0;1
2018-07-09 11:00:00Z;-2,073543;0;1
2018-07-10 11:00:00Z;-2,126135;0;1
2018-07-11 11:00:00Z;-2,177313;0;1
2018-07-12 11:00:00Z;-2,229511;0;1
2018-07-13 11:00:00Z;-2,278222;0;1
2018-07-14 11:00:00Z;-2,324583;0;1
2018-07-15 11:00:00Z;-2,370604;0;1
2018-07-16 11:00:00Z;-2,414217;0;1
2018-07-17 11:00:00Z;-2,457547;0;1
2018-07-18 11:00:00Z;-2,494479;0;1
2018-07-19 11:00:00Z;-2,529938;0;1
2018-07-20 11:00:00Z;-2,568625;0;1
2018-07-21 11:00:00Z;-2,606086;0;1
2018-07-22 11:00:00Z;-2,644269;0;1
2018-07-23 11:00:00Z;-2,67717;0;1
2018-07-24 11:00:00Z;-2,712764;0;1
2018-07-25 11:00:00Z;-2,736444;0;1
2018-07-26 11:00:00Z;-2,761393;0;1
2018-07-27 11:00:00Z;-2,793229;0;1
2018-07-28 11:00:00Z;-2,821993;0;1
2018-07-29 11:00:00Z;-2,854568;0;1
2018-07-30 11:00:00Z;-2,886827;0;1
2018-07-31 11:00:00Z;-2,9145;0;1
2018-08-01 11:00:00Z;-2,939365;0;1
2018-08-02 11:00:00Z;-2,960583;0;1
2018-08-03 11:00:00Z;-2,974291;0;1
2018-08-04 11:00:00Z;-2,989834;0;1
2018-08-05 11:00:00Z;-2,997052;0;1
2018-08-06 11:00:00Z;-2,989999;0;1
2018-08-07 11:00:00Z;-2,996885;0;1
2018-08-08 11:00:00Z;-3,005195;0;1
2018-08-09 11:00:00Z;-3,009164;0;1
2018-08-10 11:00:00Z;-3,002469;0;1
2018-08-11 11:00:00Z;-2,804308;0;1
2018-08-12 11:00:00Z;-2,701104;0;1
2018-08-13 11:00:00Z;-2,700122;0;1
2018-08-14 11:00:00Z;-2,71686;0;1
2018-08-15 11:00:00Z;-2,743188;0;1
2018-08-16 11:00:00Z;-2,769819;0;1
2018-08-17 11:00:00Z;-2,786063;0;1
2018-08-18 11:00:00Z;-2,793757;0;1
2018-08-19 11:00:00Z;-2,732399;0;1
2018-08-20 11:00:00Z;-2,595389;0;1
2018-08-21 11:00:00Z;-2,428609;0;1
2018-08-22 11:00:00Z;-2,426513;0;1
2018-08-23 11:00:00Z;-2,451002;0;1
2018-08-24 11:00:00Z;-2,503065;0;1
2018-08-25 11:00:00Z;-2,553164;0;1
2018-08-26 11:00:00Z;-2,587017;0;1
2018-08-27 11:00:00Z;-2,620118;0;1
2018-08-28 11:00:00Z;-2,659222;0;1
2018-08-29 11:00:00Z;-2,691371;0;1
2018-08-30 11:00:00Z;-2,721215;0;1
2018-08-31 11:00:00Z;-2,746789;0;1
2018-09-01 11:00:00Z;-2,774653;0;1
2018-09-02 11:00:00Z;-2,801688;0;1
2018-09-03 11:00:00Z;-2,826099;0;1
2018-09-04 11:00:00Z;-2,839696;0;1
2018-09-05 11:00:00Z;-2,854945;0;1
2018-09-06 11:00:00Z;-2,866757;0;1
2018-09-07 11:00:00Z;-2,880979;0;1
2018-09-08 11:00:00Z;-2,900945;0;1
2018-09-09 11:00:00Z;-2,920493;0;1
2018-09-10 11:00:00Z;-2,939198;0;1
2018-09-11 11:00:00Z;-2,951652;0;1
2018-09-12 11:00:00Z;-2,934135;0;1
2018-09-13 11:00:00Z;-2,831388;0;1
2018-09-14 11:00:00Z;-2,720925;0;1
2018-09-15 11:00:00Z;-2,589175;0;1
2018-09-16 11:00:00Z;-2,078301;0;1
2018-09-17 11:00:00Z;-1,810022;0;1
2018-09-18 11:00:00Z;-1,689069;0;1
2018-09-19 11:00:00Z;-1,613229;0;1
2018-09-20 11:00:00Z;-1,607861;0;1
2018-09-21 11:00:00Z;-1,619167;0;1
2018-09-22 11:00:00Z;-1,546588;0;1
2018-09-23 11:00:00Z;-1,229223;0;1
2018-09-24 11:00:00Z;-1,085008;0;1
2018-09-25 11:00:00Z;-0,8550762;0;1
2018-09-26 11:00:00Z;-0,2191588;0;1
2018-09-27 11:00:00Z;0,07916965;0;1
2018-09-28 11:00:00Z;0,2379161;0;1
2018-09-29 11:00:00Z;0,2550247;0;1
2018-09-30 11:00:00Z;0,3236143;0;1
2018-10-01 11:00:00Z;0,3063184;0;1
2018-10-02 11:00:00Z;0,2318365;0;1
2018-10-03 11:00:00Z;0,1732894;0;1
2018-10-04 11:00:00Z;0,148441;0;1
2018-10-05 11:00:00Z;0,1935278;0;1
2018-10-06 11:00:00Z;0,2163021;0;1
2018-10-07 11:00:00Z;0,1931666;0;1
2018-10-08 11:00:00Z;0,1599861;0;1
2018-10-09 11:00:00Z;0,1785486;0;1
2018-10-10 11:00:00Z;0,1583542;0;1
2018-10-11 11:00:00Z;0,1332083;0;1
2018-10-12 11:00:00Z;0,1063854;0;1
2018-10-13 11:00:00Z;0,08473343;0;1
2018-10-14 11:00:00Z;0,07711381;0;1
2018-10-15 11:00:00Z;0,1447084;0;1
2018-10-16 11:00:00Z;0,139785;0;1
2018-10-17 11:00:00Z;0,1116951;0;1
2018-10-18 11:00:00Z;0,1200094;0;1
2018-10-19 11:00:00Z;0,1422986;0;1
2018-10-20 11:00:00Z;0,1297015;0;1
2018-10-21 11:00:00Z;0,1263056;0;1
2018-10-22 11:00:00Z;0,187382;0;1
2018-10-23 11:00:00Z;0,2318785;0;1
2018-10-24 11:00:00Z;0,2354598;0;1
2018-10-25 11:00:00Z;0,2412457;0;1
2018-10-26 11:00:00Z;0,2261383;0;1
2018-10-27 11:00:00Z;0,1730035;0;1
2018-10-28 11:00:00Z;0,127;0;1
2018-10-29 11:00:00Z;0,0942639;0;1
2018-10-30 11:00:00Z;0,06982082;0;1
2018-10-31 11:00:00Z;0,0516618;0;1
2018-11-01 11:00:00Z;0,03950717;0;1
2018-11-02 11:00:00Z;0,03382755;0;1
2018-11-03 11:00:00Z;0,05524218;0;1
2018-11-04 11:00:00Z;0,06333629;0;1
2018-11-05 11:00:00Z;0,05375694;0;1
2018-11-06 11:00:00Z;0,02335868;0;1
2018-11-07 11:00:00Z;-0,01481906;0;1
2018-11-08 11:00:00Z;-0,05772711;0;1
2018-11-09 11:00:00Z;-0,1024016;0;1
2018-11-10 11:00:00Z;-0,1483088;0;1
2018-11-11 11:00:00Z;-0,1939226;0;1
2018-11-12 11:00:00Z;-0,241158;0;1
2018-11-13 11:00:00Z;-0,2720007;0;1
2018-11-14 11:00:00Z;-0,3249977;0;1
2018-11-15 11:00:00Z;-0,3902939;0;1
2018-11-16 11:00:00Z;-0,4460312;0;1
2018-11-17 11:00:00Z;-0,4892639;0;1
2018-11-18 11:00:00Z;-0,542184;0;1
2018-11-19 11:00:00Z;-0,606566;0;1
2018-11-20 11:00:00Z;-0,6717822;0;1
2018-11-21 11:00:00Z;-0,7386916;0;1
2018-11-22 11:00:00Z;-0,810436;0;1
2018-11-23 11:00:00Z;-0,8752725;0;1
2018-11-24 11:00:00Z;-0,942008;0;1
2018-11-25 11:00:00Z;-1,005956;0;1
2018-11-26 11:00:00Z;-1,029766;0;1
2018-11-27 11:00:00Z;0,01024345;0;1
2018-11-28 11:00:00Z;1,608959;0;1
2018-11-29 11:00:00Z;2,888735;0;1
2018-11-30 11:00:00Z;1,234514;0;1
2018-12-01 11:00:00Z;-1,222692;0;1
2018-12-02 11:00:00Z;-1,749583;0;1
2018-12-03 11:00:00Z;-1,75;0;1
2018-12-04 11:00:00Z;-1,75;0;1
2018-12-05 11:00:00Z;-1,75;0;1
2018-12-06 11:00:00Z;-1,75;0;1
2018-12-07 11:00:00Z;-1,75;0;1
2018-12-08 11:00:00Z;-1,75;0;1
2018-12-09 11:00:00Z;-1,75;0;1
2018-12-10 11:00:00Z;-1,745833;0;1
2018-12-11 11:00:00Z;-1,700674;0;1
2018-12-12 11:00:00Z;-1,695038;0;1
2018-12-13 11:00:00Z;-1,70983;0;1
2018-12-14 11:00:00Z;-1,733347;0;1
2018-12-15 11:00:00Z;-1,761028;0;1
2018-12-16 11:00:00Z;-1,788125;0;1
2018-12-17 11:00:00Z;-1,814674;0;1
2018-12-18 11:00:00Z;-1,843372;0;1
2018-12-19 11:00:00Z;-1,871028;0;1
2018-12-20 11:00:00Z;-1,865076;0;1
2018-12-21 11:00:00Z;-1,685;0;1
2018-12-22 11:00:00Z;-1,518167;0;1
2018-12-23 11:00:00Z;-1,350157;0;1
2018-12-24 11:00:00Z;-1,185912;0;1
2018-12-25 11:00:00Z;-1,017376;0;1
2018-12-26 11:00:00Z;-0,8497154;0;1
2018-12-27 11:00:00Z;-0,7033333;0;1
2018-12-28 11:00:00Z;-0,5544374;0;1
2018-12-29 11:00:00Z;-0,398368;0;1
2018-12-30 11:00:00Z;-0,2390423;0;1
2018-12-31 11:00:00Z;-0,07949597;0;1
2019-01-01 11:00:00Z;-0,003892361;0;1
2019-01-02 11:00:00Z;-0,01262847;0;1
2019-01-03 11:00:00Z;-0,0205243;0;1
2019-01-04 11:00:00Z;-0,02999999;0;1
2019-01-05 11:00:00Z;-0,03905207;0;1
2019-01-06 11:00:00Z;-0,04798958;0;1
2019-01-07 11:00:00Z;-0,05630902;0;1
2019-01-08 11:00:00Z;-0,06524655;0;1
2019-01-09 11:00:00Z;-0,07439928;0;1
2019-01-10 11:00:00Z;-0,08354514;0;1
2019-01-11 11:00:00Z;-0,09255555;0;1
2019-01-12 11:00:00Z;-0,1014305;0;1
2019-01-13 11:00:00Z;-0,1103715;0;1
2019-01-14 11:00:00Z;-0,12;0;1
2019-01-15 11:00:00Z;-0,1293125;0;1
2019-01-16 11:00:00Z;-0,1382535;0;1
2019-01-17 11:00:00Z;-0,1476771;0;1
2019-01-18 11:00:00Z;-0,1567639;0;1
2019-01-19 11:00:00Z;-0,16;0;1
2019-01-20 11:00:00Z;-0,16;0;1
2019-01-21 11:00:00Z;-0,16;0;1
2019-01-22 11:00:00Z;-0,16;0;1
2019-01-23 11:00:00Z;-0,16;0;1
2019-01-24 11:00:00Z;-0,1762708;0;1
2019-01-25 11:00:00Z;-0,1727222;0;1
2019-01-26 11:00:00Z;-0,1712396;0;1
2019-01-27 11:00:00Z;-0,1714757;0;1
2019-01-28 11:00:00Z;-0,1738993;0;1
2019-01-29 11:00:00Z;-0,1942083;0;1
2019-01-30 11:00:00Z;-0,2178437;0;1
2019-01-31 11:00:00Z;-0,2437888;0;1
2019-02-01 11:00:00Z;-0,2706438;0;1
2019-02-02 11:00:00Z;-0,2960702;0;1
2019-02-03 11:00:00Z;-0,3207847;0;1
2019-02-04 11:00:00Z;-0,3447708;0;1
2019-02-05 11:00:00Z;-0,371009;0;1
2019-02-06 11:00:00Z;-0,3971301;0;1
2019-02-07 11:00:00Z;-0,4152902;0;1
2019-02-08 11:00:00Z;-0,4385879;0;1
2019-02-09 11:00:00Z;-0,4649375;0;1
2019-02-10 11:00:00Z;-0,4852109;0;1
2019-02-11 11:00:00Z;-0,5031849;0;1
2019-02-12 11:00:00Z;-0,5107487;0;1
2019-02-13 11:00:00Z;-0,4943803;0;1
2019-02-14 11:00:00Z;-0,3935764;0;1
2019-02-15 11:00:00Z;-0,4109583;0;1
2019-02-16 11:00:00Z;0,1483512;0;1
2019-02-17 11:00:00Z;0,1582984;0;1
2019-02-18 11:00:00Z;0,1232815;0;1
2019-02-19 11:00:00Z;0,09802523;0;1
2019-02-20 11:00:00Z;0,1059053;0;1
2019-02-21 11:00:00Z;0,09316088;0;1
2019-02-22 11:00:00Z;0,09525578;0;1
2019-02-23 11:00:00Z;0,1296354;0;1
2019-02-24 11:00:00Z;0,1440179;0;1
2019-02-25 11:00:00Z;0,1962564;0;1
2019-02-26 11:00:00Z;0,222662;0;1
2019-02-27 11:00:00Z;0,02496644;0;1
2019-02-28 11:00:00Z;0,2007986;0;1
2019-03-01 11:00:00Z;0,1712743;0;1
2019-03-02 11:00:00Z;0,1922729;0;1
2019-03-03 11:00:00Z;0,1669146;0;1
2019-03-04 11:00:00Z;0,1152709;0;1
2019-03-05 11:00:00Z;0,09344584;0;1
2019-03-06 11:00:00Z;0,08383195;0;1
2019-03-07 11:00:00Z;0,0737604;0;1
2019-03-08 11:00:00Z;0,06798264;0;1
2019-03-09 11:00:00Z;0,06229861;0;1
2019-03-10 11:00:00Z;0,05443402;0;1
2019-03-11 11:00:00Z;0,0358993;0;1
2019-03-12 11:00:00Z;-0,04953218;0;1
2019-03-13 11:00:00Z;-0,1463484;0;1
2019-03-14 11:00:00Z;-0,237578;0;1
2019-03-15 11:00:00Z;-0,327766;0;1
2019-03-16 11:00:00Z;-0,4172143;0;1
2019-03-17 11:00:00Z;-0,5062208;0;1
2019-03-18 11:00:00Z;-0,5920549;0;1
2019-03-19 11:00:00Z;-0,6756777;0;1
2019-03-20 11:00:00Z;-0,7441597;0;1
2019-03-21 11:00:00Z;-0,7534549;0;1
2019-03-22 11:00:00Z;-0,7249931;0;1
2019-03-23 11:00:00Z;-0,7111902;0;1
2019-03-24 11:00:00Z;-0,7024868;0;1
2019-03-25 11:00:00Z;-0,732469;0;1
2019-03-26 11:00:00Z;-0,768892;0;1
2019-03-27 11:00:00Z;-0,751559;0;1
2019-03-28 11:00:00Z;-0,499104;0;1
2019-03-29 11:00:00Z;-0,1177049;0;1
2019-03-30 11:00:00Z;0,1198708;0;1
2019-03-31 11:00:00Z;0,1589516;0;1
2019-04-01 11:00:00Z;0,1427227;0;1
2019-04-02 11:00:00Z;0,1273347;0;1
2019-04-03 11:00:00Z;0,08146041;0;1
2019-04-04 11:00:00Z;0,04415973;0;1
2019-04-05 11:00:00Z;0,01849306;0;1
2019-04-06 11:00:00Z;-0,0002222221;0;1
2019-04-07 11:00:00Z;-0,03163542;0;1
2019-04-08 11:00:00Z;-0,07211111;0;1
2019-04-09 11:00:00Z;-0,1285556;0;1
2019-04-10 11:00:00Z;-0,1915868;0;1
2019-04-11 11:00:00Z;-0,2585868;0;1
2019-04-12 11:00:00Z;-0,3226566;0;1
2019-04-13 11:00:00Z;-0,3537079;0;1
2019-04-14 11:00:00Z;-0,3770034;0;1
2019-04-15 11:00:00Z;-0,4063124;0;1
2019-04-16 11:00:00Z;-0,4705209;0;1
2019-04-17 11:00:00Z;-0,5400035;0;1
2019-04-18 11:00:00Z;-0,6064652;0;1
2019-04-19 11:00:00Z;-0,670125;0;1
2019-04-20 11:00:00Z;-0,7283681;0;1
2019-04-21 11:00:00Z;-0,7764305;0;1
2019-04-22 11:00:00Z;-0,8094146;0;1
2019-04-23 11:00:00Z;-0,857013;0;1
2019-04-24 11:00:00Z;-0,9171105;0;1
2019-04-25 11:00:00Z;-0,9818611;0;1
2019-04-26 11:00:00Z;-1,051194;0;1
2019-04-27 11:00:00Z;-1,12116;0;1
2019-04-28 11:00:00Z;-1,193441;0;1
2019-04-29 11:00:00Z;-1,267878;0;1
2019-04-30 11:00:00Z;-1,335716;0;1
2019-05-01 11:00:00Z;-1,38795;0;1
2019-05-02 11:00:00Z;-1,441747;0;1
2019-05-03 11:00:00Z;-1,501101;0;1
2019-05-04 11:00:00Z;-1,535021;0;1
2019-05-05 11:00:00Z;-1,504201;0;1
2019-05-06 11:00:00Z;-1,505891;0;1
2019-05-07 11:00:00Z;-1,569366;0;1
2019-05-08 11:00:00Z;-1,625476;0;1
2019-05-09 11:00:00Z;-1,701017;0;1
2019-05-10 11:00:00Z;-1,78576;0;1
2019-05-11 11:00:00Z;-1,842738;0;1
2019-05-12 11:00:00Z;-1,872178;0;1
2019-05-13 11:00:00Z;-1,922667;0;1
2019-05-14 11:00:00Z;-1,976714;0;1
2019-05-15 11:00:00Z;-2,024483;0;1
2019-05-16 11:00:00Z;-2,059538;0;1
2019-05-17 11:00:00Z;-2,106642;0;1
2019-05-18 11:00:00Z;-2,156555;0;1
2019-05-19 11:00:00Z;-2,212764;0;1
2019-05-20 11:00:00Z;-2,264309;0;1
2019-05-21 11:00:00Z;-2,312191;0;1
2019-05-22 11:00:00Z;-2,355351;0;1
2019-05-23 11:00:00Z;-2,400831;0;1
2019-05-24 11:00:00Z;-2,443097;0;1
2019-05-25 11:00:00Z;-2,488556;0;1
2019-05-26 11:00:00Z;-2,531413;0;1
2019-05-27 11:00:00Z;-2,569684;0;1
2019-05-28 11:00:00Z;-2,603309;0;1
2019-05-29 11:00:00Z;-2,624055;0;1
2019-05-30 11:00:00Z;-2,640788;0;1
2019-05-31 11:00:00Z;-2,630181;0;1
2019-06-01 11:00:00Z;-2,543448;0;1
2019-06-02 11:00:00Z;-2,516423;0;1
2019-06-03 11:00:00Z;-2,522129;0;1
2019-06-04 11:00:00Z;-2,541673;0;1
2019-06-05 11:00:00Z;-2,562663;0;1
2019-06-06 11:00:00Z;-2,593459;0;1
2019-06-07 11:00:00Z;-2,624087;0;1
2019-06-08 11:00:00Z;-2,636133;0;1
2019-06-09 11:00:00Z;-2,659016;0;1
2019-06-10 11:00:00Z;-2,681493;0;1
2019-06-11 11:00:00Z;-2,701049;0;1
2019-06-12 11:00:00Z;-2,709265;0;1
2019-06-13 11:00:00Z;-2,717561;0;1
2019-06-14 11:00:00Z;-2,734278;0;1
2019-06-15 11:00:00Z;-2,738333;0;1
2019-06-16 11:00:00Z;-2,739999;0;1
2019-06-17 11:00:00Z;-2,730406;0;1
2019-06-18 11:00:00Z;-2,711222;0;1
2019-06-19 11:00:00Z;-2,67301;0;1
2019-06-20 11:00:00Z;-2,636814;0;1
2019-06-21 11:00:00Z;-2,612097;0;1
2019-06-22 11:00:00Z;-2,567858;0;1
2019-06-23 11:00:00Z;-2,509257;0;1
2019-06-24 11:00:00Z;-2,454674;0;1
2019-06-25 11:00:00Z;-2,417446;0;1
2019-06-26 11:00:00Z;-2,393596;0;1
2019-06-27 11:00:00Z;-2,365177;0;1
2019-06-28 11:00:00Z;-2,31807;0;1
2019-06-29 11:00:00Z;-2,163777;0;1
2019-06-30 11:00:00Z;-1,893212;0;1
2019-07-01 11:00:00Z;-1,790323;0;1
2019-07-02 11:00:00Z;-1,790968;0;1
2019-07-03 11:00:00Z;-1,791613;0;1
2019-07-04 11:00:00Z;-1,792258;0;1
2019-07-05 11:00:00Z;-1,792903;0;1
2019-07-06 11:00:00Z;-1,793549;0;1
2019-07-07 11:00:00Z;-1,794194;0;1
2019-07-08 11:00:00Z;-1,794839;0;1
2019-07-09 11:00:00Z;-1,795484;0;1
2019-07-10 11:00:00Z;-1,796129;0;1
2019-07-11 11:00:00Z;-1,796775;0;1
2019-07-12 11:00:00Z;-1,79742;0;1
2019-07-13 11:00:00Z;-1,798065;0;1
2019-07-14 11:00:00Z;-1,79871;0;1
2019-07-15 11:00:00Z;-1,799355;0;1
2019-07-16 11:00:00Z;-1,8;0;1
2019-07-17 11:00:00Z;-1,800645;0;1
2019-07-18 11:00:00Z;-1,801291;0;1
2019-07-19 11:00:00Z;-1,801936;0;1
2019-07-20 11:00:00Z;-1,802581;0;1
2019-07-21 11:00:00Z;-1,803226;0;1
2019-07-22 11:00:00Z;-1,803871;0;1
2019-07-23 11:00:00Z;-1,804516;0;1
2019-07-24 11:00:00Z;-1,805161;0;1
2019-07-25 11:00:00Z;-1,805807;0;1
2019-07-26 11:00:00Z;-1,806452;0;1
2019-07-27 11:00:00Z;-1,807097;0;1
2019-07-28 11:00:00Z;-1,807742;0;1
2019-07-29 11:00:00Z;-1,808387;0;1
2019-07-30 11:00:00Z;-1,809032;0;1
2019-07-31 11:00:00Z;-1,809677;0;1
2019-08-01 11:00:00Z;-1,809806;0;1
2019-08-02 11:00:00Z;-1,8;0;1
2019-08-03 11:00:00Z;-1,797499;0;1
2019-08-04 11:00:00Z;-1,789275;0;1
2019-08-05 11:00:00Z;-1,779861;0;1
2019-08-06 11:00:00Z;-1,77484;0;1
2019-08-07 11:00:00Z;-1,800751;0;1
2019-08-08 11:00:00Z;-1,831009;0;1
2019-08-09 11:00:00Z;-1,873218;0;1
2019-08-10 11:00:00Z;-1,936355;0;1
2019-08-11 11:00:00Z;-2,009168;0;1
2019-08-12 11:00:00Z;-2,07175;0;1
2019-08-13 11:00:00Z;-2,102089;0;1
2019-08-14 11:00:00Z;-2,1;0;1
2019-08-15 11:00:00Z;-2,104844;0;1
2019-08-16 11:00:00Z;-2,129191;0;1
2019-08-17 11:00:00Z;-2,15042;0;1
2019-08-18 11:00:00Z;-2,163524;0;1
2019-08-19 11:00:00Z;-2,17309;0;1
2019-08-20 11:00:00Z;-2,190326;0;1
2019-08-21 11:00:00Z;-2,209038;0;1
2019-08-22 11:00:00Z;-2,232477;0;1
2019-08-23 11:00:00Z;-2,257304;0;1
2019-08-24 11:00:00Z;-2,279785;0;1
2019-08-25 11:00:00Z;-2,298424;0;1
2019-08-26 11:00:00Z;-2,30308;0;1
2019-08-27 11:00:00Z;-2,328917;0;1
2019-08-28 11:00:00Z;-2,355118;0;1
2019-08-29 11:00:00Z;-2,386305;0;1
2019-08-30 11:00:00Z;-2,398768;0;1
2019-08-31 11:00:00Z;-2,415531;0;1
2019-09-01 11:00:00Z;;0;1
2019-09-02 11:00:00Z;;0;1
2019-09-03 11:00:00Z;;0;1
2019-09-04 11:00:00Z;;0;1
2019-09-05 11:00:00Z;;0;1
2019-09-06 11:00:00Z;;0;1
2019-09-07 11:00:00Z;;0;1
2019-09-08 11:00:00Z;;0;1
2019-09-09 11:00:00Z;;0;1
2019-09-10 11:00:00Z;;0;1
2019-09-11 11:00:00Z;;0;1
2019-09-12 11:00:00Z;;0;1
2019-09-13 11:00:00Z;;0;1
2019-09-14 11:00:00Z;;0;1
2019-09-15 11:00:00Z;;0;1
2019-09-16 11:00:00Z;;0;1
2019-09-17 11:00:00Z;;0;1
2019-09-18 11:00:00Z;;0;1
2019-09-19 11:00:00Z;;0;1
2019-09-20 11:00:00Z;;0;1
2019-09-21 11:00:00Z;;0;1
2019-09-22 11:00:00Z;;0;1
2019-09-23 11:00:00Z;;0;1
2019-09-24 11:00:00Z;;0;1
2019-09-25 11:00:00Z;;0;1
2019-09-26 11:00:00Z;;0;1
2019-09-27 11:00:00Z;;0;1
2019-09-28 11:00:00Z;;0;1
2019-09-29 11:00:00Z;;0;1
2019-09-30 11:00:00Z;;0;1
2019-10-01 11:00:00Z;;0;1
2019-10-02 11:00:00Z;;0;1
2019-10-03 11:00:00Z;;0;1
2019-10-04 11:00:00Z;;0;1
2019-10-05 11:00:00Z;;0;1
2019-10-06 11:00:00Z;;0;1
2019-10-07 11:00:00Z;;0;1
2019-10-08 11:00:00Z;;0;1
2019-10-09 11:00:00Z;;0;1
2019-10-10 11:00:00Z;;0;1
2019-10-11 11:00:00Z;;0;1
2019-10-12 11:00:00Z;;0;1
2019-10-13 11:00:00Z;;0;1
2019-10-14 11:00:00Z;;0;1
2019-10-15 11:00:00Z;;0;1
2019-10-16 11:00:00Z;;0;1
2019-10-17 11:00:00Z;;0;1
2019-10-18 11:00:00Z;;0;1
2019-10-19 11:00:00Z;;0;1
2019-10-20 11:00:00Z;;0;1
2019-10-21 11:00:00Z;;0;1
2019-10-22 11:00:00Z;;0;1
2019-10-23 11:00:00Z;;0;1
2019-10-24 11:00:00Z;;0;1
2019-10-25 11:00:00Z;;0;1
2019-10-26 11:00:00Z;;0;1
2019-10-27 11:00:00Z;;0;1
2019-10-28 11:00:00Z;;0;1
2019-10-29 11:00:00Z;;0;1
2019-10-30 11:00:00Z;;0;1
2019-10-31 11:00:00Z;;0;1
2019-11-01 11:00:00Z;;0;1
2019-11-02 11:00:00Z;;0;1
2019-11-03 11:00:00Z;;0;1
2019-11-04 11:00:00Z;;0;1
2019-11-05 11:00:00Z;;0;1
2019-11-06 11:00:00Z;;0;1
2019-11-07 11:00:00Z;;0;1
2019-11-08 11:00:00Z;;0;1
2019-11-09 11:00:00Z;;0;1
2019-11-10 11:00:00Z;;0;1
2019-11-11 11:00:00Z;;0;1
2019-11-12 11:00:00Z;;0;1
2019-11-13 11:00:00Z;;0;1
2019-11-14 11:00:00Z;;0;1
2019-11-15 11:00:00Z;;0;1
2019-11-16 11:00:00Z;;0;1
2019-11-17 11:00:00Z;;0;1
2019-11-18 11:00:00Z;;0;1
2019-11-19 11:00:00Z;;0;1
2019-11-20 11:00:00Z;;0;1
2019-11-21 11:00:00Z;;0;1
2019-11-22 11:00:00Z;;0;1
2019-11-23 11:00:00Z;;0;1
2019-11-24 11:00:00Z;;0;1
2019-11-25 11:00:00Z;;0;1
2019-11-26 11:00:00Z;;0;1
2019-11-27 11:00:00Z;;0;1
2019-11-28 11:00:00Z;;0;1
2019-11-29 11:00:00Z;;0;1
2019-11-30 11:00:00Z;;0;1
2019-12-01 11:00:00Z;;0;1
2019-12-02 11:00:00Z;;0;1
2019-12-03 11:00:00Z;;0;1
2019-12-04 11:00:00Z;;0;1
2019-12-05 11:00:00Z;;0;1
2019-12-06 11:00:00Z;;0;1
2019-12-07 11:00:00Z;;0;1
2019-12-08 11:00:00Z;;0;1
2019-12-09 11:00:00Z;;0;1
2019-12-10 11:00:00Z;;0;1
2019-12-11 11:00:00Z;;0;1
2019-12-12 11:00:00Z;;0;1
2019-12-13 11:00:00Z;;0;1
2019-12-14 11:00:00Z;;0;1
2019-12-15 11:00:00Z;;0;1
2019-12-16 11:00:00Z;;0;1
2019-12-17 11:00:00Z;;0;1
2019-12-18 11:00:00Z;;0;1
2019-12-19 11:00:00Z;;0;1
2019-12-20 11:00:00Z;;0;1
2019-12-21 11:00:00Z;;0;1
2019-12-22 11:00:00Z;;0;1
2019-12-23 11:00:00Z;;0;1
2019-12-24 11:00:00Z;;0;1
2019-12-25 11:00:00Z;;0;1
2019-12-26 11:00:00Z;;0;1
2019-12-27 11:00:00Z;;0;1
2019-12-28 11:00:00Z;;0;1
2019-12-29 11:00:00Z;;0;1
2019-12-30 11:00:00Z;;0;1
2019-12-31 11:00:00Z;;0;1
2020-01-01 11:00:00Z;;0;1
2020-01-02 11:00:00Z;;0;1
2020-01-03 11:00:00Z;;0;1
2020-01-04 11:00:00Z;;0;1
2020-01-05 11:00:00Z;;0;1
2020-01-06 11:00:00Z;;0;1
2020-01-07 11:00:00Z;;0;1
2020-01-08 11:00:00Z;;0;1
2020-01-09 11:00:00Z;;0;1
2020-01-10 11:00:00Z;;0;1
2020-01-11 11:00:00Z;;0;1
2020-01-12 11:00:00Z;;0;1
2020-01-13 11:00:00Z;;0;1
2020-01-14 11:00:00Z;;0;1
2020-01-15 11:00:00Z;;0;1
2020-01-16 11:00:00Z;;0;1
2020-01-17 11:00:00Z;;0;1
2020-01-18 11:00:00Z;;0;1
2020-01-19 11:00:00Z;;0;1
2020-01-20 11:00:00Z;;0;1
2020-01-21 11:00:00Z;;0;1
2020-01-22 11:00:00Z;;0;1
2020-01-23 11:00:00Z;;0;1
2020-01-24 11:00:00Z;;0;1
2020-01-25 11:00:00Z;;0;1
2020-01-26 11:00:00Z;;0;1
2020-01-27 11:00:00Z;;0;1
2020-01-28 11:00:00Z;;0;1
2020-01-29 11:00:00Z;;0;1
2020-01-30 11:00:00Z;;0;1
2020-01-31 11:00:00Z;;0;1
2020-02-01 11:00:00Z;;0;1
2020-02-02 11:00:00Z;;0;1
2020-02-03 11:00:00Z;;0;1
2020-02-04 11:00:00Z;;0;1
2020-02-05 11:00:00Z;;0;1
2020-02-06 11:00:00Z;;0;1
2020-02-07 11:00:00Z;;0;1
2020-02-08 11:00:00Z;;0;1
2020-02-09 11:00:00Z;;0;1
2020-02-10 11:00:00Z;;0;1
2020-02-11 11:00:00Z;;0;1
2020-02-12 11:00:00Z;;0;1
2020-02-13 11:00:00Z;;0;1
2020-02-14 11:00:00Z;;0;1
2020-02-15 11:00:00Z;;0;1
2020-02-16 11:00:00Z;;0;1
2020-02-17 11:00:00Z;;0;1
2020-02-18 11:00:00Z;;0;1
2020-02-19 11:00:00Z;;0;1
2020-02-20 11:00:00Z;;0;1
2020-02-21 11:00:00Z;;0;1
2020-02-22 11:00:00Z;;0;1
2020-02-23 11:00:00Z;;0;1
2020-02-24 11:00:00Z;;0;1
2020-02-25 11:00:00Z;;0;1
2020-02-26 11:00:00Z;;0;1
2020-02-27 11:00:00Z;;0;1
2020-02-28 11:00:00Z;;0;1
2020-02-29 11:00:00Z;;0;1
2020-03-01 11:00:00Z;;0;1
2020-03-02 11:00:00Z;;0;1
2020-03-03 11:00:00Z;;0;1
2020-03-04 11:00:00Z;;0;1
2020-03-05 11:00:00Z;;0;1
2020-03-06 11:00:00Z;;0;1
2020-03-07 11:00:00Z;;0;1
2020-03-08 11:00:00Z;;0;1
2020-03-09 11:00:00Z;;0;1
2020-03-10 11:00:00Z;;0;1
2020-03-11 11:00:00Z;;0;1
2020-03-12 11:00:00Z;;0;1
2020-03-13 11:00:00Z;;0;1
2020-03-14 11:00:00Z;;0;1
2020-03-15 11:00:00Z;;0;1
2020-03-16 11:00:00Z;;0;1
2020-03-17 11:00:00Z;;0;1
2020-03-18 11:00:00Z;;0;1
2020-03-19 11:00:00Z;;0;1
2020-03-20 11:00:00Z;;0;1
2020-03-21 11:00:00Z;;0;1
2020-03-22 11:00:00Z;;0;1
2020-03-23 11:00:00Z;;0;1
2020-03-24 11:00:00Z;;0;1
2020-03-25 11:00:00Z;;0;1
2020-03-26 11:00:00Z;;0;1
2020-03-27 11:00:00Z;;0;1
2020-03-28 11:00:00Z;;0;1
2020-03-29 11:00:00Z;;0;1
2020-03-30 11:00:00Z;;0;1
2020-03-31 11:00:00Z;;0;1
2020-04-01 11:00:00Z;;0;1
2020-04-02 11:00:00Z;;0;1
2020-04-03 11:00:00Z;;0;1
2020-04-04 11:00:00Z;;0;1
2020-04-05 11:00:00Z;;0;1
2020-04-06 11:00:00Z;;0;1
2020-04-07 11:00:00Z;;0;1
2020-04-08 11:00:00Z;;0;1
2020-04-09 11:00:00Z;;0;1
2020-04-10 11:00:00Z;;0;1
2020-04-11 11:00:00Z;;0;1
2020-04-12 11:00:00Z;;0;1
2020-04-13 11:00:00Z;;0;1
2020-04-14 11:00:00Z;;0;1
2020-04-15 11:00:00Z;;0;1
2020-04-16 11:00:00Z;;0;1
2020-04-17 11:00:00Z;;0;1
2020-04-18 11:00:00Z;;0;1
2020-04-19 11:00:00Z;;0;1
2020-04-20 11:00:00Z;;0;1
2020-04-21 11:00:00Z;;0;1
2020-04-22 11:00:00Z;;0;1
2020-04-23 11:00:00Z;;0;1
2020-04-24 11:00:00Z;;0;1
2020-04-25 11:00:00Z;;0;1
2020-04-26 11:00:00Z;;0;1
2020-04-27 11:00:00Z;;0;1
2020-04-28 11:00:00Z;;0;1
2020-04-29 11:00:00Z;;0;1
2020-04-30 11:00:00Z;;0;1
2020-05-01 11:00:00Z;;0;1
2020-05-02 11:00:00Z;;0;1
2020-05-03 11:00:00Z;;0;1
2020-05-04 11:00:00Z;;0;1
2020-05-05 11:00:00Z;;0;1
2020-05-06 11:00:00Z;;0;1
2020-05-07 11:00:00Z;;0;1
2020-05-08 11:00:00Z;;0;1
2020-05-09 11:00:00Z;;0;1
2020-05-10 11:00:00Z;;0;1
2020-05-11 11:00:00Z;;0;1
2020-05-12 11:00:00Z;;0;1
2020-05-13 11:00:00Z;;0;1
2020-05-14 11:00:00Z;;0;1
2020-05-15 11:00:00Z;;0;1
2020-05-16 11:00:00Z;;0;1
2020-05-17 11:00:00Z;;0;1
2020-05-18 11:00:00Z;;0;1
2020-05-19 11:00:00Z;;0;1
2020-05-20 11:00:00Z;;0;1
2020-05-21 11:00:00Z;;0;1
2020-05-22 11:00:00Z;;0;1
2020-05-23 11:00:00Z;;0;1
2020-05-24 11:00:00Z;;0;1
2020-05-25 11:00:00Z;;0;1
2020-05-26 11:00:00Z;;0;1
2020-05-27 11:00:00Z;;0;1
2020-05-28 11:00:00Z;;0;1
2020-05-29 11:00:00Z;;0;1
2020-05-30 11:00:00Z;;0;1
2020-05-31 11:00:00Z;;0;1
2020-06-01 11:00:00Z;;0;1
2020-06-02 11:00:00Z;;0;1
2020-06-03 11:00:00Z;;0;1
2020-06-04 11:00:00Z;;0;1
2020-06-05 11:00:00Z;;0;1
2020-06-06 11:00:00Z;;0;1
2020-06-07 11:00:00Z;;0;1
2020-06-08 11:00:00Z;;0;1
2020-06-09 11:00:00Z;;0;1
2020-06-10 11:00:00Z;;0;1
2020-06-11 11:00:00Z;;0;1
2020-06-12 11:00:00Z;;0;1
2020-06-13 11:00:00Z;;0;1
2020-06-14 11:00:00Z;;0;1
2020-06-15 11:00:00Z;;0;1
2020-06-16 11:00:00Z;;0;1
2020-06-17 11:00:00Z;;0;1
2020-06-18 11:00:00Z;;0;1
2020-06-19 11:00:00Z;;0;1
2020-06-20 11:00:00Z;;0;1
2020-06-21 11:00:00Z;;0;1
2020-06-22 11:00:00Z;;0;1
2020-06-23 11:00:00Z;;0;1
2020-06-24 11:00:00Z;;0;1
2020-06-25 11:00:00Z;;0;1
2020-06-26 11:00:00Z;;0;1
2020-06-27 11:00:00Z;;0;1
2020-06-28 11:00:00Z;;0;1
2020-06-29 11:00:00Z;;0;1
2020-06-30 11:00:00Z;;0;1
2020-07-01 11:00:00Z;;0;1
2020-07-02 11:00:00Z;;0;1
2020-07-03 11:00:00Z;;0;1
2020-07-04 11:00:00Z;;0;1
2020-07-05 11:00:00Z;;0;1
2020-07-06 11:00:00Z;;0;1
2020-07-07 11:00:00Z;;0;1
2020-07-08 11:00:00Z;;0;1
2020-07-09 11:00:00Z;;0;1
2020-07-10 11:00:00Z;;0;1
2020-07-11 11:00:00Z;;0;1
2020-07-12 11:00:00Z;;0;1
2020-07-13 11:00:00Z;;0;1
2020-07-14 11:00:00Z;;0;1
2020-07-15 11:00:00Z;;0;1
2020-07-16 11:00:00Z;;0;1
2020-07-17 11:00:00Z;;0;1
2020-07-18 11:00:00Z;;0;1
2020-07-19 11:00:00Z;;0;1
2020-07-20 11:00:00Z;;0;1
2020-07-21 11:00:00Z;;0;1
2020-07-22 11:00:00Z;;0;1
2020-07-23 11:00:00Z;;0;1
2020-07-24 11:00:00Z;;0;1
2020-07-25 11:00:00Z;;0;1
2020-07-26 11:00:00Z;;0;1
2020-07-27 11:00:00Z;;0;1
2020-07-28 11:00:00Z;;0;1
2020-07-29 11:00:00Z;;0;1
2020-07-30 11:00:00Z;;0;1
2020-07-31 11:00:00Z;;0;1
2020-08-01 11:00:00Z;;0;1
2020-08-02 11:00:00Z;;0;1
2020-08-03 11:00:00Z;;0;1
2020-08-04 11:00:00Z;;0;1
2020-08-05 11:00:00Z;;0;1
2020-08-06 11:00:00Z;;0;1
2020-08-07 11:00:00Z;;0;1
2020-08-08 11:00:00Z;;0;1
2020-08-09 11:00:00Z;;0;1
2020-08-10 11:00:00Z;;0;1
2020-08-11 11:00:00Z;;0;1
2020-08-12 11:00:00Z;;0;1
2020-08-13 11:00:00Z;;0;1
2020-08-14 11:00:00Z;;0;1
2020-08-15 11:00:00Z;;0;1
2020-08-16 11:00:00Z;;0;1
2020-08-17 11:00:00Z;;0;1
2020-08-18 11:00:00Z;;0;1
2020-08-19 11:00:00Z;;0;1
2020-08-20 11:00:00Z;;0;1
2020-08-21 11:00:00Z;;0;1
2020-08-22 11:00:00Z;;0;1
2020-08-23 11:00:00Z;;0;1
2020-08-24 11:00:00Z;;0;1
2020-08-25 11:00:00Z;;0;1
2020-08-26 11:00:00Z;;0;1
2020-08-27 11:00:00Z;;0;1
2020-08-28 11:00:00Z;;0;1
2020-08-29 11:00:00Z;;0;1
2020-08-30 11:00:00Z;;0;1
2020-08-31 11:00:00Z;;0;1
2020-09-01 11:00:00Z;;0;1
2020-09-02 11:00:00Z;;0;1
2020-09-03 11:00:00Z;;0;1
2020-09-04 11:00:00Z;;0;1
2020-09-05 11:00:00Z;;0;1
2020-09-06 11:00:00Z;;0;1
2020-09-07 11:00:00Z;;0;1
2020-09-08 11:00:00Z;;0;1
2020-09-09 11:00:00Z;;0;1
2020-09-10 11:00:00Z;;0;1
2020-09-11 11:00:00Z;;0;1
2020-09-12 11:00:00Z;;0;1
2020-09-13 11:00:00Z;;0;1
2020-09-14 11:00:00Z;;0;1
2020-09-15 11:00:00Z;;0;1
2020-09-16 11:00:00Z;;0;1
2020-09-17 11:00:00Z;;0;1
2020-09-18 11:00:00Z;;0;1
2020-09-19 11:00:00Z;;0;1
2020-09-20 11:00:00Z;;0;1
2020-09-21 11:00:00Z;;0;1
2020-09-22 11:00:00Z;;0;1
2020-09-23 11:00:00Z;;0;1
2020-09-24 11:00:00Z;;0;1
2020-09-25 11:00:00Z;;0;1
2020-09-26 11:00:00Z;;0;1
2020-09-27 11:00:00Z;;0;1
2020-09-28 11:00:00Z;;0;1
2020-09-29 11:00:00Z;;0;1
2020-09-30 11:00:00Z;;0;1
2020-10-01 11:00:00Z;;0;1
2020-10-02 11:00:00Z;;0;1
2020-10-03 11:00:00Z;;0;1
2020-10-04 11:00:00Z;;0;1
2020-10-05 11:00:00Z;;0;1
2020-10-06 11:00:00Z;;0;1
2020-10-07 11:00:00Z;;0;1
2020-10-08 11:00:00Z;;0;1
2020-10-09 11:00:00Z;;0;1
2020-10-10 11:00:00Z;;0;1
2020-10-11 11:00:00Z;;0;1
2020-10-12 11:00:00Z;;0;1
2020-10-13 11:00:00Z;;0;1
2020-10-14 11:00:00Z;;0;1
2020-10-15 11:00:00Z;;0;1
2020-10-16 11:00:00Z;;0;1
2020-10-17 11:00:00Z;;0;1
2020-10-18 11:00:00Z;;0;1
2020-10-19 11:00:00Z;;0;1
2020-10-20 11:00:00Z;;0;1
2020-10-21 11:00:00Z;;0;1
2020-10-22 11:00:00Z;;0;1
2020-10-23 11:00:00Z;;0;1
2020-10-24 11:00:00Z;;0;1
2020-10-25 11:00:00Z;;0;1
2020-10-26 11:00:00Z;;0;1
2020-10-27 11:00:00Z;;0;1
2020-10-28 11:00:00Z;;0;1
2020-10-29 11:00:00Z;;0;1
2020-10-30 11:00:00Z;;0;1
2020-10-31 11:00:00Z;;0;1
2020-11-01 11:00:00Z;;0;1
2020-11-02 11:00:00Z;;0;1
2020-11-03 11:00:00Z;;0;1
2020-11-04 11:00:00Z;;0;1
2020-11-05 11:00:00Z;;0;1
2020-11-06 11:00:00Z;;0;1
2020-11-07 11:00:00Z;;0;1
2020-11-08 11:00:00Z;;0;1
2020-11-09 11:00:00Z;;0;1
2020-11-10 11:00:00Z;;0;1
2020-11-11 11:00:00Z;;0;1
2020-11-12 11:00:00Z;;0;1
2020-11-13 11:00:00Z;;0;1
2020-11-14 11:00:00Z;;0;1
2020-11-15 11:00:00Z;;0;1
2020-11-16 11:00:00Z;;0;1
2020-11-17 11:00:00Z;;0;1
2020-11-18 11:00:00Z;;0;1
2020-11-19 11:00:00Z;;0;1
2020-11-20 11:00:00Z;;0;1
2020-11-21 11:00:00Z;;0;1
2020-11-22 11:00:00Z;;0;1
2020-11-23 11:00:00Z;;0;1
2020-11-24 11:00:00Z;;0;1
2020-11-25 11:00:00Z;;0;1
2020-11-26 11:00:00Z;;0;1
2020-11-27 11:00:00Z;;0;1
2020-11-28 11:00:00Z;;0;1
2020-11-29 11:00:00Z;;0;1
2020-11-30 11:00:00Z;;0;1
2020-12-01 11:00:00Z;;0;1
2020-12-02 11:00:00Z;;0;1
2020-12-03 11:00:00Z;;0;1
2020-12-04 11:00:00Z;;0;1
2020-12-05 11:00:00Z;;0;1
2020-12-06 11:00:00Z;;0;1
2020-12-07 11:00:00Z;;0;1
2020-12-08 11:00:00Z;;0;1
2020-12-09 11:00:00Z;;0;1
2020-12-10 11:00:00Z;;0;1
2020-12-11 11:00:00Z;;0;1
2020-12-12 11:00:00Z;;0;1
2020-12-13 11:00:00Z;;0;1
2020-12-14 11:00:00Z;;0;1
2020-12-15 11:00:00Z;;0;1
2020-12-16 11:00:00Z;;0;1
2020-12-17 11:00:00Z;;0;1
2020-12-18 11:00:00Z;;0;1
2020-12-19 11:00:00Z;;0;1
2020-12-20 11:00:00Z;;0;1
2020-12-21 11:00:00Z;;0;1
2020-12-22 11:00:00Z;;0;1
2020-12-23 11:00:00Z;;0;1
2020-12-24 11:00:00Z;;0;1
2020-12-25 11:00:00Z;;0;1
2020-12-26 11:00:00Z;;0;1
2020-12-27 11:00:00Z;;0;1
2020-12-28 11:00:00Z;;0;1
2020-12-29 11:00:00Z;;0;1
2020-12-30 11:00:00Z;;0;1
2020-12-31 11:00:00Z;;0;1
2021-01-01 11:00:00Z;;0;1
2021-01-02 11:00:00Z;;0;1
2021-01-03 11:00:00Z;;0;1
2021-01-04 11:00:00Z;;0;1
2021-01-05 11:00:00Z;;0;1
2021-01-06 11:00:00Z;;0;1
2021-01-07 11:00:00Z;;0;1
2021-01-08 11:00:00Z;;0;1
2021-01-09 11:00:00Z;;0;1
2021-01-10 11:00:00Z;;0;1
2021-01-11 11:00:00Z;;0;1
2021-01-12 11:00:00Z;;0;1
2021-01-13 11:00:00Z;;0;1
2021-01-14 11:00:00Z;;0;1
2021-01-15 11:00:00Z;;0;1
2021-01-16 11:00:00Z;;0;1
2021-01-17 11:00:00Z;;0;1
2021-01-18 11:00:00Z;;0;1
2021-01-19 11:00:00Z;;0;1
2021-01-20 11:00:00Z;;0;1
2021-01-21 11:00:00Z;;0;1
2021-01-22 11:00:00Z;;0;1
2021-01-23 11:00:00Z;;0;1
2021-01-24 11:00:00Z;;0;1
2021-01-25 11:00:00Z;;0;1
2021-01-26 11:00:00Z;;0;1
2021-01-27 11:00:00Z;;0;1
2021-01-28 11:00:00Z;;0;1
2021-01-29 11:00:00Z;;0;1
2021-01-30 11:00:00Z;;0;1
2021-01-31 11:00:00Z;;0;1
2021-02-01 11:00:00Z;;0;1
2021-02-02 11:00:00Z;;0;1
2021-02-03 11:00:00Z;;0;1
2021-02-04 11:00:00Z;;0;1
2021-02-05 11:00:00Z;;0;1
2021-02-06 11:00:00Z;;0;1
2021-02-07 11:00:00Z;;0;1
2021-02-08 11:00:00Z;;0;1
2021-02-09 11:00:00Z;;0;1
2021-02-10 11:00:00Z;;0;1
2021-02-11 11:00:00Z;;0;1
2021-02-12 11:00:00Z;;0;1
2021-02-13 11:00:00Z;;0;1
2021-02-14 11:00:00Z;;0;1
2021-02-15 11:00:00Z;;0;1
2021-02-16 11:00:00Z;;0;1
2021-02-17 11:00:00Z;;0;1
2021-02-18 11:00:00Z;;0;1
2021-02-19 11:00:00Z;;0;1
2021-02-20 11:00:00Z;;0;1
2021-02-21 11:00:00Z;;0;1
2021-02-22 11:00:00Z;;0;1
2021-02-23 11:00:00Z;;0;1
2021-02-24 11:00:00Z;;0;1
2021-02-25 11:00:00Z;;0;1
2021-02-26 11:00:00Z;;0;1
2021-02-27 11:00:00Z;;0;1
2021-02-28 11:00:00Z;;0;1
2021-03-01 11:00:00Z;;0;1
2021-03-02 11:00:00Z;;0;1
2021-03-03 11:00:00Z;;0;1
2021-03-04 11:00:00Z;;0;1
2021-03-05 11:00:00Z;;0;1
2021-03-06 11:00:00Z;;0;1
2021-03-07 11:00:00Z;;0;1
2021-03-08 11:00:00Z;;0;1
2021-03-09 11:00:00Z;;0;1
2021-03-10 11:00:00Z;;0;1
2021-03-11 11:00:00Z;;0;1
2021-03-12 11:00:00Z;;0;1
2021-03-13 11:00:00Z;;0;1
2021-03-14 11:00:00Z;;0;1
2021-03-15 11:00:00Z;;0;1
2021-03-16 11:00:00Z;;0;1
2021-03-17 11:00:00Z;;0;1
2021-03-18 11:00:00Z;;0;1
2021-03-19 11:00:00Z;;0;1
2021-03-20 11:00:00Z;;0;1
2021-03-21 11:00:00Z;;0;1
2021-03-22 11:00:00Z;;0;1
2021-03-23 11:00:00Z;;0;1
2021-03-24 11:00:00Z;;0;1
2021-03-25 11:00:00Z;;0;1
2021-03-26 11:00:00Z;;0;1
2021-03-27 11:00:00Z;;0;1
2021-03-28 11:00:00Z;;0;1
2021-03-29 11:00:00Z;;0;1
2021-03-30 11:00:00Z;;0;1
2021-03-31 11:00:00Z;;0;1
2021-04-01 11:00:00Z;;0;1
2021-04-02 11:00:00Z;;0;1
2021-04-03 11:00:00Z;;0;1
2021-04-04 11:00:00Z;;0;1
2021-04-05 11:00:00Z;;0;1
2021-04-06 11:00:00Z;;0;1
2021-04-07 11:00:00Z;;0;1
2021-04-08 11:00:00Z;;0;1
2021-04-09 11:00:00Z;;0;1
2021-04-10 11:00:00Z;;0;1
2021-04-11 11:00:00Z;;0;1
2021-04-12 11:00:00Z;;0;1
2021-04-13 11:00:00Z;;0;1
2021-04-14 11:00:00Z;;0;1
2021-04-15 11:00:00Z;;0;1
2021-04-16 11:00:00Z;;0;1
2021-04-17 11:00:00Z;;0;1
2021-04-18 11:00:00Z;;0;1
2021-04-19 11:00:00Z;;0;1
2021-04-20 11:00:00Z;;0;1
2021-04-21 11:00:00Z;;0;1
2021-04-22 11:00:00Z;;0;1
2021-04-23 11:00:00Z;;0;1
2021-04-24 11:00:00Z;;0;1
2021-04-25 11:00:00Z;;0;1
2021-04-26 11:00:00Z;;0;1
2021-04-27 11:00:00Z;;0;1
2021-04-28 11:00:00Z;;0;1
2021-04-29 11:00:00Z;;0;1
2021-04-30 11:00:00Z;;0;1
2021-05-01 11:00:00Z;;0;1
2021-05-02 11:00:00Z;;0;1
2021-05-03 11:00:00Z;;0;1
2021-05-04 11:00:00Z;;0;1
2021-05-05 11:00:00Z;;0;1
2021-05-06 11:00:00Z;;0;1
2021-05-07 11:00:00Z;;0;1
2021-05-08 11:00:00Z;;0;1
2021-05-09 11:00:00Z;;0;1
2021-05-10 11:00:00Z;;0;1
2021-05-11 11:00:00Z;;0;1
2021-05-12 11:00:00Z;;0;1
2021-05-13 11:00:00Z;;0;1
2021-05-14 11:00:00Z;;0;1
2021-05-15 11:00:00Z;;0;1
2021-05-16 11:00:00Z;;0;1
2021-05-17 11:00:00Z;;0;1
2021-05-18 11:00:00Z;;0;1
2021-05-19 11:00:00Z;;0;1
2021-05-20 11:00:00Z;;0;1
2021-05-21 11:00:00Z;;0;1
2021-05-22 11:00:00Z;;0;1
2021-05-23 11:00:00Z;;0;1
2021-05-24 11:00:00Z;;0;1
2021-05-25 11:00:00Z;;0;1
2021-05-26 11:00:00Z;;0;1
2021-05-27 11:00:00Z;;0;1
2021-05-28 11:00:00Z;;0;1
2021-05-29 11:00:00Z;;0;1
2021-05-30 11:00:00Z;;0;1
2021-05-31 11:00:00Z;;0;1
2021-06-01 11:00:00Z;;0;1
2021-06-02 11:00:00Z;;0;1
2021-06-03 11:00:00Z;;0;1
2021-06-04 11:00:00Z;;0;1
2021-06-05 11:00:00Z;;0;1
2021-06-06 11:00:00Z;;0;1
2021-06-07 11:00:00Z;;0;1
2021-06-08 11:00:00Z;;0;1
2021-06-09 11:00:00Z;;0;1
2021-06-10 11:00:00Z;;0;1
2021-06-11 11:00:00Z;;0;1
2021-06-12 11:00:00Z;;0;1
2021-06-13 11:00:00Z;;0;1
2021-06-14 11:00:00Z;;0;1
2021-06-15 11:00:00Z;;0;1
2021-06-16 11:00:00Z;;0;1
2021-06-17 11:00:00Z;;0;1
2021-06-18 11:00:00Z;;0;1
2021-06-19 11:00:00Z;;0;1
2021-06-20 11:00:00Z;;0;1
2021-06-21 11:00:00Z;;0;1
2021-06-22 11:00:00Z;;0;1
2021-06-23 11:00:00Z;;0;1
2021-06-24 11:00:00Z;;0;1
2021-06-25 11:00:00Z;;0;1
2021-06-26 11:00:00Z;;0;1
2021-06-27 11:00:00Z;;0;1
2021-06-28 11:00:00Z;;0;1
2021-06-29 11:00:00Z;;0;1
2021-06-30 11:00:00Z;;0;1
2021-07-01 11:00:00Z;;0;1
2021-07-02 11:00:00Z;;0;1
2021-07-03 11:00:00Z;;0;1
2021-07-04 11:00:00Z;;0;1
2021-07-05 11:00:00Z;;0;1
2021-07-06 11:00:00Z;;0;1
2021-07-07 11:00:00Z;;0;1
2021-07-08 11:00:00Z;;0;1
2021-07-09 11:00:00Z;;0;1
2021-07-10 11:00:00Z;;0;1
2021-07-11 11:00:00Z;;0;1
2021-07-12 11:00:00Z;;0;1
2021-07-13 11:00:00Z;;0;1
2021-07-14 11:00:00Z;;0;1
2021-07-15 11:00:00Z;;0;1
2021-07-16 11:00:00Z;;0;1
2021-07-17 11:00:00Z;;0;1
2021-07-18 11:00:00Z;;0;1
2021-07-19 11:00:00Z;;0;1
2021-07-20 11:00:00Z;;0;1
2021-07-21 11:00:00Z;;0;1
2021-07-22 11:00:00Z;;0;1
2021-07-23 11:00:00Z;;0;1
2021-07-24 11:00:00Z;;0;1
2021-07-25 11:00:00Z;;0;1
2021-07-26 11:00:00Z;;0;1
2021-07-27 11:00:00Z;;0;1
2021-07-28 11:00:00Z;;0;1
2021-07-29 11:00:00Z;;0;1
2021-07-30 11:00:00Z;;0;1
2021-07-31 11:00:00Z;;0;1
2021-08-01 11:00:00Z;;0;1
2021-08-02 11:00:00Z;;0;1
2021-08-03 11:00:00Z;;0;1
2021-08-04 11:00:00Z;;0;1
2021-08-05 11:00:00Z;;0;1
2021-08-06 11:00:00Z;;0;1
2021-08-07 11:00:00Z;;0;1
2021-08-08 11:00:00Z;;0;1
2021-08-09 11:00:00Z;;0;1
2021-08-10 11:00:00Z;;0;1
2021-08-11 11:00:00Z;;0;1
2021-08-12 11:00:00Z;;0;1
2021-08-13 11:00:00Z;;0;1
2021-08-14 11:00:00Z;;0;1
2021-08-15 11:00:00Z;;0;1
2021-08-16 11:00:00Z;;0;1
2021-08-17 11:00:00Z;;0;1
2021-08-18 11:00:00Z;;0;1
2021-08-19 11:00:00Z;;0;1
2021-08-20 11:00:00Z;;0;1
2021-08-21 11:00:00Z;;0;1
2021-08-22 11:00:00Z;;0;1
2021-08-23 11:00:00Z;;0;1
2021-08-24 11:00:00Z;;0;1
2021-08-25 11:00:00Z;;0;1
2021-08-26 11:00:00Z;;0;1
2021-08-27 11:00:00Z;;0;1
2021-08-28 11:00:00Z;;0;1
2021-08-29 11:00:00Z;;0;1
2021-08-30 11:00:00Z;;0;1
2021-08-31 11:00:00Z;;0;1
2021-09-01 11:00:00Z;;0;1
2021-09-02 11:00:00Z;;0;1
2021-09-03 11:00:00Z;;0;1
2021-09-04 11:00:00Z;;0;1
2021-09-05 11:00:00Z;;0;1
2021-09-06 11:00:00Z;;0;1
2021-09-07 11:00:00Z;;0;1
2021-09-08 11:00:00Z;;0;1
2021-09-09 11:00:00Z;;0;1
2021-09-10 11:00:00Z;;0;1
2021-09-11 11:00:00Z;;0;1
2021-09-12 11:00:00Z;;0;1
2021-09-13 11:00:00Z;;0;1
2021-09-14 11:00:00Z;;0;1
2021-09-15 11:00:00Z;;0;1
2021-09-16 11:00:00Z;;0;1
2021-09-17 11:00:00Z;;0;1
2021-09-18 11:00:00Z;;0;1
2021-09-19 11:00:00Z;;0;1
2021-09-20 11:00:00Z;;0;1
2021-09-21 11:00:00Z;;0;1
2021-09-22 11:00:00Z;;0;1
2021-09-23 11:00:00Z;;0;1
2021-09-24 11:00:00Z;;0;1
2021-09-25 11:00:00Z;;0;1
2021-09-26 11:00:00Z;;0;1
2021-09-27 11:00:00Z;;0;1
2021-09-28 11:00:00Z;;0;1
2021-09-29 11:00:00Z;;0;1
2021-09-30 11:00:00Z;;0;1
2021-10-01 11:00:00Z;;0;1
2021-10-02 11:00:00Z;;0;1
2021-10-03 11:00:00Z;;0;1
2021-10-04 11:00:00Z;;0;1
2021-10-05 11:00:00Z;;0;1
2021-10-06 11:00:00Z;;0;1
2021-10-07 11:00:00Z;;0;1
2021-10-08 11:00:00Z;;0;1
2021-10-09 11:00:00Z;;0;1
2021-10-10 11:00:00Z;;0;1
2021-10-11 11:00:00Z;;0;1
2021-10-12 11:00:00Z;;0;1
2021-10-13 11:00:00Z;;0;1
2021-10-14 11:00:00Z;;0;1
2021-10-15 11:00:00Z;;0;1
2021-10-16 11:00:00Z;;0;1
2021-10-17 11:00:00Z;;0;1
2021-10-18 11:00:00Z;;0;1
2021-10-19 11:00:00Z;;0;1
2021-10-20 11:00:00Z;;0;1
2021-10-21 11:00:00Z;;0;1
2021-10-22 11:00:00Z;;0;1
2021-10-23 11:00:00Z;;0;1
2021-10-24 11:00:00Z;;0;1
2021-10-25 11:00:00Z;;0;1
2021-10-26 11:00:00Z;;0;1
2021-10-27 11:00:00Z;;0;1
2021-10-28 11:00:00Z;;0;1
2021-10-29 11:00:00Z;;0;1
2021-10-30 11:00:00Z;;0;1
2021-10-31 11:00:00Z;;0;1
2021-11-01 11:00:00Z;;0;1
2021-11-02 11:00:00Z;;0;1
2021-11-03 11:00:00Z;;0;1
2021-11-04 11:00:00Z;;0;1
2021-11-05 11:00:00Z;;0;1
2021-11-06 11:00:00Z;;0;1
2021-11-07 11:00:00Z;;0;1
2021-11-08 11:00:00Z;;0;1
2021-11-09 11:00:00Z;;0;1
2021-11-10 11:00:00Z;;0;1
2021-11-11 11:00:00Z;;0;1
2021-11-12 11:00:00Z;;0;1
2021-11-13 11:00:00Z;;0;1
2021-11-14 11:00:00Z;;0;1
2021-11-15 11:00:00Z;;0;1
2021-11-16 11:00:00Z;;0;1
2021-11-17 11:00:00Z;;0;1
2021-11-18 11:00:00Z;;0;1
2021-11-19 11:00:00Z;;0;1
2021-11-20 11:00:00Z;;0;1
2021-11-21 11:00:00Z;;0;1
2021-11-22 11:00:00Z;;0;1
2021-11-23 11:00:00Z;;0;1
2021-11-24 11:00:00Z;;0;1
2021-11-25 11:00:00Z;;0;1
2021-11-26 11:00:00Z;;0;1
2021-11-27 11:00:00Z;;0;1
2021-11-28 11:00:00Z;;0;1
2021-11-29 11:00:00Z;;0;1
2021-11-30 11:00:00Z;;0;1
2021-12-01 11:00:00Z;;0;1
2021-12-02 11:00:00Z;;0;1
2021-12-03 11:00:00Z;;0;1
2021-12-04 11:00:00Z;;0;1
2021-12-05 11:00:00Z;;0;1
2021-12-06 11:00:00Z;;0;1
2021-12-07 11:00:00Z;;0;1
2021-12-08 11:00:00Z;;0;1
2021-12-09 11:00:00Z;;0;1
2021-12-10 11:00:00Z;;0;1
2021-12-11 11:00:00Z;;0;1
2021-12-12 11:00:00Z;;0;1
2021-12-13 11:00:00Z;;0;1
2021-12-14 11:00:00Z;;0;1
2021-12-15 11:00:00Z;;0;1
2021-12-16 11:00:00Z;;0;1
2021-12-17 11:00:00Z;;0;1
2021-12-18 11:00:00Z;;0;1
2021-12-19 11:00:00Z;;0;1
2021-12-20 11:00:00Z;;0;1
2021-12-21 11:00:00Z;;0;1
2021-12-22 11:00:00Z;;0;1
2021-12-23 11:00:00Z;;0;1
2021-12-24 11:00:00Z;;0;1
2021-12-25 11:00:00Z;;0;1
2021-12-26 11:00:00Z;;0;1
2021-12-27 11:00:00Z;;0;1
2021-12-28 11:00:00Z;;0;1
2021-12-29 11:00:00Z;;0;1
2021-12-30 11:00:00Z;;0;1
2021-12-31 11:00:00Z;;0;1
2022-01-01 11:00:00Z;-0,00065;0;1
2022-01-02 11:00:00Z;0,004585417;0;1
2022-01-03 11:00:00Z;0,01815416;0;1
2022-01-04 11:00:00Z;0,01969999;0;1
2022-01-05 11:00:00Z;0,01969999;0;1
2022-01-06 11:00:00Z;0,0197125;0;1
2022-01-07 11:00:00Z;0,01906875;0;1
2022-01-08 11:00:00Z;0,0148;0;1
2022-01-09 11:00:00Z;0,009997916;0;1
2022-01-10 11:00:00Z;0,0051;0;1
2022-01-11 11:00:00Z;0,0003;0;1
2022-01-12 11:00:00Z;0,05010208;0;1
2022-01-13 11:00:00Z;0,5641562;0;1
2022-01-14 11:00:00Z;0,3728063;0;1
2022-01-15 11:00:00Z;0,201;0;1
2022-01-16 11:00:00Z;0,1555875;0;1
2022-01-17 11:00:00Z;0,1448542;0;1
2022-01-18 11:00:00Z;0,1531208;0;1
2022-01-19 11:00:00Z;0,362075;0;1
2022-01-20 11:00:00Z;0,2846917;0;1
2022-01-21 11:00:00Z;0,1620167;0;1
2022-01-22 11:00:00Z;0,1661729;0;1
2022-01-23 11:00:00Z;0,2508083;0;1
2022-01-24 11:00:00Z;0,2376375;0;1
2022-01-25 11:00:00Z;0,2030771;0;1
2022-01-26 11:00:00Z;0,1757125;0;1
2022-01-27 11:00:00Z;0,1920459;0;1
2022-01-28 11:00:00Z;0,1417625;0;1
2022-01-29 11:00:00Z;0,1288979;0;1
2022-01-30 11:00:00Z;0,1471333;0;1
2022-01-31 11:00:00Z;0,1038021;0;1
2022-02-01 11:00:00Z;0,06513125;0;1
2022-02-02 11:00:00Z;0,03846458;0;1
2022-02-03 11:00:00Z;0,0307;0;1
2022-02-04 11:00:00Z;0,02161667;0;1
2022-02-05 11:00:00Z;0,01558958;0;1
2022-02-06 11:00:00Z;0,01559583;0;1
2022-02-07 11:00:00Z;0,02061041;0;1
2022-02-08 11:00:00Z;0,02487708;0;1
2022-02-09 11:00:00Z;0,02892709;0;1
2022-02-10 11:00:00Z;0,02583125;0;1
2022-02-11 11:00:00Z;0,02273125;0;1
2022-02-12 11:00:00Z;0,01963125;0;1
2022-02-13 11:00:00Z;0,01653125;0;1
2022-02-14 11:00:00Z;0,01343125;0;1
2022-02-15 11:00:00Z;0,01033125;0;1
2022-02-16 11:00:00Z;0,007235416;0;1
2022-02-17 11:00:00Z;0,0050375;0;1
2022-02-18 11:00:00Z;0,0018375;0;1
2022-02-19 11:00:00Z;-0,002016667;0;1
2022-02-20 11:00:00Z;-0,003756251;0;1
2022-02-21 11:00:00Z;-0,01198958;0;1
2022-02-22 11:00:00Z;-0,01592083;0;1
2022-02-23 11:00:00Z;-0,01533958;0;1
2022-02-24 11:00:00Z;-0,01718125;0;1
2022-02-25 11:00:00Z;-0,01806249;0;1
2022-02-26 11:00:00Z;-0,02304792;0;1
2022-02-27 11:00:00Z;-0,03211667;0;1
2022-02-28 11:00:00Z;-0,05010625;0;1
2022-03-01 11:00:00Z;-0,1113292;0;1
2022-03-02 11:00:00Z;-0,1382708;0;1
2022-03-03 11:00:00Z;-0,1231375;0;1
2022-03-04 11:00:00Z;-0,1465313;0;1
2022-03-05 11:00:00Z;-0,1932146;0;1
2022-03-06 11:00:00Z;-0,2342021;0;1
2022-03-07 11:00:00Z;-0,2002042;0;1
2022-03-08 11:00:00Z;-0,1093271;0;1
2022-03-09 11:00:00Z;-0,09259585;0;1
2022-03-10 11:00:00Z;-0,1216813;0;1
2022-03-11 11:00:00Z;-0,1589646;0;1
2022-03-12 11:00:00Z;-0,1926354;0;1
2022-03-13 11:00:00Z;-0,2352104;0;1
2022-03-14 11:00:00Z;-0,2843416;0;1
2022-03-15 11:00:00Z;-0,3337938;0;1
2022-03-16 11:00:00Z;-0,386825;0;1
2022-03-17 11:00:00Z;-0,4370979;0;1
2022-03-18 11:00:00Z;-0,4645438;0;1
2022-03-19 11:00:00Z;-0,4567854;0;1
2022-03-20 11:00:00Z;-0,377775;0;1
2022-03-21 11:00:00Z;-0,3696229;0;1
2022-03-22 11:00:00Z;-0,3956771;0;1
2022-03-23 11:00:00Z;-0,4301687;0;1
2022-03-24 11:00:00Z;-0,2669979;0;1
2022-03-25 11:00:00Z;0,2667729;0;1
2022-03-26 11:00:00Z;0,2287458;0;1
2022-03-27 11:00:00Z;0,1845938;0;1
2022-03-28 11:00:00Z;0,3189875;0;1
2022-03-29 11:00:00Z;0,1851604;0;1
2022-03-30 11:00:00Z;0,09856043;0;1
2022-03-31 11:00:00Z;0,0808375;0;1
2022-04-01 11:00:00Z;0,07463333;0;1
2022-04-02 11:00:00Z;0,06842916;0;1
2022-04-03 11:00:00Z;0,06222917;0;1
2022-04-04 11:00:00Z;0,05602499;0;1
2022-04-05 11:00:00Z;0,04982083;0;1
2022-04-06 11:00:00Z;0,04610833;0;1
2022-04-07 11:00:00Z;0,04075626;0;1
2022-04-08 11:00:00Z;0,03617501;0;1
2022-04-09 11:00:00Z;0,04242083;0;1
2022-04-10 11:00:00Z;0,045075;0;1
2022-04-11 11:00:00Z;0,08776458;0;1
2022-04-12 11:00:00Z;0,1864917;0;1
2022-04-13 11:00:00Z;0,1499292;0;1
2022-04-14 11:00:00Z;0,08987293;0;1
2022-04-15 11:00:00Z;0,03822916;0;1
2022-04-16 11:00:00Z;-0,003095833;0;1
2022-04-17 11:00:00Z;-0,005512499;0;1
2022-04-18 11:00:00Z;-0,01147917;0;1
2022-04-19 11:00:00Z;-0,002104167;0;1
2022-04-20 11:00:00Z;0,01291667;0;1
2022-04-21 11:00:00Z;0,01700417;0;1
2022-04-22 11:00:00Z;0,0186625;0;1
2022-04-23 11:00:00Z;0,009827084;0;1
2022-04-24 11:00:00Z;0,0008520837;0;1
2022-04-25 11:00:00Z;-0,006466667;0;1
2022-04-26 11:00:00Z;-0,005772917;0;1
2022-04-27 11:00:00Z;-0,02203542;0;1
2022-04-28 11:00:00Z;-0,04024791;0;1
2022-04-29 11:00:00Z;-0,04629792;0;1
2022-04-30 11:00:00Z;-0,06151459;0;1
2022-05-01 11:00:00Z;-0,06933124;0;1
2022-05-02 11:00:00Z;-0,07501251;0;1
2022-05-03 11:00:00Z;-0,07810624;0;1
2022-05-04 11:00:00Z;-0,1023146;0;1
2022-05-05 11:00:00Z;-0,1359937;0;1
2022-05-06 11:00:00Z;-0,1629208;0;1
2022-05-07 11:00:00Z;-0,1778833;0;1
2022-05-08 11:00:00Z;-0,1775125;0;1
2022-05-09 11:00:00Z;-0,1762437;0;1
2022-05-10 11:00:00Z;-0,1971854;0;1
2022-05-11 11:00:00Z;;0;1
2022-05-12 11:00:00Z;-0,2553333;0;1
2022-05-13 11:00:00Z;-0,2658562;0;1
2022-05-14 11:00:00Z;-0,257975;0;1
2022-05-15 11:00:00Z;-0,2031708;0;1
2022-05-16 11:00:00Z;-0,1969958;0;1
2022-05-17 11:00:00Z;-0,2280167;0;1
2022-05-18 11:00:00Z;-0,275325;0;1
2022-05-19 11:00:00Z;-0,3298875;0;1
2022-05-20 11:00:00Z;-0,3888645;0;1
2022-05-21 11:00:00Z;-0,4456833;0;1
2022-05-22 11:00:00Z;-0,4991792;0;1
2022-05-23 11:00:00Z;-0,5481042;0;1
2022-05-24 11:00:00Z;-0,5996937;0;1
2022-05-25 11:00:00Z;-0,6069374;0;1
2022-05-26 11:00:00Z;-0,6082625;0;1
2022-05-27 11:00:00Z;-0,6139521;0;1
2022-05-28 11:00:00Z;-0,569998;0;1
2022-05-29 11:00:00Z;-0,2197542;0;1
2022-05-30 11:00:00Z;-0,04563126;0;1
2022-05-31 11:00:00Z;-0,002660417;0;1
2022-06-01 11:00:00Z;0,007370834;0;1
2022-06-02 11:00:00Z;-0,03836875;0;1
2022-06-03 11:00:00Z;-0,09601458;0;1
2022-06-04 11:00:00Z;-0,1221896;0;1
2022-06-05 11:00:00Z;-0,1148;0;1
2022-06-06 11:00:00Z;-0,1087583;0;1
2022-06-07 11:00:00Z;-0,1307021;0;1
2022-06-08 11:00:00Z;-0,1621167;0;1
2022-06-09 11:00:00Z;-0,1962354;0;1
2022-06-10 11:00:00Z;-0,2302354;0;1
2022-06-11 11:00:00Z;-0,2630354;0;1
2022-06-12 11:00:00Z;-0,2994855;0;1
2022-06-13 11:00:00Z;-0,3330396;0;1
2022-06-14 11:00:00Z;-0,3524542;0;1
2022-06-15 11:00:00Z;-0,3405;0;1
2022-06-16 11:00:00Z;-0,3115438;0;1
2022-06-17 11:00:00Z;-0,2865229;0;1
2022-06-18 11:00:00Z;-0,2894334;0;1
2022-06-19 11:00:00Z;-0,2926562;0;1
2022-06-20 11:00:00Z;-0,317365;0;1
2022-06-21 11:00:00Z;-0,3711333;0;1
2022-06-22 11:00:00Z;-0,4175563;0;1
2022-06-23 11:00:00Z;-0,3500667;0;1
2022-06-24 11:00:00Z;-0,2125271;0;1
2022-06-25 11:00:00Z;-0,2051187;0;1
2022-06-26 11:00:00Z;-0,2160542;0;1
2022-06-27 11:00:00Z;-0,2440417;0;1
2022-06-28 11:00:00Z;-0,2565854;0;1
2022-06-29 11:00:00Z;-0,1536562;0;1
2022-06-30 11:00:00Z;-0,1176375;0;1
2022-07-01 11:00:00Z;-0,1299542;0;1
2022-07-02 11:00:00Z;-0,1578917;0;1
2022-07-03 11:00:00Z;-0,1667896;0;1
2022-07-04 11:00:00Z;-0,1865229;0;1
2022-07-05 11:00:00Z;-0,1307062;0;1
2022-07-06 11:00:00Z;-0,02246874;0;1
2022-07-07 11:00:00Z;0,09439584;0;1
2022-07-08 11:00:00Z;0,1662521;0;1
2022-07-09 11:00:00Z;0,1903417;0;1
2022-07-10 11:00:00Z;0,1903417;0;1
2022-07-11 11:00:00Z;0,118675;0;1
2022-07-12 11:00:00Z;0,0731375;0;1
2022-07-13 11:00:00Z;0,06565209;0;1
2022-07-14 11:00:00Z;0,06309584;0;1
2022-07-15 11:00:00Z;0,06054375;0;1
2022-07-16 11:00:00Z;0,0579875;0;1
2022-07-17 11:00:00Z;0,05543958;0;1
2022-07-18 11:00:00Z;0,05287917;0;1
2022-07-19 11:00:00Z;0,05033542;0;1
2022-07-20 11:00:00Z;0,04777084;0;1
2022-07-21 11:00:00Z;0,04522916;0;1
2022-07-22 11:00:00Z;0,04266042;0;1
2022-07-23 11:00:00Z;0,04012084;0;1
2022-07-24 11:00:00Z;0,03755625;0;1
2022-07-25 11:00:00Z;0,03453958;0;1
2022-07-26 11:00:00Z;0,03794375;0;1
2022-07-27 11:00:00Z;0,1437146;0;1
2022-07-28 11:00:00Z;0,1306021;0;1
2022-07-29 11:00:00Z;0,08992083;0;1
2022-07-30 11:00:00Z;0,0572375;0;1
2022-07-31 11:00:00Z;0,03649375;0;1
2022-08-01 11:00:00Z;0,03535001;0;1
2022-08-02 11:00:00Z;0,03923751;0;1
2022-08-03 11:00:00Z;0,03011459;0;1
2022-08-04 11:00:00Z;0,07868958;0;1
2022-08-05 11:00:00Z;0,09407917;0;1
2022-08-06 11:00:00Z;0,08034166;0;1
2022-08-07 11:00:00Z;0,1070833;0;1
2022-08-08 11:00:00Z;0,07125625;0;1
2022-08-09 11:00:00Z;-0,00809375;0;1
2022-08-10 11:00:00Z;0,06198125;0;1
2022-08-11 11:00:00Z;0,1533125;0;1
2022-08-12 11:00:00Z;0,09888957;0;1
2022-08-13 11:00:00Z;0,07468958;0;1
2022-08-14 11:00:00Z;0,06079584;0;1
2022-08-15 11:00:00Z;0,03325209;0;1
2022-08-16 11:00:00Z;-0,06195209;0;1
2022-08-17 11:00:00Z;-0,07910834;0;1
2022-08-18 11:00:00Z;-0,07998958;0;1
2022-08-19 11:00:00Z;-0,1840646;0;1
2022-08-20 11:00:00Z;-0,2992354;0;1
2022-08-21 11:00:00Z;-0,4084083;0;1
2022-08-22 11:00:00Z;-0,4589229;0;1
2022-08-23 11:00:00Z;-0,411823;0;1
2022-08-24 11:00:00Z;-0,3965521;0;1
2022-08-25 11:00:00Z;-0,3980646;0;1
2022-08-26 11:00:00Z;-0,4050083;0;1
2022-08-27 11:00:00Z;-0,4107251;0;1
2022-08-28 11:00:00Z;-0,408775;0;1
2022-08-29 11:00:00Z;-0,4138396;0;1
2022-08-30 11:00:00Z;-0,4565917;0;1
2022-08-31 11:00:00Z;-0,5088896;0;1
2022-09-01 11:00:00Z;-0,5581334;0;1
2022-09-02 11:00:00Z;-0,6131437;0;1
2022-09-03 11:00:00Z;-0,6693354;0;1
2022-09-04 11:00:00Z;-0,7266707;0;1
2022-09-05 11:00:00Z;-0,7827376;0;1
2022-09-06 11:00:00Z;-0,8445458;0;1
2022-09-07 11:00:00Z;-0,9485543;0;1
2022-09-08 11:00:00Z;-1,066377;0;1
2022-09-09 11:00:00Z;-1,18406;0;1
2022-09-10 11:00:00Z;-1,30131;0;1
2022-09-11 11:00:00Z;-1,415906;0;1
2022-09-12 11:00:00Z;-1,526731;0;1
2022-09-13 11:00:00Z;-1,625147;0;1
2022-09-14 11:00:00Z;;0;1
2022-09-15 11:00:00Z;-1,739469;0;1
2022-09-16 11:00:00Z;-1,767277;0;1
2022-09-17 11:00:00Z;-1,658181;0;1
2022-09-18 11:00:00Z;-1,59725;0;1
2022-09-19 11:00:00Z;-1,507431;0;1
2022-09-20 11:00:00Z;-1,453679;0;1
2022-09-21 11:00:00Z;;0;1
2022-09-22 11:00:00Z;;0;1
2022-09-23 11:00:00Z;-1,525736;0;1
2022-09-24 11:00:00Z;-1,532219;0;1
2022-09-25 11:00:00Z;-1,549891;0;1
2022-09-26 11:00:00Z;-1,57769;0;1
2022-09-27 11:00:00Z;-1,61276;0;1
2022-09-28 11:00:00Z;-1,655075;0;1
2022-09-29 11:00:00Z;-1,698471;0;1
2022-09-30 11:00:00Z;-1,740221;0;1
2022-10-01 11:00:00Z;-1,786458;0;1
2022-10-02 11:00:00Z;-1,831108;0;1
2022-10-03 11:00:00Z;-1,861702;0;1
2022-10-04 11:00:00Z;-1,840587;0;1
2022-10-05 11:00:00Z;-1,752585;0;1
2022-10-06 11:00:00Z;-1,699423;0;1
2022-10-07 11:00:00Z;-1,645294;0;1
2022-10-08 11:00:00Z;-1,533398;0;1
2022-10-09 11:00:00Z;-1,245619;0;1
2022-10-10 11:00:00Z;-1,121488;0;1
2022-10-11 11:00:00Z;-1,069331;0;1
2022-10-12 11:00:00Z;-0,9607447;0;1
2022-10-13 11:00:00Z;-0,9175856;0;1
2022-10-14 11:00:00Z;-0,8755084;0;1
2022-10-15 11:00:00Z;-0,8760271;0;1
2022-10-16 11:00:00Z;-0,883527;0;1
2022-10-17 11:00:00Z;-0,9061041;0;1
2022-10-18 11:00:00Z;-0,9238875;0;1
2022-10-19 11:00:00Z;-0,9339353;0;1
2022-10-20 11:00:00Z;-0,9079313;0;1
2022-10-21 11:00:00Z;-0,8861584;0;1
2022-10-22 11:00:00Z;-0,90075;0;1
2022-10-23 11:00:00Z;-0,9159438;0;1
2022-10-24 11:00:00Z;-0,9365666;0;1
2022-10-25 11:00:00Z;-0,9676647;0;1
2022-10-26 11:00:00Z;-1,004687;0;1
2022-10-27 11:00:00Z;-1,032313;0;1
2022-10-28 11:00:00Z;-1,04176;0;1
2022-10-29 11:00:00Z;-0,9606667;0;1
2022-10-30 11:00:00Z;-0,9222772;0;1
2022-10-31 11:00:00Z;-0,9450063;0;1
2022-11-01 11:00:00Z;-0,9542792;0;1
2022-11-02 11:00:00Z;-1,015019;0;1
2022-11-03 11:00:00Z;-1,049073;0;1
2022-11-04 11:00:00Z;-1,103577;0;1
2022-11-05 11:00:00Z;-1,187846;0;1
2022-11-06 11:00:00Z;-1,279552;0;1
2022-11-07 11:00:00Z;-1,373275;0;1
2022-11-08 11:00:00Z;-1,46995;0;1
2022-11-09 11:00:00Z;;0;1
2022-11-10 11:00:00Z;;0;1
2022-11-11 11:00:00Z;;0;1
2022-11-12 11:00:00Z;-1,578954;0;1
2022-11-13 11:00:00Z;-1,487675;0;1
2022-11-14 11:00:00Z;-1,487354;0;1
2022-11-15 11:00:00Z;;0;1
2022-11-16 11:00:00Z;;0;1
2022-11-17 11:00:00Z;-1,563873;0;1
2022-11-18 11:00:00Z;-1,600587;0;1
2022-11-19 11:00:00Z;-1,637861;0;1
2022-11-20 11:00:00Z;-1,678725;0;1
2022-11-21 11:00:00Z;-1,720367;0;1
2022-11-22 11:00:00Z;-1,760977;0;1
2022-11-23 11:00:00Z;-1,799893;0;1
2022-11-24 11:00:00Z;-1,839313;0;1
2022-11-25 11:00:00Z;-1,8776;0;1
2022-11-26 11:00:00Z;-1,915571;0;1
2022-11-27 11:00:00Z;-1,952781;0;1
2022-11-28 11:00:00Z;-1,986135;0;1
2022-11-29 11:00:00Z;-2,022917;0;1
2022-11-30 11:00:00Z;-2,061073;0;1
2022-12-01 11:00:00Z;-2,091602;0;1
2022-12-02 11:00:00Z;-2,129323;0;1
2022-12-03 11:00:00Z;-2,169231;0;1
2022-12-04 11:00:00Z;-2,206696;0;1
2022-12-05 11:00:00Z;-2,239696;0;1
2022-12-06 11:00:00Z;-2,263283;0;1
2022-12-07 11:00:00Z;-2,277348;0;1
2022-12-08 11:00:00Z;-2,299364;0;1
2022-12-09 11:00:00Z;-2,332335;0;1
2022-12-10 11:00:00Z;-2,366585;0;1
2022-12-11 11:00:00Z;-2,403488;0;1
2022-12-12 11:00:00Z;-2,438613;0;1
2022-12-13 11:00:00Z;-2,473313;0;1
2022-12-14 11:00:00Z;-2,510442;0;1
2022-12-15 11:00:00Z;-2,554283;0;1
2022-12-16 11:00:00Z;-2,597312;0;1
2022-12-17 11:00:00Z;-2,644225;0;1
2022-12-18 11:00:00Z;-2,690154;0;1
2022-12-19 11:00:00Z;-2,731777;0;1
2022-12-20 11:00:00Z;-2,758527;0;1
2022-12-21 11:00:00Z;-2,765785;0;1
2022-12-22 11:00:00Z;-2,7676;0;1
2022-12-23 11:00:00Z;-2,763888;0;1
2022-12-24 11:00:00Z;-2,780779;0;1
2022-12-25 11:00:00Z;-2,80519;0;1
2022-12-26 11:00:00Z;-2,83285;0;1
2022-12-27 11:00:00Z;-2,850644;0;1
2022-12-28 11:00:00Z;-2,869892;0;1
2022-12-29 11:00:00Z;-2,893883;0;1
2022-12-30 11:00:00Z;-2,907869;0;1
